assignment_ID,company_ID1,topic_assignment,deadline_assignment,interval_assignment,status_assignment,is_default_assignment,is_reoccurring_assignment,assignment_completed_at
A_4358d5f09e6d,C_87930d2c9f22,Pflichtschulungen,2024-11-30 00:00:00,null,ACTIVE,false,false,null
A_b3718108360d,C_87930d2c9f22,Pro on the Go,2024-08-31 00:00:00,24M,ACTIVE,false,true,null
A_f1885a95618d,C_8b391db2f616,Pflichtschulung,2022-12-31 00:00:00,24M,ACTIVE,false,true,null
A_227fb4c13173,C_d1cd73b81035,Ausserklinische Intensiv,2023-01-15 00:00:00,null,ACTIVE,false,false,null
A_2e585c75a4ee,C_2f606cb6f9aa,Pflichtschulung für alle Mitarbeiter ,2023-01-16 00:00:00,12M,ACTIVE,false,true,null
A_4f1ca6785610,C_2f606cb6f9aa,Pflichtfortbildung für alle Pflegehilskräfte Ambulant und Tagespflege ,2024-02-19 00:00:00,null,ACTIVE,false,false,null
A_d6019eefb24c,C_2f606cb6f9aa,Pflichtschulung für alle Pflegekräfte ,2023-02-07 00:00:00,null,ACTIVE,false,false,null
A_69855519a0e3,C_1fe704c0889b,Pflichtschulungen,null,null,DRAFT,false,false,null
A_e8a14d30b8a9,C_8b391db2f616,Pflichtschulung,2027-01-01 01:00:02.886,24M,ACTIVE,false,true,null
A_1a797db647b2,C_2f606cb6f9aa,Pflichtschulung ,2023-01-23 00:00:00,null,ACTIVE,false,false,null
A_7a7ae00bf62e,C_17ad2ad1c2e3,testpan,2023-01-18 00:00:00,6M,ACTIVE,false,false,null
A_67683fcfba6c,C_d1cf643b8824,Expertenstandards,2023-01-31 00:00:00,null,ACTIVE,false,false,null
A_1cee1213fa4f,C_bcfe56147ddb,Alltagsbegleitung,null,null,DRAFT,false,false,null
A_f3670b22643a,C_b94144bf2600,Hygiene,2023-01-27 00:00:00,null,ACTIVE,false,false,null
A_b91b8979b4fb,C_d1cf643b8824,Pflichtschulungen - Hygiene in der ambulanten Pflege ,2023-01-31 00:00:00,null,ACTIVE,false,false,null
A_99faa64f2ac3,C_8b391db2f616,Pflichtschullung,2023-02-28 00:00:00,null,ACTIVE,false,false,null
A_b8fa28ce9d38,C_8b391db2f616,Schullung,2023-03-31 00:00:00,null,ACTIVE,false,false,null
A_22f29cd14316,C_8b391db2f616,Expertenstandart,2023-02-28 00:00:00,null,ACTIVE,false,false,null
A_9665b6df0010,C_8b391db2f616,Expertenstandart,2023-03-31 00:00:00,null,ACTIVE,false,false,null
A_5fe2b333e036,C_8b391db2f616,Expertenstandart,2023-04-30 00:00:00,12M,ACTIVE,false,true,null
A_635d5447330e,C_8b391db2f616,Expertenstandart,2023-05-31 00:00:00,12M,ACTIVE,false,true,null
A_758a2248acd3,C_8b391db2f616,Expertenstandart,2023-06-30 00:00:00,null,ACTIVE,false,false,null
A_6c098f687436,C_8b391db2f616,Expertenstandart,2023-07-31 00:00:00,12M,ACTIVE,false,true,null
A_1fd5e5a64d78,C_8b391db2f616,Expertenstandart,2023-08-31 00:00:00,12M,ACTIVE,false,true,null
A_966e285deeaa,C_8b391db2f616,Expertenstandard,2023-03-31 00:00:00,null,ACTIVE,false,false,null
A_64416e6766a5,C_8b391db2f616,Expertenstandard,2023-09-30 00:00:00,null,ACTIVE,false,false,null
A_1ac8699ac364,C_8b391db2f616,Expertenstandard,2023-10-31 00:00:00,12M,ACTIVE,false,true,null
A_f6a25f6a36d4,C_8b391db2f616,Fortbildung für Pflegehelfer,2023-02-28 00:00:00,null,ACTIVE,false,false,null
A_3fba303c7898,C_8b391db2f616,Fortbildung für Pflegehelfer,2023-03-15 00:00:00,null,ACTIVE,false,false,null
A_27c334c151eb,C_8b391db2f616,Fortbildung für Pflegehelfer,2023-03-31 00:00:00,null,ACTIVE,false,false,null
A_43af3bd5d000,C_8b391db2f616,Fortbildung für Pflegehelfer,2023-04-30 00:00:00,null,ACTIVE,false,false,null
A_9ea21835af3b,C_8b391db2f616,Pflichtschulung ,2023-03-31 00:00:00,12M,COMPLETED,false,true,2025-09-17 13:13:36.72
A_2a57fe1bf954,C_8b391db2f616,Pflichtfortbildung,2023-04-30 00:00:00,12M,ACTIVE,false,true,null
A_b307687c6415,C_8b391db2f616,Pflichtschulung,2023-05-31 00:00:00,null,ACTIVE,false,false,null
A_a013db357018,C_8b391db2f616,Pflichtschulung,2023-06-30 00:00:00,12M,ACTIVE,false,true,null
A_15e5686cda1e,C_8b391db2f616,Pflichtschulung,2023-06-30 00:00:00,12M,ACTIVE,false,true,null
A_5794fe222bbf,C_8b391db2f616,Pflichtschulung,2023-07-31 00:00:00,12M,ACTIVE,false,true,null
A_0015af7c7c9c,C_8b391db2f616,Pflichtschulung,2023-08-31 00:00:00,12M,ACTIVE,false,true,null
A_a3210cc50141,C_8b391db2f616,Pflichtschulung,2023-09-30 00:00:00,12M,ACTIVE,false,true,null
A_e221713e53b8,C_8b391db2f616,Pflichtschulung,2023-10-31 00:00:00,12M,ACTIVE,false,true,null
A_c2c6d88483d8,C_8b391db2f616,Pflichtschulung,2023-11-30 00:00:00,12M,ACTIVE,false,true,null
A_86edf07e702f,C_8b391db2f616,Pflichtfortbildung,2023-12-31 00:00:00,12M,ACTIVE,false,true,null
A_1706468aa0e0,C_1a00b64e4f55,Pflichtfortbildungen ambulant,null,null,DRAFT,true,false,null
A_3ed741ba6f08,C_1a00b64e4f55,Pflichtfortbildungen stationär,null,null,DRAFT,true,false,null
A_9dec3b382442,C_3b80ef87a0b5,Meine Kurse,null,null,DRAFT,false,false,null
A_8083918b53ba,C_acbab3f1ef2b,Pflichtfortbildungen ambulant,null,null,COMPLETED,true,false,2024-10-17 13:18:25.092011
A_b98e7a580e61,C_acbab3f1ef2b,Pflichtfortbildungen stationär,null,null,DRAFT,true,false,null
A_47e7a230ee76,C_7a41ad5bddf1,Hygiene Teil I,2023-06-30 00:00:00,null,ACTIVE,true,false,null
A_06790f9e140e,C_7a41ad5bddf1,Pflichtfortbildungen stationär Teil I,2023-05-31 00:00:00,null,ACTIVE,true,false,null
A_f7e87fcaabf2,C_7a41ad5bddf1,Expertenstandards Teil I,2023-04-30 00:00:00,null,ACTIVE,false,false,null
A_0fa380a846a1,C_7a41ad5bddf1,Fortbildungen für Pflegehelfende Teil I,2023-04-30 00:00:00,null,ACTIVE,false,false,null
A_0d71731c819e,C_7a41ad5bddf1,Fahrdienst,2023-04-30 00:00:00,6M,ACTIVE,false,true,null
A_2832c98ca0d0,C_7a41ad5bddf1,Pflichtschulungen Pflegeassistenz Teil I,2023-05-31 00:00:00,12M,ACTIVE,false,true,null
A_084e37f84026,C_15f2d93e8370,Fortbildungen ambulant,2023-03-31 00:00:00,null,ACTIVE,true,false,null
A_ad04ee560018,C_15f2d93e8370,Expertenstandards 2025,null,12M,DRAFT,true,true,null
A_79045ea56cb8,C_da5789148960,Pflichtfortbildungen ambulant,null,null,DRAFT,true,false,null
A_e457451d9636,C_da5789148960,Pflichtfortbildungen stationär,null,null,DRAFT,true,false,null
A_40776e1b583e,C_d1cd73b81035,Lehrplan 1-3,2023-05-31 00:00:00,null,ACTIVE,false,false,null
A_2991fd98e919,C_d1cd73b81035,Lehrplan 4-6,2023-07-31 00:00:00,null,ACTIVE,false,false,null
A_44cd75e95171,C_587c7b01cdc6,Pflichtfortbildungen ambulant,null,null,DRAFT,true,false,null
A_d410b33c105f,C_587c7b01cdc6,Pflichtfortbildungen stationär,null,null,DRAFT,true,false,null
A_be4da7ef19d6,C_7b21b487d2d1,Pflichtfortbildungen ambulant,null,null,DRAFT,true,false,null
A_eaedfecba859,C_7b21b487d2d1,Pflichtfortbildungen stationär,null,null,DRAFT,true,false,null
A_184b10303dba,C_61f02d7dbe84,Pflichtfortbildungen ambulant,null,null,DRAFT,true,false,null
A_53cc59b5e459,C_61f02d7dbe84,Pflichtfortbildungen stationär,null,null,DRAFT,true,false,null
A_b2afdb4ffafe,C_407c1e7c947b,Pflichtfortbildungen ambulant,null,null,DRAFT,true,false,null
A_200fc5e7b801,C_407c1e7c947b,Pflichtfortbildungen stationär,null,null,DRAFT,true,false,null
A_afd1d993fe0a,C_50e0d94d849d,Pflichtfortbildungen ambulant,null,null,DRAFT,true,false,null
A_4c51be1309ef,C_50e0d94d849d,Pflichtfortbildungen stationär,null,null,DRAFT,true,false,null
A_1defd5ced1c3,C_b6acda424b9b,Pflichtfortbildungen ambulant,null,null,DRAFT,true,false,null
A_525fef627854,C_b6acda424b9b,Pflichtfortbildungen stationär,null,null,DRAFT,true,false,null
A_e61b46395c31,C_68bab9e9fdef,Pflichtfortbildungen ambulant,null,null,DRAFT,true,false,null
A_236c19d24f07,C_68bab9e9fdef,Pflichtfortbildungen stationär,null,null,DRAFT,true,false,null
A_583d8983c1bd,C_ce2a4c594dbb,Pflichtfortbildungen ambulant,null,null,DRAFT,true,false,null
A_92ec1b7197b6,C_ce2a4c594dbb,Pflichtfortbildungen stationär,null,null,DRAFT,true,false,null
A_1a47cea7965c,C_7311fd648ff4,Pflichtfortbildungen ambulant,null,null,DRAFT,true,false,null
A_5966655fb612,C_7311fd648ff4,Pflichtfortbildungen stationär,null,null,DRAFT,true,false,null
A_047c81bf1638,C_7ffa9c8eacad,Pflichtfortbildungen stationär,null,null,DRAFT,true,false,null
A_78b9b012ce66,C_517f070dc563,Pflichtfortbildungen ambulant,null,null,DRAFT,true,false,null
A_06281b437e6c,C_517f070dc563,Pflichtfortbildungen stationär,null,null,DRAFT,true,false,null
A_689fd7662c23,C_c4fae19d22dc,Pflichtfortbildungen ambulant,null,null,DRAFT,true,false,null
A_197e093cac1b,C_c4fae19d22dc,Pflichtfortbildungen stationär,null,null,DRAFT,true,false,null
A_fc9e9faf9e44,C_8c69fb87fa11,Pflichtfortbildungen ambulant,null,null,DRAFT,true,false,null
A_8f1e9e088f86,C_8c69fb87fa11,Pflichtfortbildungen stationär,null,null,DRAFT,true,false,null
A_9c21a2da646e,C_b2f7fb059ae7,Pflichtfortbildungen ambulant,null,null,DRAFT,true,false,null
A_bcee64399726,C_b2f7fb059ae7,Pflichtfortbildungen stationär,null,null,DRAFT,true,false,null
A_c042154bf0ba,C_e39d59842c21,Pflichtfortbildungen ambulant,2023-06-30 00:00:00,null,ACTIVE,true,false,null
A_14ed6b30df00,C_e39d59842c21,Pflichtfortbildungen stationär,null,null,DRAFT,true,false,null
A_4a2871cffe75,C_72ef0e4cb818,Pflichtfortbildungen ambulant,null,null,DRAFT,true,false,null
A_b7f9df19567d,C_72ef0e4cb818,Pflichtfortbildungen stationär,null,null,DRAFT,true,false,null
A_d78b20e41fd9,C_ddcda094a6fd,Pflichtfortbildungen ambulant,null,null,DRAFT,true,false,null
A_948f1875ec7d,C_ddcda094a6fd,Pflichtfortbildungen stationär,null,null,DRAFT,true,false,null
A_5d6a6caaceb4,C_d1cd73b81035,Lehrplan 7-9,2023-10-31 00:00:00,null,ACTIVE,false,false,null
A_e3b50ee26074,C_e962af0f970f,Pflichtfortbildungen ambulant,null,null,DRAFT,true,false,null
A_d1ff4e4d0bb1,C_e962af0f970f,Pflichtfortbildungen stationär,null,null,DRAFT,true,false,null
A_031af6f09e94,C_c576599d6f30,Pflichtfortbildungen ambulant,null,null,DRAFT,true,false,null
A_95cb4193c426,C_c576599d6f30,Pflichtfortbildungen stationär,null,null,DRAFT,true,false,null
A_c1b5ac950644,C_3df7710f8253,Pflichtfortbildungen ambulant,null,null,DRAFT,true,false,null
A_4c48338723c4,C_3df7710f8253,Pflichtfortbildungen stationär,null,null,DRAFT,true,false,null
A_5ea1c89cd42c,C_9fc6ef9f5a41,Pflichtfortbildungen ambulant,null,null,DRAFT,true,false,null
A_7d98a505e840,C_9fc6ef9f5a41,Pflichtfortbildungen stationär,null,null,DRAFT,true,false,null
A_926386e629df,C_d8b26e4b5998,Pflichtfortbildungen ambulant,null,null,DRAFT,true,false,null
A_54c847018b96,C_d8b26e4b5998,Pflichtfortbildungen stationär,null,null,DRAFT,true,false,null
A_ed6724027b91,C_d8b26e4b5998,S & J ambulant Pflicht,2023-06-01 00:00:00,12M,ACTIVE,false,true,null
A_b9db7dd23d63,C_58acb3c36375,Pflichtfortbildungen ambulant,null,null,DRAFT,true,false,null
A_2f79e3cbb568,C_58acb3c36375,Pflichtfortbildungen stationär,null,null,DRAFT,true,false,null
A_1315ac37e167,C_5b09bf97f779,Pflichtfortbildungen ambulant,null,null,DRAFT,true,false,null
A_8fe526685869,C_5b09bf97f779,Pflichtfortbildungen stationär,null,null,DRAFT,true,false,null
A_cdcbd56c02a5,C_4d745e4be1d9,Pflichtfortbildungen ambulant,null,null,DRAFT,true,false,null
A_e41c2c04df2c,C_4d745e4be1d9,Pflichtfortbildungen stationär,null,null,DRAFT,true,false,null
A_f9bdb50571fd,C_5b09bf97f779,Testeinheiten,2023-06-01 00:00:00,null,ACTIVE,false,false,null
A_3445355b5588,C_7e6283cf6962,Pflichtfortbildungen ambulant,null,null,DRAFT,true,false,null
A_3f417793d616,C_7e6283cf6962,Pflichtfortbildungen stationär,null,null,DRAFT,true,false,null
A_e2c13e53aaa7,C_2f676c693e03,Pflichtfortbildungen ambulant,2024-01-11 00:00:00,null,ACTIVE,true,false,null
A_4a73ee41b7ac,C_2f676c693e03,Pflichtfortbildungen stationär,null,null,DRAFT,true,false,null
A_305f93a151b4,C_00a845b35e9b,Pflichtfortbildungen ambulant,null,null,DRAFT,true,false,null
A_b1372a7c6e74,C_00a845b35e9b,Pflichtfortbildungen stationär,null,null,DRAFT,true,false,null
A_9ff34f33d976,C_4db60c86a724,Pflichtfortbildungen ambulant,2024-02-29 00:00:00,6M,ACTIVE,true,true,null
A_6789ef3e7269,C_4db60c86a724,Pflichtfortbildungen stationär,null,null,DRAFT,true,false,null
A_d229a2f6755e,C_4db60c86a724,Expertenstandards,2023-10-31 00:00:00,12M,ACTIVE,false,true,null
A_1711ba995d0d,C_90f2829bbb82,Pflichtfortbildungen ambulant,null,null,DRAFT,true,false,null
A_4417f085466e,C_90f2829bbb82,Pflichtfortbildungen stationär,null,null,DRAFT,true,false,null
A_582ee82390a7,C_fd0445473535,Pflichtfortbildungen ambulant,null,null,DRAFT,true,false,null
A_f3209b5b32ab,C_fd0445473535,Pflichtfortbildungen stationär,null,null,DRAFT,true,false,null
A_e1f6d83b010d,C_49bf135afd5d,Pflichtfortbildungen ambulant,2024-05-03 00:00:00,null,ACTIVE,true,false,null
A_11d0143f4645,C_49bf135afd5d,Pflichtfortbildungen stationär,null,null,DRAFT,true,false,null
A_1c77e0491322,C_7d81f5fb0025,Pflichtfortbildungen ambulant,null,null,DRAFT,true,false,null
A_2509cfe539cc,C_7d81f5fb0025,Pflichtfortbildungen stationär,null,null,DRAFT,true,false,null
A_df8e57c1445e,C_bd414d37fe4c,Pflichtfortbildungen ambulant,null,null,DRAFT,true,false,null
A_4cbd035f784c,C_bd414d37fe4c,Pflichtfortbildungen stationär,null,null,DRAFT,true,false,null
A_afa72cf0a39a,C_b5746be227cc,Pflichtfortbildungen ambulant,null,null,DRAFT,true,false,null
A_7617d95dde3c,C_b5746be227cc,Pflichtfortbildungen stationär,null,null,DRAFT,true,false,null
A_3079b0a6e547,C_14d496fac0ed,Pflichtfortbildungen ambulant,null,null,DRAFT,true,false,null
A_8586bf26a2c3,C_14d496fac0ed,Pflichtfortbildungen stationär,null,null,DRAFT,true,false,null
A_f05f8cbe9a55,C_e57463d736fd,Pflichtfortbildungen ambulant,null,null,DRAFT,true,false,null
A_daf3dc802336,C_e57463d736fd,Pflichtfortbildungen stationär,null,null,DRAFT,true,false,null
A_7d709e171b76,C_59319d010164,Pflichtfortbildungen ambulant,null,null,DRAFT,true,false,null
A_c8f54edcb831,C_59319d010164,Pflichtfortbildungen stationär,null,null,DRAFT,true,false,null
A_87ff79e78cdf,C_8e1a3b86d410,Pflichtfortbildungen ambulant,null,null,DRAFT,true,false,null
A_194188b6a2f7,C_8e1a3b86d410,Pflichtfortbildungen stationär,null,null,DRAFT,true,false,null
A_a5d8da81185b,C_87930d2c9f22,Fortbildungsplan 2024 ,2024-12-31 00:00:00,null,ACTIVE,false,false,null
A_c675090cc40d,C_b54fb66700cc,Pflichtfortbildungen ambulant,null,null,DRAFT,true,false,null
A_0bea643841f5,C_b54fb66700cc,Pflichtfortbildungen stationär,null,null,DRAFT,true,false,null
A_f94e38d27432,C_27978f3b36f4,Pflichtfortbildungen ambulant,null,null,DRAFT,true,false,null
A_c59c80702923,C_27978f3b36f4,Pflichtfortbildungen stationär,null,null,DRAFT,true,false,null
A_c756fbce7ffe,C_b19edb12bb39,Pflichtfortbildungen ambulant,null,null,DRAFT,true,false,null
A_fe31c4992205,C_b19edb12bb39,Pflichtfortbildungen stationär,null,null,DRAFT,true,false,null
A_f684b0ae691e,C_8a4a19ad67bb,Pflichtfortbildungen ambulant,null,null,DRAFT,true,false,null
A_c88adb3bb6c2,C_8a4a19ad67bb,Pflichtfortbildungen stationär,null,null,DRAFT,true,false,null
A_ccbbbc8c6def,C_68aae68411c1,Pflichtfortbildungen ambulant,null,null,DRAFT,true,false,null
A_f2ffdb3d3ec0,C_68aae68411c1,Pflichtfortbildungen stationär,null,null,DRAFT,true,false,null
A_d1833a311441,C_5d00c5ef2e95,Pflichtfortbildungen ambulant,null,null,DRAFT,true,false,null
A_150b62c49c24,C_5d00c5ef2e95,Pflichtfortbildungen stationär,null,null,DRAFT,true,false,null
A_a61bf0cd7fdd,C_7b0c7251d068,Pflichtfortbildungen ambulant,null,null,DRAFT,true,false,null
A_456177271c38,C_7b0c7251d068,Pflichtfortbildungen stationär,null,null,DRAFT,true,false,null
A_63ea27b54c36,C_c4f1b36ab09f,Pflichtfortbildungen ambulant,null,null,DRAFT,true,false,null
A_cb582f3007a3,C_c4f1b36ab09f,Pflichtfortbildungen stationär,null,null,DRAFT,true,false,null
A_d8f4387e7c4c,C_9b5f72d05196,Pflichtfortbildungen ambulant,null,null,DRAFT,true,false,null
A_ceeeadbf6cd6,C_9b5f72d05196,Pflichtfortbildungen stationär,null,null,DRAFT,true,false,null
A_7af14387db3a,C_daa757a555a9,Pflichtfortbildungen ambulant,null,null,DRAFT,true,false,null
A_de7c1d074402,C_daa757a555a9,Pflichtfortbildungen stationär,null,null,DRAFT,true,false,null
A_621918bfbe0a,C_daa757a555a9,SIS,2023-07-31 00:00:00,null,COMPLETED,false,false,2024-10-17 13:18:25.092011
A_b57a61e9af39,C_daa757a555a9,Fachbezogenes Deutsch,2023-08-17 00:00:00,null,COMPLETED,false,false,2024-10-17 13:18:25.092011
A_5d8c24434f84,C_2f2e85a96dfc,Pflichtfortbildungen 4-7,2023-12-31 00:00:00,null,ACTIVE,false,false,null
A_68348289c846,C_99e298ee9cc3,Pflichtfortbildungen ambulant,null,null,DRAFT,true,false,null
A_74f302f36d94,C_99e298ee9cc3,Pflichtfortbildungen stationär,null,null,DRAFT,true,false,null
A_2dcee8277cd3,C_a7c7ec17a30d,Pflichtfortbildungen ambulant,null,null,DRAFT,true,false,null
A_886add737e09,C_a7c7ec17a30d,Pflichtfortbildungen stationär,null,null,DRAFT,true,false,null
A_0675f04268fb,C_a025fb6cc50a,Pflichtfortbildungen ambulant,null,null,DRAFT,true,false,null
A_e7de2e0d75f5,C_a025fb6cc50a,Pflichtfortbildungen stationär,null,null,DRAFT,true,false,null
A_f0a42db827fa,C_c75e2b3b7a9a,Pflichtfortbildungen ambulant,null,null,DRAFT,true,false,null
A_a0a9d10e261d,C_c75e2b3b7a9a,Pflichtfortbildungen stationär,null,null,DRAFT,true,false,null
A_939d0ab49c8e,C_fb74f17b2814,Pflichtfortbildungen ambulant,null,null,DRAFT,true,false,null
A_9ef17d60c2cb,C_fb74f17b2814,Pflichtfortbildungen stationär,null,null,DRAFT,true,false,null
A_2ca303f3f293,C_7edefcc7dd23,Pflichtfortbildungen ambulant,null,null,DRAFT,true,false,null
A_92e9efbed105,C_7edefcc7dd23,Pflichtfortbildungen stationär,null,null,DRAFT,true,false,null
A_b029175a17c6,C_6381023d12b1,Pflichtfortbildungen ambulant,null,null,DRAFT,true,false,null
A_cd88d9e20b63,C_6381023d12b1,Pflichtfortbildungen stationär,null,null,DRAFT,true,false,null
A_ffe7a5f36370,C_3361702d780d,Pflichtfortbildungen ambulant,null,null,DRAFT,true,false,null
A_17365349e0cd,C_3361702d780d,Pflichtfortbildungen stationär,null,null,DRAFT,true,false,null
A_61da563ce3dd,C_75970f1c1e1e,Pflichtfortbildungen ambulant,null,null,DRAFT,true,false,null
A_2b39bd6681a0,C_75970f1c1e1e,Pflichtfortbildungen stationär,null,null,DRAFT,true,false,null
A_0169048a3943,C_75970f1c1e1e,basis,2023-08-31 00:00:00,6M,ACTIVE,false,true,null
A_0af14aede29a,C_132afc956d8c,Pflichtfortbildungen ambulant,null,null,DRAFT,true,false,null
A_b4975c71e032,C_132afc956d8c,Pflichtfortbildungen stationär,null,null,DRAFT,true,false,null
A_17edf132a662,C_4b75f7abcd5d,Pflichtfortbildungen ambulant,null,null,DRAFT,true,false,null
A_74b4a24f6253,C_4b75f7abcd5d,Pflichtfortbildungen stationär,null,null,DRAFT,true,false,null
A_4539be6f0089,C_5b6119d4cc31,Pflichtfortbildungen ambulant,null,null,DRAFT,true,false,null
A_057e5f4ad27f,C_5b6119d4cc31,Pflichtfortbildungen stationär,null,null,DRAFT,true,false,null
A_27fdc1d72dce,C_5b6119d4cc31,Pflege,2023-10-01 00:00:00,12M,ACTIVE,false,true,null
A_1cd075301e99,C_58aae47a5773,Pflichtfortbildungen ambulant,null,null,DRAFT,true,false,null
A_aa0d0a524c9a,C_58aae47a5773,Pflegehelfer,2025-01-23 00:00:00,null,ACTIVE,true,false,null
A_1202383f1e26,C_f318d7cf782a,Pflichtfortbildungen ambulant,null,null,DRAFT,true,false,null
A_5ff37235e19f,C_f318d7cf782a,Pflichtfortbildungen stationär,null,null,DRAFT,true,false,null
A_f9309b65ab4a,C_e4ae27f2e302,Pflichtfortbildungen ambulant,null,null,DRAFT,true,false,null
A_89dc0c736993,C_e4ae27f2e302,Pflichtfortbildungen stationär,null,null,DRAFT,true,false,null
A_38cc941840c8,C_996b2b260006,Pflichtfortbildungen ambulant,null,null,DRAFT,true,false,null
A_aac3629e3759,C_996b2b260006,Pflichtfortbildungen stationär,null,null,DRAFT,true,false,null
A_1c55c96c780f,C_97d07376946c,Pflichtfortbildungen ambulant,null,null,DRAFT,true,false,null
A_8d165b27930a,C_97d07376946c,Pflichtfortbildungen stationär,null,null,DRAFT,true,false,null
A_88a5d617f11f,C_426c8aea7c77,Pflichtfortbildungen ambulant,null,null,DRAFT,true,false,null
A_0758f4659939,C_426c8aea7c77,Pflichtfortbildungen stationär,null,null,DRAFT,true,false,null
A_3d969fe336eb,C_ee81a2bfd8db,Pflichtfortbildungen ambulant,null,null,DRAFT,true,false,null
A_d6747a41830b,C_ee81a2bfd8db,Pflichtfortbildungen stationär,null,null,DRAFT,true,false,null
A_8eb0d7fe7581,C_e254437a785a,Pflichtfortbildungen ambulant,null,null,DRAFT,true,false,null
A_4cdb767a311c,C_e254437a785a,Pflichtfortbildungen stationär,null,null,DRAFT,true,false,null
A_268a9a14bf5c,C_eb43d55062f6,Pflichtfortbildungen ambulant,null,null,DRAFT,true,false,null
A_47e431fd248c,C_eb43d55062f6,Pflichtfortbildungen stationär,null,null,DRAFT,true,false,null
A_59513feef65c,C_82b558082607,Pflichtfortbildungen ambulant,null,null,DRAFT,true,false,null
A_2599f7be7f2a,C_82b558082607,Pflichtfortbildungen stationär,null,null,DRAFT,true,false,null
A_13bf0865bddf,C_e1c47372ca5b,Pflichtfortbildungen ambulant,null,null,DRAFT,true,false,null
A_4cb584d8ae75,C_e1c47372ca5b,Pflichtfortbildungen stationär,null,null,DRAFT,true,false,null
A_2a575a2ff5d7,C_3d99d016197d,Pflichtfortbildungen ambulant,null,null,DRAFT,true,false,null
A_7e15289488e5,C_3d99d016197d,Pflichtfortbildungen stationär,null,null,DRAFT,true,false,null
A_864ab1be5f87,C_1625c88b2e67,Pflichtfortbildungen ambulant,null,null,DRAFT,true,false,null
A_43a7297af7e7,C_1625c88b2e67,Pflichtfortbildungen stationär,null,null,DRAFT,true,false,null
A_1e089d41bc68,C_1c479bee97ad,Pflichtfortbildungen ambulant,null,null,DRAFT,true,false,null
A_39f7f9f0d48a,C_1c479bee97ad,Pflichtfortbildungen stationär,null,null,DRAFT,true,false,null
A_2a59fc428e32,C_231269ba465f,Pflichtfortbildungen ambulant,null,null,DRAFT,true,false,null
A_b2be490cad67,C_231269ba465f,Pflichtfortbildungen stationär,null,null,DRAFT,true,false,null
A_3fedf3bcfd46,C_f0078e251c33,Pflichtfortbildungen ambulant,null,null,DRAFT,true,false,null
A_3f5c7cda61ec,C_f0078e251c33,Pflichtfortbildungen stationär,null,null,DRAFT,true,false,null
A_43c51d9c5f73,C_fbef286b7128,Pflichtfortbildungen ambulant,null,null,DRAFT,true,false,null
A_99887d60839d,C_fbef286b7128,Pflichtfortbildungen stationär,null,null,DRAFT,true,false,null
A_c0ff83c4c4b9,C_19913626081c,Pflichtfortbildungen ambulant,null,null,DRAFT,true,false,null
A_0e59a284297b,C_19913626081c,Pflichtfortbildungen stationär,null,null,DRAFT,true,false,null
A_7cc6a5e8b88b,C_13dba477d45b,Pflichtfortbildungen ambulant,null,null,DRAFT,true,false,null
A_243e8bd02602,C_13dba477d45b,Pflichtfortbildungen stationär,null,null,DRAFT,true,false,null
A_fa3a6bbd76cc,C_c9e219dcd8ba,Pflichtfortbildungen ambulant,null,null,DRAFT,true,false,null
A_b3b0b34b03fe,C_c9e219dcd8ba,Pflichtfortbildungen stationär,null,null,DRAFT,true,false,null
A_43174b408ba7,C_00a553552520,Pflichtfortbildungen ambulant,null,null,DRAFT,true,false,null
A_6922b9b8a66b,C_00a553552520,Pflichtfortbildungen stationär,null,null,DRAFT,true,false,null
A_963dc3d5c4a5,C_bab2427a28d8,Pflichtfortbildungen ambulant,null,null,DRAFT,true,false,null
A_84c70c37996b,C_bab2427a28d8,Pflichtfortbildungen stationär,null,null,DRAFT,true,false,null
A_74a591d7062d,C_3e87e2b8ffd6,Pflichtfortbildungen ambulant,null,null,DRAFT,true,false,null
A_4ef912011a76,C_3e87e2b8ffd6,Pflichtfortbildungen stationär,2023-10-01 00:00:00,null,ACTIVE,true,false,null
A_b229aed09c3e,C_9baff160725b,Pflichtfortbildungen ambulant,null,null,DRAFT,true,false,null
A_9cb917554a81,C_9baff160725b,Pflichtfortbildungen stationär,null,null,DRAFT,true,false,null
A_a621d43f772a,C_2e9e636c4e00,Pflichtfortbildungen ambulant,2023-09-30 00:00:00,null,ACTIVE,true,false,null
A_16d21f8c548a,C_2e9e636c4e00,Pflichtfortbildungen stationär,null,null,DRAFT,true,false,null
A_c15f0f82daa0,C_2e9e636c4e00,schulungen,2023-08-22 00:00:00,null,ACTIVE,false,false,null
A_fb61e263f8c9,C_2e9e636c4e00,Pat bezogen,2023-10-31 00:00:00,null,ACTIVE,false,false,null
A_add3969899dd,C_442bc35f7b8a,Pflichtfortbildungen ambulant,null,null,DRAFT,true,false,null
A_190d1827af63,C_442bc35f7b8a,Pflichtfortbildungen stationär,null,null,DRAFT,true,false,null
A_43f61be6b21d,C_f97bdfcccb08,Pflichtfortbildungen ambulant,null,null,DRAFT,true,false,null
A_e07fed73084a,C_f97bdfcccb08,Pflichtfortbildungen stationär,null,null,DRAFT,true,false,null
A_2d1eff3a0ece,C_f85cdeca5230,Pflichtfortbildungen ambulant,null,null,DRAFT,true,false,null
A_b620c3381544,C_f85cdeca5230,Pflichtfortbildungen stationär,null,null,DRAFT,true,false,null
A_2f1f0fba5c60,C_6381023d12b1,Pflichtschulung,2023-08-29 00:00:00,null,ACTIVE,false,false,null
A_84efddafdd7e,C_6381023d12b1,Pflichtschulung,2023-08-31 00:00:00,null,ACTIVE,false,false,null
A_55f7051296da,C_6381023d12b1,Pflichtschulung,2023-08-31 00:00:00,null,ACTIVE,false,false,null
A_13bf64df9605,C_8246decd3aa3,Pflichtfortbildungen ambulant,null,null,DRAFT,true,false,null
A_de63120fbc23,C_8246decd3aa3,Pflichtfortbildungen stationär,null,null,DRAFT,true,false,null
A_85a917208b4f,C_2b114d5c19aa,Pflichtfortbildungen ambulant,null,null,DRAFT,true,false,null
A_b13b996777a6,C_2b114d5c19aa,Pflichtfortbildungen stationär,null,null,DRAFT,true,false,null
A_01b37446f623,C_16d84a4729c6,Pflichtfortbildungen ambulant,null,null,DRAFT,true,false,null
A_52bd7c68611a,C_16d84a4729c6,Pflichtfortbildungen stationär,null,null,DRAFT,true,false,null
A_c57521b5fae9,C_5115e3b28a64,Pflichtfortbildungen ambulant,null,null,DRAFT,true,false,null
A_79954889edf5,C_5115e3b28a64,Pflichtfortbildungen stationär,null,null,DRAFT,true,false,null
A_f1d76478d3ce,C_ae64f7b3fa88,Pflichtfortbildungen ambulant,null,null,DRAFT,true,false,null
A_0d5081b4ca69,C_ae64f7b3fa88,Pflichtfortbildungen stationär,null,null,DRAFT,true,false,null
A_1d132c855e0e,C_5a3328071ec0,Pflichtfortbildungen ambulant,null,null,DRAFT,true,false,null
A_093ff0cad0fd,C_5a3328071ec0,Pflichtfortbildungen stationär,null,null,DRAFT,true,false,null
A_237ddc852d9b,C_e47b82018e08,Pflichtfortbildungen ambulant,null,null,DRAFT,true,false,null
A_b3c7912625f4,C_e47b82018e08,Pflichtfortbildungen stationär,null,null,DRAFT,true,false,null
A_fbbb06e5af4f,C_87ad5a83e71b,Pflichtfortbildungen ambulant,null,null,DRAFT,true,false,null
A_70feca4dc8f7,C_87ad5a83e71b,Pflichtfortbildungen stationär,null,null,DRAFT,true,false,null
A_9cbb55c5e8de,C_663bbfe04cee,Pflichtfortbildungen ambulant,null,null,DRAFT,true,false,null
A_68b3389cbc0f,C_663bbfe04cee,Pflichtfortbildungen stationär,null,null,DRAFT,true,false,null
A_324107d2e859,C_ac637e948049,Pflichtfortbildungen ambulant,null,null,DRAFT,true,false,null
A_d4849d3d09fe,C_ac637e948049,Pflichtfortbildungen stationär,null,null,DRAFT,true,false,null
A_9d57c87ae912,C_ac00a0ae9a1e,Pflichtfortbildungen ambulant,null,null,DRAFT,true,false,null
A_cbe263a8f775,C_ac00a0ae9a1e,Pflichtfortbildungen stationär,null,null,DRAFT,true,false,null
A_59fd872c5d26,C_59601d3b9947,Pflichtfortbildungen ambulant,null,null,DRAFT,true,false,null
A_010c87a76e9e,C_59601d3b9947,Pflichtfortbildungen stationär,null,null,DRAFT,true,false,null
A_727ff26d501d,C_729d6c20b1f2,Pflichtfortbildungen ambulant,null,null,DRAFT,true,false,null
A_690365f00964,C_729d6c20b1f2,Pflichtfortbildungen stationär,null,null,DRAFT,true,false,null
A_fd743f82aa41,C_6bcd45cadec4,Pflichtfortbildungen ambulant,null,null,DRAFT,true,false,null
A_7bfab2737515,C_6bcd45cadec4,Pflichtfortbildungen stationär,null,null,DRAFT,true,false,null
A_d50f5b8c1352,C_fb65c08015d5,Pflichtfortbildungen ambulant,null,null,DRAFT,true,false,null
A_121692ff91f0,C_fb65c08015d5,Pflichtfortbildungen stationär,null,null,DRAFT,true,false,null
A_3bcfeea2711a,C_d9dd46b2cdf4,Pflichtfortbildungen ambulant,null,null,DRAFT,true,false,null
A_edd723a0e050,C_d9dd46b2cdf4,Pflichtfortbildungen stationär,null,null,DRAFT,true,false,null
A_38c2b2a80693,C_681bbb160775,Pflichtfortbildungen ambulant,null,null,DRAFT,true,false,null
A_7021c3b6aa07,C_681bbb160775,Pflichtfortbildungen stationär,null,null,DRAFT,true,false,null
A_59d8c6c9c19b,C_6ce0fc344a04,Pflichtfortbildungen ambulant,null,null,DRAFT,true,false,null
A_5f54cf6471d6,C_6ce0fc344a04,Pflichtfortbildungen stationär,null,null,DRAFT,true,false,null
A_78375aa8b999,C_a36c3164c7e0,Pflichtfortbildungen ambulant,null,null,DRAFT,true,false,null
A_c90635deb0e1,C_a36c3164c7e0,Pflichtfortbildungen stationär,null,null,DRAFT,true,false,null
A_d368d0b093e3,C_d76b591ee6e6,Pflichtfortbildungen ambulant,null,null,DRAFT,true,false,null
A_33792e5493fb,C_d76b591ee6e6,Pflichtfortbildungen stationär,null,null,DRAFT,true,false,null
A_8922b638e250,C_79b269dc89d2,Pflichtfortbildungen ambulant,null,null,DRAFT,true,false,null
A_ece8a61f0d4c,C_79b269dc89d2,Pflichtfortbildungen stationär,null,null,DRAFT,true,false,null
A_8b23eec908d6,C_b1c955dd0b00,Pflichtfortbildungen ambulant,null,null,DRAFT,true,false,null
A_4a352a2da796,C_b1c955dd0b00,Pflichtfortbildungen stationär,null,null,DRAFT,true,false,null
A_7a8b0741b8a4,C_edb3386ce53b,Pflichtfortbildungen ambulant,null,null,DRAFT,true,false,null
A_fa667f038fe7,C_edb3386ce53b,Pflichtfortbildungen stationär,null,null,DRAFT,true,false,null
A_71a387da1e10,C_68432ff47a6b,Pflichtfortbildungen ambulant,null,null,DRAFT,true,false,null
A_be9e1530fa62,C_68432ff47a6b,Pflichtfortbildungen stationär,null,null,DRAFT,true,false,null
A_69f4a2cf718d,C_085118e8345a,Pflichtfortbildungen ambulant,null,null,DRAFT,true,false,null
A_4ca0d64b9b22,C_085118e8345a,Pflichtfortbildungen stationär,null,null,DRAFT,true,false,null
A_7cfbfb369b43,C_3998454cd4ea,Pflichtfortbildungen ambulant,null,null,DRAFT,true,false,null
A_f931b9315aa5,C_3998454cd4ea,Pflichtfortbildungen stationär,null,null,DRAFT,true,false,null
A_b96559376f57,C_e2f50c710b54,Unterricht ,null,null,DRAFT,false,false,null
A_8dcb707f9e24,C_70b176e7acd7,Expertenstandards,2024-09-15 00:00:00,12M,ACTIVE,false,true,null
A_ea68d29a9d73,C_bef5a11610dd,Pflichtfortbildungen ambulant,null,null,DRAFT,true,false,null
A_68083ebf4ba7,C_bef5a11610dd,Pflichtfortbildungen stationär,null,null,DRAFT,true,false,null
A_42bca3c2e4a4,C_1b4dbef21485,Pflichtfortbildungen ambulant,null,null,DRAFT,true,false,null
A_b47fa8341c7e,C_1b4dbef21485,Pflichtfortbildungen stationär,null,null,DRAFT,true,false,null
A_7c11f185e2be,C_c2dd87119973,Pflichtfortbildungen ambulant,null,null,DRAFT,true,false,null
A_357e28035070,C_c2dd87119973,Pflichtfortbildungen stationär,null,null,DRAFT,true,false,null
A_f3646a741b76,C_b54fb66700cc,Pflichtweiterbildungen,2023-12-31 00:00:00,null,ACTIVE,false,false,null
A_1a71602debb6,C_99089b21d19f,Pflichtfortbildungen ambulant,null,null,DRAFT,true,false,null
A_4cadbebc12b1,C_99089b21d19f,Pflichtfortbildungen stationär,null,null,DRAFT,true,false,null
A_42af0b43bfaf,C_b7ade98adcae,Pflichtfortbildungen ambulant,null,null,DRAFT,true,false,null
A_edcc751b9269,C_b7ade98adcae,Pflichtfortbildungen stationär,null,null,DRAFT,true,false,null
A_7d339cada0a0,C_80890e07c1af,Pflichtfortbildungen ambulant,null,null,DRAFT,true,false,null
A_91516598a73c,C_80890e07c1af,Pflichtfortbildungen stationär,null,null,DRAFT,true,false,null
A_1cd7bc5b0e22,C_df45b9c11a39,Pflichtfortbildungen ambulant,null,null,DRAFT,true,false,null
A_2baecf2d8ba2,C_df45b9c11a39,Pflichtfortbildungen stationär,null,null,DRAFT,true,false,null
A_dace8873ebad,C_50fcf3195b21,Pflichtfortbildungen ambulant,null,12M,DRAFT,true,true,null
A_781a138c9a6e,C_50fcf3195b21,Pflichtfortbildungen stationär,null,null,DRAFT,true,false,null
A_77d53362029b,C_dde1821ec5ca,Pflichtfortbildungen ambulant,null,null,DRAFT,true,false,null
A_1c33669ffd28,C_dde1821ec5ca,Pflichtfortbildungen stationär,null,null,DRAFT,true,false,null
A_5de7fc5e3818,C_65f00a9d46ca,Pflichtfortbildungen ambulant,null,null,DRAFT,true,false,null
A_383caa5c8b84,C_65f00a9d46ca,Pflichtfortbildungen stationär,null,null,DRAFT,true,false,null
A_0d69041aed83,C_2e16a3ecde5d,Pflichtfortbildungen ambulant,null,null,DRAFT,true,false,null
A_7c586ea91c8a,C_2e16a3ecde5d,Pflichtfortbildungen stationär,null,null,DRAFT,true,false,null
A_a5c31e1c1e96,C_da062412b01a,Pflichtfortbildungen ambulant,null,null,DRAFT,true,false,null
A_6689d8ce5c42,C_da062412b01a,Pflichtfortbildungen stationär,null,null,DRAFT,true,false,null
A_a6eb42162cc4,C_8ef4336d768f,Pflichtfortbildungen ambulant,null,null,DRAFT,true,false,null
A_7b00386c93bf,C_8ef4336d768f,Pflichtfortbildungen stationär,null,null,DRAFT,true,false,null
A_b4d2425f5b58,C_d061cacb9de5,Pflichtfortbildungen ambulant,null,null,DRAFT,true,false,null
A_6201f9be351a,C_d061cacb9de5,Pflichtfortbildungen stationär,null,null,DRAFT,true,false,null
A_fb4240f8dd4b,C_1fec5d3e1f2e,Pflichtfortbildungen ambulant,null,null,DRAFT,true,false,null
A_c104456cf4f7,C_1fec5d3e1f2e,Pflichtfortbildungen stationär,null,null,DRAFT,true,false,null
A_98952d6342ab,C_010bbd36bbb2,Pflichtfortbildungen ambulant,null,null,DRAFT,true,false,null
A_a08669d49d2c,C_010bbd36bbb2,Pflichtfortbildungen stationär,null,null,DRAFT,true,false,null
A_822f9bad05c4,C_ce1036cd92c3,Pflichtfortbildungen ambulant,null,null,DRAFT,true,false,null
A_ad3058a23a51,C_ce1036cd92c3,Pflichtfortbildungen stationär,null,null,DRAFT,true,false,null
A_b19a72dfc776,C_03ac66716737,Pflichtfortbildungen ambulant,null,null,DRAFT,true,false,null
A_d5d4918bf75b,C_03ac66716737,Pflichtfortbildungen stationär,null,null,DRAFT,true,false,null
A_a9a093d76132,C_c5235444ea08,Pflichtfortbildungen ambulant,null,null,DRAFT,true,false,null
A_f8c3438b8097,C_c5235444ea08,Pflichtfortbildungen stationär,null,null,DRAFT,true,false,null
A_c3163ea6b5d2,C_534b9225f01a,Pflichtfortbildungen ambulant,null,null,DRAFT,true,false,null
A_7a1615aaf3f1,C_534b9225f01a,Pflichtfortbildungen stationär,null,null,DRAFT,true,false,null
A_fa46945ef3b9,C_5fa7e7795bb0,Pflichtfortbildungen ambulant,null,null,DRAFT,true,false,null
A_2085f2cfd406,C_5fa7e7795bb0,Pflichtfortbildungen stationär,null,null,DRAFT,true,false,null
A_a1ccfda3bfd1,C_546b1c524e93,Pflichtfortbildungen ambulant,null,null,DRAFT,true,false,null
A_be22e0bf0462,C_546b1c524e93,Pflichtfortbildungen stationär,null,null,DRAFT,true,false,null
A_cd51781dbb8c,C_3623d0e97f00,Pflichtfortbildungen ambulant,null,null,DRAFT,true,false,null
A_5ef473936b46,C_3623d0e97f00,Pflichtfortbildungen stationär,null,null,DRAFT,true,false,null
A_8c1bfee7fbc9,C_15b82957f288,Pflichtfortbildungen ambulant,null,null,DRAFT,true,false,null
A_031ea04ddfea,C_15b82957f288,Pflichtfortbildungen stationär,null,null,DRAFT,true,false,null
A_887005e1f752,C_7bd03770e34f,Pflichtfortbildungen ambulant,null,null,DRAFT,true,false,null
A_e09202810b73,C_7bd03770e34f,Pflichtfortbildungen stationär,null,null,DRAFT,true,false,null
A_a6873f8626b7,C_616e1f5d1f2a,Pflichtfortbildungen stationär,null,null,DRAFT,true,false,null
A_543632c3459d,C_616e1f5d1f2a,Pflichtfortbildungen ambulant,null,null,DRAFT,true,false,null
A_e78e4850a3a5,C_9d3e9ae93bc7,Pflichtfortbildungen ambulant,null,null,DRAFT,true,false,null
A_39735c147212,C_9d3e9ae93bc7,Pflichtfortbildungen stationär,null,null,DRAFT,true,false,null
A_c4cc8ade6665,C_efa82291d0c3,Pflichtfortbildungen ambulant,null,null,DRAFT,true,false,null
A_210ebd89caf6,C_efa82291d0c3,Pflichtfortbildungen stationär,null,null,DRAFT,true,false,null
A_59722784149b,C_cb2e9ccb066e,Pflichtfortbildungen ambulant,null,null,DRAFT,true,false,null
A_dee9b13c6e8a,C_cb2e9ccb066e,Pflichtfortbildungen stationär,null,null,DRAFT,true,false,null
A_bdd93d69b9c5,C_5df9a49920f1,Pflichtfortbildungen ambulant,null,null,DRAFT,true,false,null
A_ecdc19d1f313,C_5df9a49920f1,Pflichtfortbildungen stationär,null,null,DRAFT,true,false,null
A_a13b47db6432,C_f85856366b8c,Pflichtfortbildungen ambulant,null,null,DRAFT,true,false,null
A_c476a8160d65,C_f85856366b8c,Pflichtfortbildungen stationär,null,null,DRAFT,true,false,null
A_8fad578135dc,C_ea331a5a518d,Pflichtfortbildungen ambulant,null,null,DRAFT,true,false,null
A_fdb7df7420ac,C_ea331a5a518d,Pflichtfortbildungen stationär,null,null,DRAFT,true,false,null
A_72c483a2bff2,C_ed4bd3362a7e,Pflichtfortbildungen ambulant,null,null,DRAFT,true,false,null
A_c416079e9ea3,C_ed4bd3362a7e,Pflichtfortbildungen stationär,null,null,DRAFT,true,false,null
A_476b33ffa2ac,C_12c498d552cc,Pflichtfortbildungen ambulant,null,null,DRAFT,true,false,null
A_56fec806377d,C_12c498d552cc,Pflichtfortbildungen stationär,null,null,DRAFT,true,false,null
A_538c11fd222a,C_0832fcbd85f5,Pflichtfortbildungen ambulant,null,null,DRAFT,true,false,null
A_70439ffa9718,C_0832fcbd85f5,Pflichtfortbildungen stationär,null,null,DRAFT,true,false,null
A_f308545fe260,C_5a2b8fc5c714,Pflichtfortbildungen stationär,null,null,DRAFT,true,false,null
A_d4d78cd24731,C_5a2b8fc5c714,Pflichtfortbildungen ambulant,null,null,DRAFT,true,false,null
A_c85470aa2d86,C_60093df66061,Pflichtfortbildungen ambulant,null,null,DRAFT,true,false,null
A_a93e372731bd,C_60093df66061,Pflichtfortbildungen stationär,null,null,DRAFT,true,false,null
A_0facd2a5e7dd,C_ece0e3207255,Pflichtfortbildungen ambulant,null,null,DRAFT,true,false,null
A_82ff9f3095c0,C_ece0e3207255,Pflichtfortbildungen stationär,2023-10-04 00:00:00,null,ACTIVE,true,false,null
A_f079bc093e79,C_ed49cf31d730,Pflichtfortbildungen ambulant,null,null,DRAFT,true,false,null
A_05efb362c75e,C_ed49cf31d730,Pflichtfortbildungen stationär,null,null,DRAFT,true,false,null
A_fc1e857b78ec,C_a182ba13e57f,Pflichtfortbildungen stationär,null,null,DRAFT,true,false,null
A_f0c2af5daa02,C_a182ba13e57f,Pflichtfortbildungen ambulant,null,null,DRAFT,true,false,null
A_ca73f90265fd,C_ec976e543c28,Pflichtfortbildungen stationär,null,null,DRAFT,true,false,null
A_46ab7eff21d1,C_ec976e543c28,Pflichtfortbildungen ambulant,null,null,DRAFT,true,false,null
A_a258300bcf74,C_37646b928e27,Pflichtfortbildungen stationär,null,null,DRAFT,true,false,null
A_a663aec7201b,C_37646b928e27,Pflichtfortbildungen ambulant,null,null,DRAFT,true,false,null
A_b76dd4360f95,C_e4161629dfcf,Pflichtfortbildungen stationär,null,null,DRAFT,true,false,null
A_3bdf34a0ba4e,C_e4161629dfcf,Pflichtfortbildungen ambulant,null,null,DRAFT,true,false,null
A_8941d13c42a9,C_f1b890cffd9c,Pflichtfortbildungen ambulant,null,null,DRAFT,true,false,null
A_e30177241782,C_f1b890cffd9c,Pflichtfortbildungen stationär,null,null,DRAFT,true,false,null
A_82ea27a5c0dd,C_37fc30e2c368,Pflichtfortbildungen ambulant,null,null,DRAFT,true,false,null
A_4df93c03c509,C_37fc30e2c368,Pflichtfortbildungen stationär,null,null,DRAFT,true,false,null
A_73153ec605c3,C_5b6a933e2e61,Pflichtfortbildungen ambulant,null,null,DRAFT,true,false,null
A_17b625890775,C_5b6a933e2e61,Pflichtfortbildungen stationär,null,null,DRAFT,true,false,null
A_7d6729210d80,C_41ddf4feed84,Pflichtfortbildungen ambulant,null,null,DRAFT,true,false,null
A_b1f7d04838d7,C_41ddf4feed84,Pflichtfortbildungen stationär,null,null,DRAFT,true,false,null
A_743d93c7c00c,C_d4636f1e6cba,Pflichtfortbildungen stationär,null,null,DRAFT,true,false,null
A_61437ba35dab,C_d4636f1e6cba,Pflichtfortbildungen ambulant,null,null,DRAFT,true,false,null
A_a4f00cf1c620,C_74965788195e,Pflichtfortbildungen ambulant,null,null,DRAFT,true,false,null
A_8ea4d0c6b5c2,C_74965788195e,Pflichtfortbildungen stationär,2023-11-03 00:00:00,null,ACTIVE,true,false,null
A_231e12e9f153,C_2d7a0fe7b053,Pflichtfortbildungen ambulant,null,null,DRAFT,true,false,null
A_408921508a49,C_2d7a0fe7b053,Pflichtfortbildungen stationär,null,null,DRAFT,true,false,null
A_50e81ad77be3,C_1508f74f8c01,Pflichtfortbildungen stationär,null,null,DRAFT,true,false,null
A_e3f31dafb0da,C_1508f74f8c01,Pflichtfortbildungen ambulant,null,null,DRAFT,true,false,null
A_b105eec4fec2,C_a92bf132a42a,Pflichtfortbildungen stationär,null,null,DRAFT,true,false,null
A_b3a4607b607f,C_a92bf132a42a,Pflichtfortbildungen ambulant,null,null,DRAFT,true,false,null
A_66f103e43166,C_7a89b2300bc7,Pflichtfortbildungen stationär,null,null,DRAFT,true,false,null
A_ac43137ba78d,C_7a89b2300bc7,Pflichtfortbildungen ambulant,null,null,DRAFT,true,false,null
A_c47b10410f35,C_972e672da150,Pflichtfortbildungen ambulant,null,null,DRAFT,true,false,null
A_ba178fd9d131,C_972e672da150,Pflichtfortbildungen stationär,null,null,DRAFT,true,false,null
A_03850c331bc2,C_20116d9305f4,Pflichtfortbildungen ambulant,null,null,DRAFT,true,false,null
A_7cfc2e499370,C_20116d9305f4,Pflichtfortbildungen stationär,null,null,DRAFT,true,false,null
A_f1bcadb007a8,C_a119941bfbff,Pflichtfortbildungen ambulant,null,null,DRAFT,true,false,null
A_3e3edbb22d74,C_a119941bfbff,Pflichtfortbildungen stationär,null,null,DRAFT,true,false,null
A_5b72e3762d8d,C_ba99e5d04016,Pflichtfortbildungen stationär,null,null,DRAFT,true,false,null
A_62b595b9e91b,C_ba99e5d04016,Pflichtfortbildungen ambulant,null,null,DRAFT,true,false,null
A_0f5976331969,C_4ddcec19199d,Pflichtfortbildungen ambulant,null,null,DRAFT,true,false,null
A_724a8b19fba6,C_4ddcec19199d,Pflichtfortbildungen stationär,null,null,DRAFT,true,false,null
A_71c463051d26,C_4b7d8ca4851c,Pflichtfortbildungen ambulant,null,null,DRAFT,true,false,null
A_2b83827287b9,C_4b7d8ca4851c,Pflichtfortbildungen stationär,null,null,DRAFT,true,false,null
A_0386711ec697,C_62005f3153d9,Pflichtfortbildungen ambulant,null,null,DRAFT,true,false,null
A_506342f2fb8e,C_62005f3153d9,Pflichtfortbildungen stationär,null,null,DRAFT,true,false,null
A_77648468fb88,C_692b9c2d678b,Pflichtfortbildungen ambulant,null,null,DRAFT,true,false,null
A_bd3e03f2a676,C_692b9c2d678b,Pflichtfortbildungen stationär,null,null,DRAFT,true,false,null
A_49ee8facb943,C_525f53353736,Pflichtfortbildungen ambulant,null,null,DRAFT,true,false,null
A_2742b48dfec0,C_525f53353736,Pflichtfortbildungen stationär,null,null,DRAFT,true,false,null
A_5f8954194c49,C_9d021234011e,Pflichtfortbildungen ambulant,null,null,DRAFT,true,false,null
A_87f88abcc33f,C_9d021234011e,Pflichtfortbildungen stationär,null,null,DRAFT,true,false,null
A_113b46791159,C_418b8c3daecf,Pflichtfortbildungen ambulant,null,null,DRAFT,true,false,null
A_3aab5d43583a,C_418b8c3daecf,Pflichtfortbildungen stationär,null,null,DRAFT,true,false,null
A_62fb9b83029c,C_5c7e5e4fea92,Pflichtfortbildungen stationär,null,null,DRAFT,true,false,null
A_0c157e00f986,C_5c7e5e4fea92,Pflichtfortbildungen ambulant,null,null,DRAFT,true,false,null
A_688ac2ce41ad,C_bd848b56c733,Pflichtfortbildungen ambulant,null,null,DRAFT,true,false,null
A_5937cc8c89d9,C_bd848b56c733,Pflichtfortbildungen stationär,null,null,DRAFT,true,false,null
A_cd352f5da38a,C_017462957b40,Pflichtfortbildungen stationär,null,null,DRAFT,true,false,null
A_486135723cf8,C_017462957b40,Pflichtfortbildungen ambulant,null,null,DRAFT,true,false,null
A_e9fa7e21ae8b,C_adebae54dd17,Pflichtfortbildungen ambulant,null,null,DRAFT,true,false,null
A_dce7105e8458,C_adebae54dd17,Pflichtfortbildungen stationär,null,null,DRAFT,true,false,null
A_6ab2c6307aa4,C_9040b4d1e473,Pflichtfortbildungen ambulant,null,null,DRAFT,true,false,null
A_f78ddb5e03d0,C_9040b4d1e473,Pflichtfortbildungen stationär,null,null,DRAFT,true,false,null
A_e33b64f883ab,C_95025b9b1919,Pflichtfortbildungen ambulant,null,null,DRAFT,true,false,null
A_b2b5def21719,C_95025b9b1919,Pflichtfortbildungen stationär,null,null,DRAFT,true,false,null
A_361b44fb65d8,C_b9c5095184f0,Pflichtfortbildungen ambulant,null,null,DRAFT,true,false,null
A_a85b4d1bba9b,C_b9c5095184f0,Pflichtfortbildungen stationär,null,null,DRAFT,true,false,null
A_48d709a44b3d,C_11d8ad7db391,Pflichtfortbildungen ambulant,null,null,DRAFT,true,false,null
A_913a3c56c4e4,C_11d8ad7db391,Pflichtfortbildungen stationär,null,null,DRAFT,true,false,null
A_15995b50a513,C_0c30285a76d0,Pflichtfortbildungen ambulant,null,null,DRAFT,true,false,null
A_039d9e91405a,C_0c30285a76d0,Pflichtfortbildungen stationär,null,null,DRAFT,true,false,null
A_af931cd8c087,C_d1cd73b81035,Lehrplan 10-12,2024-01-31 00:00:00,null,ACTIVE,false,false,null
A_2c3a208b89e1,C_f19eeadeea45,Pflichtfortbildungen ambulant,null,null,DRAFT,true,false,null
A_3468a6d28ece,C_f19eeadeea45,Pflichtfortbildungen stationär,null,null,DRAFT,true,false,null
A_90e3c757a3a6,C_106af31d20f8,Pflichtfortbildungen ambulant,null,null,DRAFT,true,false,null
A_49fae3f60a67,C_106af31d20f8,Pflichtfortbildungen stationär,null,null,DRAFT,true,false,null
A_c536d10d547f,C_f24d957086f4,Pflichtfortbildungen ambulant,null,null,DRAFT,true,false,null
A_da7353afab47,C_f24d957086f4,Pflichtfortbildungen stationär,null,null,DRAFT,true,false,null
A_d77366eb6bb0,C_7313327e989f,Pflichtfortbildungen ambulant,null,null,DRAFT,true,false,null
A_7e3c5ded1e79,C_7313327e989f,Pflichtfortbildungen stationär,null,null,DRAFT,true,false,null
A_18544ba6288f,C_198cadc1c7dd,Pflichtfortbildungen ambulant,null,null,DRAFT,true,false,null
A_1c8d1269440b,C_198cadc1c7dd,Pflichtfortbildungen stationär,null,null,DRAFT,true,false,null
A_32c05894d934,C_d1cd73b81035,Lehrplan 13-15,2024-03-31 00:00:00,null,ACTIVE,false,false,null
A_1295ddb9e7f5,C_b85b5d0cf76b,Pflichtfortbildungen ambulant,null,null,DRAFT,true,false,null
A_268f3a7687b6,C_b85b5d0cf76b,Pflichtfortbildungen stationär,null,null,DRAFT,true,false,null
A_d073b8ed24d0,C_047700760cca,Pflichtfortbildungen stationär,null,null,DRAFT,true,false,null
A_e050c4518ed8,C_047700760cca,Pflichtfortbildungen ambulant,null,null,DRAFT,true,false,null
A_000fa6a8fded,C_61ffffe6a1d9,Pflichtfortbildungen ambulant,null,null,DRAFT,true,false,null
A_708a40747a54,C_61ffffe6a1d9,Pflichtfortbildungen stationär,null,null,DRAFT,true,false,null
A_93c59b86fb8a,C_61d804734ccd,Pflichtfortbildungen ambulant,null,null,DRAFT,true,false,null
A_7fa37c6c09d8,C_61d804734ccd,Pflichtfortbildungen stationär,null,null,DRAFT,true,false,null
A_4f7dbf33bdee,C_20251544465c,Pflichtfortbildungen ambulant,null,null,DRAFT,true,false,null
A_757aa4daa3c2,C_20251544465c,Pflichtfortbildungen stationär,null,null,DRAFT,true,false,null
A_ed1d4af46f1f,C_eddda056d295,Pflichtfortbildungen stationär,null,null,DRAFT,true,false,null
A_8f52a7e6a534,C_eddda056d295,Pflichtfortbildungen ambulant,null,null,DRAFT,true,false,null
A_be103cd47ec3,C_d019b68fb62e,Pflichtfortbildungen stationär,null,null,DRAFT,true,false,null
A_608980ad62a2,C_d019b68fb62e,Pflichtfortbildungen ambulant,null,null,DRAFT,true,false,null
A_f7151bd7a051,C_148dfc864a02,Pflichtfortbildungen ambulant,null,null,DRAFT,true,false,null
A_4cbc4c8c9438,C_148dfc864a02,Pflichtfortbildungen stationär,null,null,DRAFT,true,false,null
A_cbdf197cbba5,C_1050a0fb4ac2,Pflichtfortbildungen stationär,null,null,DRAFT,true,false,null
A_3cbf0c499c35,C_1050a0fb4ac2,Pflichtfortbildungen ambulant,null,null,DRAFT,true,false,null
A_1a702a104acb,C_90500a926bc6,Pflichtfortbildungen ambulant,null,null,DRAFT,true,false,null
A_49783999b8ae,C_90500a926bc6,Pflichtfortbildungen stationär,null,null,DRAFT,true,false,null
A_85e6e0472bf8,C_035b82d921dd,Pflichtfortbildungen ambulant,null,null,DRAFT,true,false,null
A_da8f9438b244,C_035b82d921dd,Pflichtfortbildungen stationär,null,null,DRAFT,true,false,null
A_30bf44043014,C_d1cd73b81035,Lehrplan 16-19,2024-03-31 00:00:00,null,COMPLETED,false,false,2024-10-17 13:18:25.092011
A_71cfa22c0845,C_4f9f98fd0b15,Pflichtfortbildungen ambulant,null,null,DRAFT,true,false,null
A_00ecf06bf4f2,C_4f9f98fd0b15,Pflichtfortbildungen stationär,null,null,DRAFT,true,false,null
A_7ac16beb8e3d,C_b8c17b230f50,Pflichtfortbildungen ambulant,null,null,DRAFT,true,false,null
A_f041bb9e058c,C_b8c17b230f50,Pflichtfortbildungen stationär,null,null,DRAFT,true,false,null
A_d7c042b4e5f8,C_f5a0f5ae86da,Pflichtfortbildungen ambulant,2024-12-31 00:00:00,null,ACTIVE,true,false,null
A_d87a1c6aaa67,C_d1cf643b8824,Expertenstandards,2023-11-19 00:00:00,null,ACTIVE,false,false,null
A_346c2d049746,C_5019ed5e68dd,Pflichtfortbildungen ambulant,null,null,DRAFT,true,false,null
A_ed2af52ade57,C_5019ed5e68dd,Pflichtfortbildungen stationär,null,null,DRAFT,true,false,null
A_a1db294518ff,C_7d89b7b6e96f,Pflichtfortbildungen ambulant,2023-11-04 00:00:00,null,ACTIVE,true,false,null
A_4697ac9f4957,C_7d89b7b6e96f,Pflichtfortbildungen stationär,2023-11-04 00:00:00,null,ACTIVE,true,false,null
A_da476a2ab6ce,C_13c8fdde671b,Pflichtfortbildungen stationär,null,null,DRAFT,true,false,null
A_474dbb1f2576,C_13c8fdde671b,Pflichtfortbildungen ambulant,null,null,DRAFT,true,false,null
A_4a095d1585ed,C_13c8fdde671b,Geriartrie,2023-11-14 00:00:00,6M,ACTIVE,false,true,null
A_cd8d30323a4f,C_201a1be24b01,Pflichtfortbildungen stationär,null,null,DRAFT,true,false,null
A_7472e14b7713,C_201a1be24b01,Pflichtfortbildungen ambulant,null,null,DRAFT,true,false,null
A_6439a3ca95d3,C_63f874f8402a,Pflichtfortbildungen ambulant,null,null,DRAFT,true,false,null
A_196302598624,C_63f874f8402a,Pflichtfortbildungen stationär,null,null,DRAFT,true,false,null
A_a38cb5ecccd6,C_f30e4ae85b4a,Pflichtfortbildungen stationär,null,null,DRAFT,true,false,null
A_78b5889bf25c,C_f30e4ae85b4a,Pflichtfortbildungen ambulant,null,null,DRAFT,true,false,null
A_5df313e705a1,C_f30e4ae85b4a,Pflichtschulung ,null,6M,DRAFT,false,true,null
A_9893a5804dfb,C_485361f1ebd5,Pflichtfortbildungen stationär,null,null,DRAFT,true,false,null
A_cb43d39d9378,C_485361f1ebd5,Pflichtfortbildungen ambulant,null,null,DRAFT,true,false,null
A_f3e819ba79f5,C_d1cf643b8824,Arbeiten im Team,2023-11-26 00:00:00,null,ACTIVE,false,false,null
A_ec4097549ec3,C_d1cf643b8824,Arzneimittel,2023-11-12 00:00:00,null,ACTIVE,false,false,null
A_81b36c7817a0,C_8c3f23b65792,Pflichtfortbildungen ambulant,null,null,DRAFT,true,false,null
A_96970726dab6,C_8c3f23b65792,Pflichtfortbildungen stationär,null,null,DRAFT,true,false,null
A_7d24b68b6bd9,C_d1cf643b8824,Expertenstandard Schmerzmanagement in der Pflege ,2023-11-19 00:00:00,null,ACTIVE,false,false,null
A_ad54734a389b,C_9b4bc030da5c,Pflichtfortbildungen ambulant,null,null,DRAFT,true,false,null
A_2305bcf65b96,C_9b4bc030da5c,Pflichtfortbildungen stationär,null,null,DRAFT,true,false,null
A_ef4195562dbc,C_5a8e3269ffbd,Pflegehelfer,null,null,DRAFT,false,false,null
A_f9e88300ba6e,C_543e025e7b5e,Pflichtfortbildungen ambulant,null,null,DRAFT,true,false,null
A_7111b9f9d3b0,C_543e025e7b5e,Pflichtfortbildungen stationär,null,null,DRAFT,true,false,null
A_0b2d47a6997c,C_715a50e47377,Pflichtfortbildungen ambulant,null,null,DRAFT,true,false,null
A_c2ba0047bd85,C_715a50e47377,Pflichtfortbildungen stationär,null,null,DRAFT,true,false,null
A_55e581298699,C_682ad81a31af,Pflichtfortbildungen stationär,null,null,DRAFT,true,false,null
A_0078a75bcaef,C_682ad81a31af,Pflichtfortbildungen ambulant,null,null,DRAFT,true,false,null
A_97bc59018027,C_fe8fa96ba15a,Pflichtfortbildungen ambulant,null,null,DRAFT,true,false,null
A_7027d5ecc37b,C_fe8fa96ba15a,Pflichtfortbildungen stationär,null,null,DRAFT,true,false,null
A_e6be1b070813,C_7e2d80a68155,Pflichtfortbildungen ambulant,null,null,DRAFT,true,false,null
A_ade524f435bc,C_7e2d80a68155,Pflichtfortbildungen stationär,null,null,DRAFT,true,false,null
A_3a76848acbc7,C_5f9c58c0c290,Pflichtfortbildungen stationär,null,null,DRAFT,true,false,null
A_697e2c596dfe,C_5f9c58c0c290,Pflichtfortbildungen ambulant,null,null,DRAFT,true,false,null
A_03c2463bbb06,C_b36ddcf73c6e,Pflichtfortbildungen stationär,null,null,DRAFT,true,false,null
A_f60c6f6581dd,C_b36ddcf73c6e,Pflichtfortbildungen ambulant,null,null,DRAFT,true,false,null
A_f88721d4d72c,C_75f527fedb4d,Pflichtfortbildungen ambulant,null,null,DRAFT,true,false,null
A_50324666d4e4,C_75f527fedb4d,Pflichtfortbildungen stationär,null,null,DRAFT,true,false,null
A_7ab8d2443c00,C_45471e359f0b,Pflichtfortbildungen ambulant,null,null,DRAFT,true,false,null
A_667e699b97c3,C_45471e359f0b,Pflichtfortbildungen stationär,null,null,DRAFT,true,false,null
A_33e2fbb6250f,C_61f4cf35b1bb,Pflichtfortbildungen stationär,null,null,DRAFT,true,false,null
A_f491344883e4,C_61f4cf35b1bb,Pflichtfortbildungen ambulant,null,null,DRAFT,true,false,null
A_1f570e6995d8,C_29d4ad68e1c1,Pflichtfortbildungen stationär,null,null,DRAFT,true,false,null
A_7860ee2a7126,C_29d4ad68e1c1,Pflichtfortbildungen ambulant,null,null,DRAFT,true,false,null
A_01e05e0ababb,C_29d4ad68e1c1,Pflichtschulungen,2023-11-17 00:00:00,null,ACTIVE,false,false,null
A_831ae5003833,C_e7964fce2eae,Pflichtfortbildungen stationär,null,null,DRAFT,true,false,null
A_3b5bdf3b6a3b,C_e7964fce2eae,Pflichtfortbildungen ambulant,null,null,DRAFT,true,false,null
A_0125ebc69539,C_39e815eaf9b8,Pflichtfortbildungen stationär,null,null,DRAFT,true,false,null
A_15d2bac5f7fa,C_39e815eaf9b8,Pflichtfortbildungen ambulant,null,null,DRAFT,true,false,null
A_6888e36deb28,C_c29ab0ccbfbb,Qualifizierung LG I Schein,2024-02-29 00:00:00,null,COMPLETED,false,false,2025-08-06 09:37:11.442
A_86ea9f4a05b2,C_1b9570827c0d,Pflichtfortbildungen ambulant,null,null,DRAFT,true,false,null
A_21001b4d7ada,C_1b9570827c0d,Pflichtfortbildungen stationär,null,null,DRAFT,true,false,null
A_54ea9a10ab2f,C_46b90d4fbd67,Pflichtfortbildungen ambulant,null,null,DRAFT,true,false,null
A_699b30bdab45,C_46b90d4fbd67,Pflichtfortbildungen stationär,null,null,DRAFT,true,false,null
A_9e32f3c04bf0,C_a74b63a45337,Pflichtfortbildungen stationär,null,null,DRAFT,true,false,null
A_50d630260172,C_a74b63a45337,Pflichtfortbildungen ambulant,null,null,DRAFT,true,false,null
A_ec2a3e4bee84,C_ec0bfbb3fd19,Pflichtfortbildungen stationär,null,null,DRAFT,true,false,null
A_4dbb58a0109c,C_ec0bfbb3fd19,Pflichtfortbildungen ambulant,null,null,DRAFT,true,false,null
A_beb0ad34809e,C_7c3de7b32496,Behandlungspflege,2024-12-31 00:00:00,12M,COMPLETED,false,true,null
A_a2e48efb5220,C_7c3de7b32496,Fachwissen,2024-12-31 00:00:00,24M,COMPLETED,false,true,null
A_166cf779620d,C_d4d1e893e6e0,Pflichtfortbildungen ambulant,null,null,DRAFT,true,false,null
A_c2cb11542b98,C_d4d1e893e6e0,Pflichtfortbildungen stationär,null,null,DRAFT,true,false,null
A_635d35e31f16,C_d4d1e893e6e0,Pflichtschulungen,2023-11-30 00:00:00,12M,ACTIVE,false,true,null
A_c6f9abdbe097,C_eb5e7d8cea49,Pflichtfortbildungen ambulant,null,null,DRAFT,true,false,null
A_aa497806692e,C_eb5e7d8cea49,Pflichtfortbildungen stationär,null,null,DRAFT,true,false,null
A_2051b1f66488,C_641caef7b6e5,Pflichtfortbildungen ambulant,null,null,DRAFT,true,false,null
A_6c4da5412643,C_641caef7b6e5,Pflichtfortbildungen stationär,null,null,DRAFT,true,false,null
A_c1f455bb21ea,C_534b9225f01a,Sprachvertiefung Lotti UG,2023-12-15 00:00:00,null,ACTIVE,false,false,null
A_f401b10f8d42,C_75764800619c,Pflichtfortbildungen stationär,null,null,DRAFT,true,false,null
A_133029c8d910,C_75764800619c,Pflichtfortbildungen ambulant,null,null,DRAFT,true,false,null
A_d4a3bd948814,C_307e4a317817,Pflichtfortbildungen stationär,null,null,DRAFT,true,false,null
A_2e0f26460bcf,C_307e4a317817,Pflichtfortbildungen ambulant,null,null,DRAFT,true,false,null
A_0782a0d71524,C_7d89b7b6e96f,Learning plan iPhone 12,2023-11-28 00:00:00,6M,ACTIVE,false,true,null
A_cebc091d67f4,C_7d89b7b6e96f,new learning plan,2024-01-03 00:00:00,6M,ACTIVE,false,true,null
A_71a3a17aa4b0,C_fcaf8c92b94c,Pflichtfortbildungen ambulant,null,null,DRAFT,true,false,null
A_499976ed2cc5,C_fcaf8c92b94c,Pflichtfortbildungen stationär,null,null,DRAFT,true,false,null
A_81a906759b75,C_41932f644c5d,Pflichtfortbildungen ambulant,null,null,DRAFT,true,false,null
A_05636561cda9,C_41932f644c5d,Pflichtfortbildungen stationär,null,null,DRAFT,true,false,null
A_ebf89bb20ede,C_41932f644c5d,Schulungen,2023-11-30 00:00:00,null,ACTIVE,false,false,null
A_8b93e9d7e20d,C_d45e1e254903,Pflichtfortbildungen ambulant,null,null,DRAFT,true,false,null
A_9c0b0c3f6dfe,C_d45e1e254903,Pflichtfortbildungen stationär,null,null,DRAFT,true,false,null
A_73573037a9cb,C_fcaf8c92b94c,Test progress 1,2024-02-02 00:00:00,null,ACTIVE,false,false,null
A_7bf0ffe14d61,C_fcaf8c92b94c,Test progress 2 ,2024-04-27 00:00:00,null,ACTIVE,false,false,null
A_6e7428d8ff1c,C_4f207416eb84,Pflichtfortbildungen ambulant,null,null,DRAFT,true,false,null
A_57e800ec1e5a,C_4f207416eb84,Pflichtfortbildungen stationär,null,null,DRAFT,true,false,null
A_c5b001c77a3f,C_b0368d0acc30,Pflichtfortbildungen ambulant,null,null,DRAFT,true,false,null
A_11132b3f71d2,C_b0368d0acc30,Pflichtfortbildungen stationär,null,null,DRAFT,true,false,null
A_c72e575e8b1f,C_536233b4ddb2,Pflichtfortbildungen ambulant,null,null,DRAFT,true,false,null
A_9f05d0c5aeaf,C_536233b4ddb2,Pflichtfortbildungen stationär,null,null,DRAFT,true,false,null
A_9edd4f022028,C_efc788571209,Pflichtfortbildungen ambulant,null,null,DRAFT,true,false,null
A_d2ed079bf2e2,C_efc788571209,Pflichtfortbildungen stationär,null,null,DRAFT,true,false,null
A_eac33b86253e,C_a4a91458f0bf,Pflichtfortbildungen stationär,null,null,DRAFT,true,false,null
A_1aa7c83b405b,C_a4a91458f0bf,Pflichtfortbildungen ambulant,null,null,DRAFT,true,false,null
A_4fe19c5ecde5,C_c266a7590952,Pflichtfortbildungen stationär,null,null,DRAFT,true,false,null
A_36d6e6512a7e,C_c266a7590952,Pflichtfortbildungen ambulant,null,null,DRAFT,true,false,null
A_5a2a3f93ea24,C_1e39bb72a0ea,Pflichtfortbildungen stationär,null,null,DRAFT,true,false,null
A_7c4c60d8b79a,C_1e39bb72a0ea,Pflichtfortbildungen ambulant,null,null,DRAFT,true,false,null
A_9c24eae345c7,C_b54c3ef44d67,Schulungen 2026,2026-10-31 00:00:00,null,COMPLETED,true,false,2026-01-14 08:57:33.92
A_3f4ddc47a7c1,C_b54c3ef44d67,Pflichtfortbildungen ambulant,null,null,DRAFT,true,false,null
A_d6584b02cf46,C_1b51935ca47d,Pflichtfortbildungen stationär,null,null,DRAFT,true,false,null
A_4193720183b0,C_1b51935ca47d,Pflichtfortbildungen ambulant,null,null,DRAFT,true,false,null
A_e8b592a80360,C_d4d1e893e6e0,Lehrplan Test Kerstin,null,null,DRAFT,false,false,null
A_526fbb5e858a,C_ff03c2aa2ce2,Pflichtfortbildungen ambulant,null,null,DRAFT,true,false,null
A_5265dd003b95,C_ff03c2aa2ce2,Pflichtfortbildungen stationär,null,null,DRAFT,true,false,null
A_e36db94f7ce0,C_1a725a08a3db,Pflichtfortbildungen ambulant,null,null,DRAFT,true,false,null
A_ff6afd9e6ebe,C_1a725a08a3db,Pflichtfortbildungen stationär,null,null,DRAFT,true,false,null
A_8f669ad1507a,C_7f39b4be5e74,Pflichtfortbildungen stationär,null,null,DRAFT,true,false,null
A_1c6d991a1216,C_7f39b4be5e74,Pflichtfortbildungen ambulant,null,null,DRAFT,true,false,null
A_1e32aa8a437d,C_9eaaebd53dae,Pflichtfortbildungen stationär,null,null,DRAFT,true,false,null
A_2cab508625f7,C_9eaaebd53dae,Pflichtfortbildungen ambulant,null,null,DRAFT,true,false,null
A_f2df3d9889ae,C_7d89b7b6e96f,new LP,2023-12-19 00:00:00,null,ACTIVE,false,false,null
A_3bd1c0f5e9ab,C_7d89b7b6e96f,Datenschutz,2023-12-23 00:00:00,null,ACTIVE,false,false,null
A_a751f3737221,C_0420ad6d6efd,Pflichtfortbildungen ambulant,null,null,DRAFT,true,false,null
A_6eb1fd2184c0,C_0420ad6d6efd,Pflichtfortbildungen stationär,null,null,DRAFT,true,false,null
A_d282bc3c0708,C_703891fb8980,Pflichtfortbildungen stationär,null,null,DRAFT,true,false,null
A_5264837515fd,C_703891fb8980,Pflichtfortbildungen ambulant,null,null,DRAFT,true,false,null
A_e2c6f1b7f64b,C_1159567e817f,Pflichtfortbildungen stationär,null,null,DRAFT,true,false,null
A_4e76f67e3262,C_1159567e817f,Pflichtfortbildungen ambulant,null,null,DRAFT,true,false,null
A_851f03c0f63a,C_785c49121c0f,Pflichtfortbildungen stationär,null,null,DRAFT,true,false,null
A_240c6a8ff128,C_785c49121c0f,Pflichtfortbildungen ambulant,null,null,DRAFT,true,false,null
A_93e418a12271,C_534b9225f01a,Arbeitsschutz Lotti UG,2024-02-29 00:00:00,12M,ACTIVE,false,true,null
A_a5303d3f708c,C_534b9225f01a,Eingliederungshilfe Lotti UG,2024-02-29 00:00:00,12M,ACTIVE,false,true,null
A_aecd6f36c92d,C_534b9225f01a,Datenschutz Lotti UG,2024-02-29 00:00:00,12M,ACTIVE,false,true,null
A_a8804003a413,C_534b9225f01a,Gewaltschutz Lotti UG,2024-02-29 00:00:00,12M,ACTIVE,false,true,null
A_8c11a95f4eba,C_534b9225f01a,Hygiene Lotti UG,2024-02-29 00:00:00,12M,ACTIVE,false,true,null
A_3a9fde8eac55,C_534b9225f01a,Lebensmittelhygiene Lotti UG,2024-02-29 00:00:00,12M,ACTIVE,false,true,null
A_4c552b665b72,C_534b9225f01a,Medikamente Lotti UG,2024-02-29 00:00:00,12M,ACTIVE,false,true,null
A_9251ac74e8cc,C_534b9225f01a,Grundpflege Lotti UG,2024-02-29 00:00:00,12M,ACTIVE,false,true,null
A_e577deb0864c,C_71681f01c173,Pflichtfortbildungen stationär,null,null,DRAFT,true,false,null
A_3a2e96e4377b,C_71681f01c173,Pflichtfortbildungen ambulant,null,null,DRAFT,true,false,null
A_34d5e06a6831,C_534b9225f01a,Expertenstandards Lotti UG,2024-02-29 00:00:00,12M,ACTIVE,false,true,null
A_b8e3e1a278e6,C_534b9225f01a,Notfallsituationen Lotti UG,2024-02-29 00:00:00,12M,ACTIVE,false,true,null
A_a359185a1ec1,C_c0df9e430bf5,Pflichtfortbildungen stationär,null,null,DRAFT,true,false,null
A_760425678de1,C_c0df9e430bf5,Pflichtfortbildungen ambulant,null,null,DRAFT,true,false,null
A_3257d27a01d6,C_824609dfee36,Pflichtfortbildungen stationär,null,null,DRAFT,true,false,null
A_933086f3dfcd,C_824609dfee36,Pflichtfortbildungen ambulant,2024-07-31 00:00:00,null,ACTIVE,true,false,null
A_204f8eb7d659,C_bcef2d169df8,Pflichtfortbildungen ambulant,null,null,DRAFT,true,false,null
A_84cb3bd658c1,C_bcef2d169df8,Pflichtfortbildungen stationär,null,null,DRAFT,true,false,null
A_87dfdd9608b6,C_c29ab0ccbfbb,Pflichtfortbildungen,2024-03-31 00:00:00,null,COMPLETED,false,false,2025-06-27 19:33:47.82
A_9130968d485b,C_c29ab0ccbfbb,Pflichtfortbildungen,2024-06-30 00:00:00,null,COMPLETED,false,false,2025-03-10 09:13:22.09
A_676d3a6f9469,C_c29ab0ccbfbb,Pflichtfortbildungen,2024-09-30 00:00:00,null,COMPLETED,false,false,2025-03-10 09:13:22.086
A_b5aa50cf09cd,C_c29ab0ccbfbb,Pflichtfortbildungen,2024-06-30 00:00:00,null,COMPLETED,false,false,2024-10-17 13:18:25.092011
A_887985bf9184,C_c29ab0ccbfbb,Pflichtfortbildungen,2024-09-30 00:00:00,null,COMPLETED,false,false,2024-10-17 13:18:25.092011
A_9f3cf49bb161,C_c29ab0ccbfbb,Pflichtfortbildungen,2024-03-31 00:00:00,null,COMPLETED,false,false,2024-10-17 13:18:25.092011
A_1dfed264e7ec,C_c29ab0ccbfbb,Pflichtfortbildung,2024-09-30 00:00:00,null,COMPLETED,false,false,2025-03-31 18:53:53.344
A_ceea629093ac,C_c29ab0ccbfbb,Pflichtfortbildung,2024-12-31 00:00:00,null,COMPLETED,false,false,2025-03-17 17:57:54.229
A_ff3711d5845d,C_18f1dc1d311b,Pflichtfortbildungen stationär,null,null,DRAFT,true,false,null
A_aced18007dc2,C_18f1dc1d311b,Pflichtfortbildungen ambulant,null,null,DRAFT,true,false,null
A_bdee9a6f990b,C_2f2e85a96dfc,Fortbildungen 1-3,2024-01-02 00:00:00,null,ACTIVE,false,false,null
A_60328e6a241b,C_099e8cb8142a,Pflichtfortbildungen ambulant,2024-02-01 00:00:00,null,ACTIVE,true,false,null
A_ced63552362a,C_6dd1b1c51148,Pflichtschulung ,2024-01-31 00:00:00,null,COMPLETED,false,false,2024-10-17 13:18:25.092011
A_adaf506a2db0,C_6dd1b1c51148,Schulung 02.2024,2024-02-29 00:00:00,null,COMPLETED,false,false,2024-10-17 13:18:25.092011
A_fe17f86100a8,C_6dd1b1c51148,Schulung 03.2024,2024-03-31 00:00:00,null,COMPLETED,false,false,2024-10-17 13:18:25.092011
A_131361ce8774,C_6dd1b1c51148,Schulung 04.2024,2024-04-30 00:00:00,null,COMPLETED,false,false,2024-10-17 13:18:25.092011
A_ef3bdf227cd6,C_6dd1b1c51148,Schulung 05.2024,2024-05-31 00:00:00,null,COMPLETED,false,false,2024-10-17 13:18:25.092011
A_7d843ecf0eac,C_1f758395d6b1,Pflichtfortbildungen ambulant,null,null,DRAFT,true,false,null
A_58320949e695,C_1f758395d6b1,Pflichtfortbildungen stationär,null,null,DRAFT,true,false,null
A_1e2879e6bbc9,C_14ff312f58ab,Pflichtfortbildungen ambulant,null,null,DRAFT,true,false,null
A_e2d0230aedf9,C_14ff312f58ab,Pflichtfortbildungen stationär,null,null,DRAFT,true,false,null
A_8efc32e29bec,C_099e8cb8142a,Expertenstandards,2024-02-01 00:00:00,12M,ACTIVE,false,true,null
A_0a827c415f8e,C_099e8cb8142a,Schulungen - Leichte Sprache,2024-02-01 00:00:00,12M,ACTIVE,false,true,null
A_f7b2e7c618a6,C_f39ece4578d3,Pflichtfortbildungen ambulant,null,null,DRAFT,true,false,null
A_b8bf291ff1ff,C_f39ece4578d3,Pflichtfortbildungen stationär,null,null,DRAFT,true,false,null
A_61d531bd626a,C_078f2e604a30,Pflichtfortbildungen ambulant,null,null,DRAFT,true,false,null
A_b26e2c3a2cc9,C_078f2e604a30,Pflichtfortbildungen stationär,null,null,DRAFT,true,false,null
A_27c7c16140e9,C_c011aad4285d,Pflichtfortbildungen ambulant,null,null,DRAFT,true,false,null
A_c774404b6f8f,C_c011aad4285d,Pflichtfortbildungen stationär,null,null,DRAFT,true,false,null
A_1684ed9fabfa,C_8de6a2f81ec0,Pflichtfortbildungen ambulant,2024-09-30 00:00:00,null,ACTIVE,true,false,null
A_0aefc2ad31d3,C_ab90a58d3f88,Pflichtfortbildungen ambulant,null,null,DRAFT,true,false,null
A_f438e2ddf42e,C_ab90a58d3f88,Pflichtfortbildungen stationär,null,null,DRAFT,true,false,null
A_94bf4dbdce9a,C_276313b0f7a3,Pflichtfortbildungen ambulant,null,null,DRAFT,true,false,null
A_0dd52f885a36,C_276313b0f7a3,Pflichtfortbildungen stationär,null,null,DRAFT,true,false,null
A_47b5478f7dc3,C_97c85a4be799,Pflichtfortbildungen stationär,null,null,DRAFT,true,false,null
A_2a09393c2e4a,C_97c85a4be799,Pflichtfortbildungen ambulant,null,null,DRAFT,true,false,null
A_aecd8c5e8bda,C_82031e9779d3,Pflichtfortbildungen ambulant,null,null,DRAFT,true,false,null
A_add700aec41f,C_82031e9779d3,Pflichtfortbildungen stationär,null,null,DRAFT,true,false,null
A_154f03642814,C_60469fc35129,Pflichtfortbildungen ambulant,null,null,DRAFT,true,false,null
A_5daa386626b9,C_60469fc35129,Pflichtfortbildungen stationär,null,null,DRAFT,true,false,null
A_cce2c9b12d80,C_2d00516afae2,Pflichtfortbildungen ambulant,null,null,DRAFT,true,false,null
A_d40cbdbbafcb,C_2d00516afae2,Pflichtfortbildungen stationär,null,null,DRAFT,true,false,null
A_31df2a8b3172,C_b54fb66700cc,Pflichtfortbildungen,2024-06-30 00:00:00,12M,ACTIVE,false,true,null
A_e8c7caf57209,C_a39b4cb21056,Fachkräfte,2024-12-31 00:00:00,null,ACTIVE,false,false,null
A_b7d90ff3925a,C_a39b4cb21056,Hilfskräfte,2024-12-31 00:00:00,null,COMPLETED,false,false,2024-10-17 13:18:25.092011
A_5a24b6f62d8f,C_a39b4cb21056,Pflichtschulungen `24,2024-12-31 00:00:00,null,ACTIVE,false,false,null
A_923a32f3092a,C_58eb4f1ec269,Pflichtfortbildungen ambulant,null,null,DRAFT,true,false,null
A_15499dd6a6a7,C_58eb4f1ec269,Pflichtfortbildungen stationär,null,null,DRAFT,true,false,null
A_2d9af43a64d3,C_3a190983bbf9,Pflichtfortbildungen ambulant,null,null,DRAFT,true,false,null
A_d90fa6d3112d,C_3a190983bbf9,Pflichtfortbildungen stationär,null,null,DRAFT,true,false,null
A_ee79247309d4,C_d94e8e43f94f,Pflichtfortbildungen ambulant,null,null,DRAFT,true,false,null
A_59d572972e58,C_d94e8e43f94f,Pflichtfortbildungen stationär,null,null,DRAFT,true,false,null
A_463817de3588,C_9a965bf6d222,Pflichtfortbildungen ambulant,null,null,DRAFT,true,false,null
A_e27a194ab7b2,C_9a965bf6d222,Pflichtfortbildungen stationär,null,null,DRAFT,true,false,null
A_3c93b4f5e548,C_2e17fc0e09df,Pflichtfortbildungen ambulant,null,null,DRAFT,true,false,null
A_22d5201c9c14,C_2e17fc0e09df,Pflichtfortbildungen stationär,null,null,DRAFT,true,false,null
A_d918d2a84d7b,C_eb749cba3543,Pflichtfortbildungen ambulant,null,null,DRAFT,true,false,null
A_0b328efe4093,C_eb749cba3543,Pflichtfortbildungen stationär,null,null,DRAFT,true,false,null
A_e5bbdc7c1230,C_7ab0bd26d674,Pflichtfortbildungen ambulant,null,null,DRAFT,true,false,null
A_3db07e456d95,C_7ab0bd26d674,Pflichtfortbildungen stationär,null,null,DRAFT,true,false,null
A_653c981fbdaa,C_5344f45094c7,Pflichtfortbildungen ambulant,null,null,DRAFT,true,false,null
A_21921aed700b,C_5344f45094c7,Pflichtfortbildungen stationär,null,null,DRAFT,true,false,null
A_e6c5fdc5d618,C_41a5a8bed118,Pflichtfortbildungen ambulant,null,null,DRAFT,true,false,null
A_cf05c764e794,C_41a5a8bed118,Pflichtfortbildungen stationär,null,null,DRAFT,true,false,null
A_c5bcb933dbf1,C_41a5a8bed118,Testlauf,2024-01-26 00:00:00,null,ACTIVE,false,false,null
A_1245a3d59edd,C_90cd47eb76e4,Pflichtfortbildungen ambulant,null,null,DRAFT,true,false,null
A_5c2f1c363f99,C_90cd47eb76e4,Pflichtfortbildungen stationär,null,null,DRAFT,true,false,null
A_86f4e3d414fe,C_2f45aae405f3,Pflichtfortbildungen ambulant,null,null,DRAFT,true,false,null
A_0de00ed1cf19,C_2f45aae405f3,Pflichtfortbildungen stationär,null,null,DRAFT,true,false,null
A_8624020c58ac,C_d1cd73b81035,Lehrplan 20-22,2024-06-30 00:00:00,null,COMPLETED,false,false,2024-10-17 13:18:25.092011
A_d311f69aad97,C_f5a0f5ae86da,Expertenstandards,2024-12-31 00:00:00,null,ACTIVE,false,false,null
A_716143d51e65,C_87ca9d6ec8fe,Pflichtfortbildungen ambulant,null,null,DRAFT,true,false,null
A_a29aff5cfb1b,C_87ca9d6ec8fe,Pflichtfortbildungen stationär,null,null,DRAFT,true,false,null
A_300fe9d5a885,C_79274de15960,Pflichtfortbildungen stationär,null,null,DRAFT,true,false,null
A_570bcdd4b20a,C_79274de15960,Pflichtfortbildungen ambulant,null,null,DRAFT,true,false,null
A_1418d520393e,C_f5a0f5ae86da,Behandlungspflege,2024-12-31 00:00:00,null,ACTIVE,false,false,null
A_38214f52db26,C_8b391db2f616,Gefahrstoffe ,2024-01-29 00:00:00,12M,ACTIVE,false,true,null
A_aa3052ff68ee,C_8b391db2f616,Brandschutz,2024-02-10 00:00:00,null,ACTIVE,false,false,null
A_1ec708f94eaa,C_8b391db2f616,Pflichtschulung,2024-02-17 00:00:00,null,ACTIVE,false,false,null
A_e315ade53825,C_8b391db2f616,Datenschutz,2024-02-24 00:00:00,null,ACTIVE,false,false,null
A_d2af36d60102,C_8b391db2f616,Expertenstandard Schmerzmanagement,2024-03-16 00:00:00,null,ACTIVE,false,false,null
A_0ab5855d0f33,C_8b391db2f616,Expertenstandard Harninkontinenez,2024-03-30 00:00:00,null,ACTIVE,false,false,null
A_d081b625b586,C_8b391db2f616,Expertenstandard Entlassungsmanagement,2024-03-30 00:00:00,null,ACTIVE,false,false,null
A_c374bba7300e,C_8b391db2f616,Expertenstandard Dekubitusprophylaxe,2024-04-13 00:00:00,null,ACTIVE,false,false,null
A_51bb387e7195,C_8b391db2f616,Expertenstandard chronische Wunden ,2024-04-27 00:00:00,null,ACTIVE,false,false,null
A_c1c6e8405547,C_8b391db2f616,Expertenstandard Mobilitätsförderung ,2024-05-11 00:00:00,null,ACTIVE,false,false,null
A_b545b14794c9,C_8b391db2f616,Sturzprophylaxe,2024-05-25 00:00:00,null,ACTIVE,false,false,null
A_249c58b35816,C_8b391db2f616,Expertenstandard Demenz ,2024-06-08 00:00:00,null,ACTIVE,false,false,null
A_96a552a23305,C_8b391db2f616,Expertenstandard Sturzprophylaxe,2024-06-15 00:00:00,null,ACTIVE,false,false,null
A_139425bc7bb2,C_8b391db2f616,Expertenstandard Förderung der Mundgesundheit,2024-06-29 00:00:00,null,ACTIVE,false,false,null
A_ac8d39accf93,C_8b391db2f616,Erste Hilfe Teil I,2024-07-13 00:00:00,null,ACTIVE,false,false,null
A_540573ece41c,C_8b391db2f616,Erste Hilfe Teil II,2024-07-13 00:00:00,null,ACTIVE,false,false,null
A_2d1ffe8007be,C_8b391db2f616,Erste Hilfe Teil III,2024-07-13 00:00:00,null,ACTIVE,false,false,null
A_746207c515d9,C_8b391db2f616,Erste Hilfe Teil IV,2024-07-13 00:00:00,null,ACTIVE,false,false,null
A_bc39917af3d0,C_8b391db2f616,Infektionsprävention nach KRINKO,2024-07-27 00:00:00,null,ACTIVE,false,false,null
A_9f88b2ed45cb,C_8b391db2f616,Hygiene,2024-08-10 00:00:00,null,COMPLETED,false,false,2025-09-17 13:13:36.65
A_35c5c8c6c8f7,C_8b391db2f616,Urinbeutel Pflege,2024-08-24 00:00:00,null,ACTIVE,false,false,null
A_c52491176511,C_8b391db2f616,Arbeitsschutz,2024-09-14 00:00:00,null,ACTIVE,false,false,null
A_6c516f72d652,C_8b391db2f616,s.c. Injektion,2024-09-28 00:00:00,null,ACTIVE,false,false,null
A_de5102f95b37,C_8b391db2f616,Nadelstichverletzung,2024-09-28 00:00:00,null,ACTIVE,false,false,null
A_58cf120b9826,C_8b391db2f616,MRE,2024-10-11 00:00:00,null,ACTIVE,false,false,null
A_4083496995fd,C_8b391db2f616,BZ,2024-09-28 00:00:00,null,ACTIVE,false,false,null
A_e212e925fa5c,C_8b391db2f616,Arbeitsschutz: Gesetzliche Grundlagen,2024-09-14 00:00:00,null,ACTIVE,false,false,null
A_6afe500778c8,C_8b391db2f616,Körperwaschung,2024-10-25 00:00:00,null,ACTIVE,false,false,null
A_a793fe91811d,C_8b391db2f616,Mundpflege,2024-10-25 00:00:00,null,ACTIVE,false,false,null
A_a2fbd2efc16d,C_8b391db2f616,Zeitmanagement,2024-11-09 00:00:00,null,ACTIVE,false,false,null
A_42c3fa677cab,C_8b391db2f616,chronische Wunden für Hilfskräfte,2024-11-23 00:00:00,null,ACTIVE,false,false,null
A_4129e214e46e,C_8b391db2f616,Umgang mit alkoholkranken Menschen,2024-12-07 00:00:00,null,ACTIVE,false,false,null
A_fc58edf964ca,C_8b391db2f616,Eigenprävention,2024-12-21 00:00:00,null,ACTIVE,false,false,null
A_a51795c7404d,C_58dab219602d,Pflichtfortbildungen stationär,null,null,DRAFT,true,false,null
A_dd97b5b5ef0a,C_58dab219602d,Pflichtfortbildungen ambulant,null,null,DRAFT,true,false,null
A_ebebc1b51d6a,C_92acadd25153,Pflichtfortbildungen ambulant,null,null,DRAFT,true,false,null
A_71c80fa5d7f9,C_92acadd25153,Pflichtfortbildungen stationär,null,null,DRAFT,true,false,null
A_2362eaec377e,C_5f0a5db55746,Pflichtfortbildungen ambulant,null,null,DRAFT,true,false,null
A_8687b9fa8485,C_5f0a5db55746,Pflichtfortbildungen stationär,null,null,DRAFT,true,false,null
A_535cba45b291,C_380841641201,Pflichtfortbildungen ambulant,null,null,DRAFT,true,false,null
A_33badaef9745,C_380841641201,Pflichtfortbildungen stationär,null,null,DRAFT,true,false,null
A_a5909e919bae,C_395256b7d70c,Pflichtfortbildungen ambulant,null,null,DRAFT,true,false,null
A_0ca1f6f082d9,C_395256b7d70c,Pflichtfortbildungen stationär,null,null,DRAFT,true,false,null
A_35beca1b90c7,C_c63525f19e5d,Pflichtfortbildungen ambulant,null,null,DRAFT,true,false,null
A_ad00eea96a1e,C_c63525f19e5d,Pflichtfortbildungen stationär,null,null,DRAFT,true,false,null
A_38f780055ba8,C_c29ab0ccbfbb,Pflichtfortbildung,2024-03-31 00:00:00,null,COMPLETED,false,false,2024-10-17 13:18:25.092011
A_2a1f72992d10,C_c29ab0ccbfbb,Pflichtfortbildung,2024-03-31 00:00:00,null,COMPLETED,false,false,2024-10-17 13:18:25.092011
A_4e1c3e9c8283,C_fe277a76cc08,Pflichtfortbildungen ambulant,null,null,DRAFT,true,false,null
A_6c5ddce07a7a,C_fe277a76cc08,Pflichtfortbildungen stationär,null,null,DRAFT,true,false,null
A_4dca3a0a30a3,C_0395a643ad76,Pflichtfortbildungen ambulant,null,null,DRAFT,true,false,null
A_9f512dd0ef87,C_0395a643ad76,Pflichtfortbildungen stationär,null,null,DRAFT,true,false,null
A_a135aaf9e93e,C_0395a643ad76,Einarbeitung ,null,null,DRAFT,false,false,null
A_ed396dccc3c7,C_15f2d93e8370,Einarbeitung,2024-04-08 00:00:00,12M,ACTIVE,false,true,null
A_ff94655a9e53,C_2be0d097c289,Pflichtfortbildungen stationär,null,null,DRAFT,true,false,null
A_4585db2ca09c,C_2be0d097c289,Pflichtfortbildungen ambulant,null,null,DRAFT,true,false,null
A_8581dad94bb5,C_b58a511cd592,Pflichtfortbildungen stationär,null,null,DRAFT,true,false,null
A_ddbfd0eacb68,C_b58a511cd592,Pflichtfortbildungen ambulant,null,null,DRAFT,true,false,null
A_2a0dced64cdf,C_5cce6c255399,Pflichtfortbildungen ambulant,null,null,DRAFT,true,false,null
A_079a95393d12,C_5cce6c255399,Pflichtfortbildungen stationär,null,null,DRAFT,true,false,null
A_0ebd3b0d241f,C_6f61a2366f27,Pflichtfortbildungen ambulant,null,null,DRAFT,true,false,null
A_480f82828ff0,C_6f61a2366f27,Pflichtfortbildungen stationär,null,null,DRAFT,true,false,null
A_0ad502def14b,C_b54c3ef44d67,Pflichtschulung,2024-09-30 00:00:00,null,ACTIVE,false,false,null
A_570f343db932,C_647a50da70b2,Pflichtfortbildungen ambulant,null,null,DRAFT,true,false,null
A_9f0c7324e2a6,C_647a50da70b2,Pflichtfortbildungen stationär,null,null,DRAFT,true,false,null
A_c2ebf9bf8d42,C_24e72610b82e,Pflichtfortbildungen ambulant,null,null,DRAFT,true,false,null
A_05609bb42742,C_24e72610b82e,Pflichtfortbildungen stationär,null,null,DRAFT,true,false,null
A_7d9d16c0f3ff,C_d86c28622b91,Pflichtfortbildungen ambulant,null,null,DRAFT,true,false,null
A_86920622923b,C_d86c28622b91,Pflichtfortbildungen stationär,null,null,DRAFT,true,false,null
A_fea4042dc633,C_f434594112e4,Pflichtfortbildungen ambulant,null,null,DRAFT,true,false,null
A_bd978c90d09d,C_f434594112e4,Pflichtfortbildungen stationär,null,null,DRAFT,true,false,null
A_8484d600d449,C_fc46fb0545a6,Pflichtfortbildungen ambulant,null,null,DRAFT,true,false,null
A_4eb9d307b372,C_fc46fb0545a6,Pflichtfortbildungen stationär,null,null,DRAFT,true,false,null
A_ef8202622131,C_d775f1fe4295,Pflichtfortbildungen ambulant,null,null,DRAFT,true,false,null
A_05bd64318efd,C_d775f1fe4295,Pflichtfortbildungen stationär,null,null,DRAFT,true,false,null
A_622cdb3301a8,C_75a1b1ed73df,Pflichtfortbildungen ambulant,null,null,DRAFT,true,false,null
A_37aa4b71dd48,C_75a1b1ed73df,Pflichtfortbildungen stationär,null,null,DRAFT,true,false,null
A_9f4fb2f90bc4,C_c670087422ec,Pflichtfortbildungen ambulant,null,null,DRAFT,true,false,null
A_f4e6119d504d,C_c670087422ec,Pflichtfortbildungen stationär,null,null,DRAFT,true,false,null
A_53d1e5e18b60,C_e210a4cb4233,Pflichtfortbildungen ambulant,null,null,DRAFT,true,false,null
A_8ef2f334dce9,C_e210a4cb4233,Pflichtfortbildungen stationär,null,null,DRAFT,true,false,null
A_05f22c849f39,C_39ea5ce80e01,Pflichtfortbildungen ambulant,null,null,DRAFT,true,false,null
A_0c42800eadcc,C_39ea5ce80e01,Pflichtfortbildungen stationär,null,null,DRAFT,true,false,null
A_a4b477eba146,C_39ea5ce80e01,Test,2024-02-07 00:00:00,6M,ACTIVE,false,true,null
A_36374c798bf4,C_c13befd18abd,Pflichtfortbildungen ambulant,null,null,DRAFT,true,false,null
A_d43293f54358,C_c13befd18abd,Pflichtfortbildungen stationär,null,null,DRAFT,true,false,null
A_1786ae101840,C_e7abdada5842,Pflichtfortbildungen ambulant,null,null,DRAFT,true,false,null
A_4cffa92dd757,C_e7abdada5842,Pflichtfortbildungen stationär,null,null,DRAFT,true,false,null
A_46f86a8944ec,C_39ea5ce80e01,Test Schulungen,2024-02-27 00:00:00,36M,ACTIVE,false,true,null
A_811385bd50f9,C_62738badee29,Pflichtfortbildungen ambulant,null,null,DRAFT,true,false,null
A_8c3a880ebe05,C_62738badee29,Pflichtfortbildungen stationär,null,null,DRAFT,true,false,null
A_108256aa1225,C_d9411d300cdf,Pflichtfortbildungen ambulant,null,null,DRAFT,true,false,null
A_b82e379b0b47,C_d9411d300cdf,Pflichtfortbildungen stationär,null,null,DRAFT,true,false,null
A_4e80aef776b3,C_50fcf3195b21,Fortbildungsplan 2024,2024-09-30 00:00:00,null,ACTIVE,false,false,null
A_13e046300be5,C_50fcf3195b21,Fortbildungsplan 2024 Pflegehelfer- und Pflegeassistenten,2024-06-30 00:00:00,null,COMPLETED,false,false,2024-10-17 13:18:25.092011
A_2a01bcaf9fc6,C_050ab23c82a8,Pflichtfortbildungen ambulant,null,null,DRAFT,true,false,null
A_092394ca2358,C_050ab23c82a8,Pflichtfortbildungen stationär,null,null,DRAFT,true,false,null
A_292888a1610d,C_5b128d8ea940,Pflichtfortbildungen ambulant,null,null,DRAFT,true,false,null
A_21fbe4d65068,C_5b128d8ea940,Pflichtfortbildungen stationär,null,null,DRAFT,true,false,null
A_f45f290dfa0d,C_53cf4c72548b,Pflichtfortbildungen ambulant,null,null,DRAFT,true,false,null
A_c1c3c4d68097,C_53cf4c72548b,Pflichtfortbildungen stationär,null,null,DRAFT,true,false,null
A_561a0328ecea,C_06983cd961c7,Pflichtfortbildungen ambulant,null,null,DRAFT,true,false,null
A_40ca613ad2b0,C_06983cd961c7,Pflichtfortbildungen stationär,null,null,DRAFT,true,false,null
A_3018dd740931,C_b1459d20a051,Pflichtfortbildungen ambulant,null,null,DRAFT,true,false,null
A_3de4d28aa14f,C_b1459d20a051,Pflichtfortbildungen stationär,null,null,DRAFT,true,false,null
A_7621c84a8608,C_dff25926d383,Pflichtfortbildungen ambulant,null,null,DRAFT,true,false,null
A_22d852a7fd1f,C_dff25926d383,Pflichtfortbildungen stationär,null,null,DRAFT,true,false,null
A_888452b651ea,C_55413aec8d3d,Pflichtfortbildungen ambulant,null,null,DRAFT,true,false,null
A_de63cca9343d,C_55413aec8d3d,Pflichtfortbildungen stationär,null,null,DRAFT,true,false,null
A_009492a284de,C_3851a07822e1,Pflichtfortbildungen ambulant,null,null,DRAFT,true,false,null
A_6c6f92869d44,C_3851a07822e1,Pflichtfortbildungen stationär,null,null,DRAFT,true,false,null
A_5757b0490bfe,C_3851a07822e1,Hilsmitteln,2024-02-29 00:00:00,null,ACTIVE,false,false,null
A_fe270ce93347,C_7933a55a3127,Pflichtfortbildungen ambulant,null,null,DRAFT,true,false,null
A_a343760cae86,C_7933a55a3127,Pflichtfortbildungen stationär,null,null,DRAFT,true,false,null
A_fe95477eaf76,C_605ee90852d3,Pflichtfortbildungen ambulant,null,null,DRAFT,true,false,null
A_849a1bc4baf7,C_605ee90852d3,Pflichtfortbildungen stationär,null,null,DRAFT,true,false,null
A_eb9530b8fbf9,C_23c65a770802,Pflichtfortbildungen stationär,null,null,DRAFT,true,false,null
A_52b118e123d9,C_23c65a770802,Pflichtfortbildungen ambulant,null,null,DRAFT,true,false,null
A_dbf4318f68cc,C_8de6a2f81ec0,Expertenstandards ,2024-04-26 00:00:00,12M,ACTIVE,false,true,null
A_4572fb9f7ea3,C_b8b5f70bb7dd,Pflichtfortbildungen ambulant,null,null,DRAFT,true,false,null
A_4fd0d9a92c5c,C_b8b5f70bb7dd,Pflichtfortbildungen stationär,null,null,DRAFT,true,false,null
A_dd14572dfccd,C_4ad29adb1ac4,Pflichtfortbildungen ambulant,null,null,DRAFT,true,false,null
A_264dd87f9c22,C_4ad29adb1ac4,Pflichtfortbildungen stationär,null,null,DRAFT,true,false,null
A_ef46babbf0fa,C_4179f4606675,Pflichtfortbildungen ambulant,null,null,DRAFT,true,false,null
A_c905d5a4f72a,C_4179f4606675,Pflichtfortbildungen stationär,null,null,DRAFT,true,false,null
A_21a9b7d46266,C_ea132c62ba72,Pflichtfortbildungen ambulant,null,null,DRAFT,true,false,null
A_044ce2ba9551,C_ea132c62ba72,Pflichtfortbildungen stationär,null,null,DRAFT,true,false,null
A_c2104349e168,C_ebd8f66945a3,Pflichtfortbildungen ambulant,null,null,DRAFT,true,false,null
A_4f0c19fcef09,C_ebd8f66945a3,Pflichtfortbildungen stationär,null,null,DRAFT,true,false,null
A_8f28cc4e0522,C_43c4c6f761a3,Pflichtfortbildungen ambulant,null,null,DRAFT,true,false,null
A_38c061eb73a6,C_43c4c6f761a3,Pflichtfortbildungen stationär,null,null,DRAFT,true,false,null
A_1c8e4a381e14,C_56ace091a8a8,Pflichtfortbildungen ambulant,null,null,DRAFT,true,false,null
A_390f60e29058,C_56ace091a8a8,Pflichtfortbildungen stationär,null,null,DRAFT,true,false,null
A_fb787bce0813,C_3f681f3f0c67,Pflichtfortbildungen ambulant,null,null,DRAFT,true,false,null
A_3c045bec49f7,C_3f681f3f0c67,Pflichtfortbildungen stationär,null,null,DRAFT,true,false,null
A_cdb1db4906b2,C_7f13c0799d0a,Pflichtfortbildungen ambulant,null,null,DRAFT,true,false,null
A_33a21dad0a63,C_7f13c0799d0a,Pflichtfortbildungen stationär,null,null,DRAFT,true,false,null
A_810ed75a3810,C_9a40b1cd2efe,Pflichtfortbildungen ambulant,null,null,DRAFT,true,false,null
A_e923ab9ca9c8,C_9a40b1cd2efe,Pflichtfortbildungen stationär,null,null,DRAFT,true,false,null
A_121a4452559f,C_4c4d73d6eaf1,Pflichtfortbildungen ambulant,null,null,DRAFT,true,false,null
A_2b32af6daf37,C_4c4d73d6eaf1,Pflichtfortbildungen stationär,null,null,DRAFT,true,false,null
A_62bf03f7edd7,C_ba9271bf0390,Pflichtfortbildungen ambulant,null,null,DRAFT,true,false,null
A_fea35599b156,C_ba9271bf0390,Pflichtfortbildungen stationär,null,null,DRAFT,true,false,null
A_326a8f621142,C_cf3e151029f2,Pflichtfortbildungen ambulant,null,null,DRAFT,true,false,null
A_a9844d8b7af1,C_cf3e151029f2,Pflichtfortbildungen stationär,null,null,DRAFT,true,false,null
A_ccfb17501818,C_e1f8e91c347d,Pflichtfortbildungen ambulant,null,null,DRAFT,true,false,null
A_bf8786f1894e,C_e1f8e91c347d,Pflichtfortbildungen stationär,null,null,DRAFT,true,false,null
A_656822073bb4,C_08ac7ce2ea12,Pflichtfortbildungen ambulant,null,null,DRAFT,true,false,null
A_5c61208e4ca7,C_08ac7ce2ea12,Pflichtfortbildungen stationär,null,null,DRAFT,true,false,null
A_05f027930ab3,C_fbd6ad3ec26c,Pflichtfortbildungen ambulant,null,null,DRAFT,true,false,null
A_08b8fe9b3776,C_fbd6ad3ec26c,Pflichtfortbildungen stationär,null,null,DRAFT,true,false,null
A_aee9ea3017b9,C_651bbecd2f6c,Pflichtfortbildungen stationär,null,null,DRAFT,true,false,null
A_2bb32e47e337,C_fb3a43e6edbe,Pflichtfortbildungen ambulant,null,null,DRAFT,true,false,null
A_32e51551b2f4,C_fb3a43e6edbe,Pflichtfortbildungen stationär,null,null,DRAFT,true,false,null
A_347ee9e30846,C_7c4714caf7fa,Pflichtfortbildungen stationär,null,null,DRAFT,true,false,null
A_716120e14a2e,C_0725e219470d,Pflichtfortbildungen ambulant,null,null,DRAFT,true,false,null
A_4e7505818914,C_0725e219470d,Pflichtfortbildungen stationär,null,null,DRAFT,true,false,null
A_a4175de8135e,C_0336559db54e,Pflichtfortbildungen ambulant,null,null,DRAFT,true,false,null
A_d59f330dfe04,C_0336559db54e,Pflichtfortbildungen stationär,null,null,DRAFT,true,false,null
A_b8acbf5c937b,C_e1f8e91c347d,Pädiatrie,2024-03-31 00:00:00,null,ACTIVE,false,false,null
A_a416b34db268,C_7a6b070d5201,Pflichtfortbildungen ambulant,null,null,DRAFT,true,false,null
A_e766f25aef18,C_7a6b070d5201,Pflichtfortbildungen stationär,null,null,DRAFT,true,false,null
A_72175f34a2f6,C_353e5b8663a3,Pflichtfortbildungen ambulant,null,null,DRAFT,true,false,null
A_664f47840d8b,C_353e5b8663a3,Pflichtfortbildungen stationär,null,null,DRAFT,true,false,null
A_ed095b1dfa2c,C_a0d851ae8d5a,Pflichtfortbildungen ambulant,null,null,COMPLETED,true,false,2024-10-17 13:18:25.092011
A_f4378be6e54f,C_a0d851ae8d5a,Pflichtfortbildungen stationär,null,null,COMPLETED,true,false,2024-10-17 13:18:25.092011
A_652956a8ff17,C_6fa68dfac621,Pflichtfortbildungen ambulant,null,null,DRAFT,true,false,null
A_2bcc591032ae,C_6fa68dfac621,Pflichtfortbildungen stationär,null,null,DRAFT,true,false,null
A_0b96dbbb51b6,C_8d0d0d4935a2,Pflichtfortbildungen ambulant,null,null,DRAFT,true,false,null
A_4dce45a8541d,C_8d0d0d4935a2,Pflichtfortbildungen stationär,null,null,DRAFT,true,false,null
A_7c798b462e29,C_5366b4cd6a8b,Pflichtfortbildungen ambulant,null,null,DRAFT,true,false,null
A_fb3bc77337f2,C_7c3de7b32496,Palliative Care,2025-08-31 00:00:00,null,COMPLETED,false,false,null
A_73ee1b24fefc,C_2f2e85a96dfc,Fortbildungen 4-6,2024-06-30 00:00:00,null,ACTIVE,false,false,null
A_db683082fdc2,C_47d480f6d5d6,Pflichtfortbildungen ambulant,null,null,DRAFT,true,false,null
A_ef810b28db73,C_47d480f6d5d6,Pflichtfortbildungen stationär,null,null,DRAFT,true,false,null
A_205666fac97a,C_47d480f6d5d6,PFLICHTSCHULUNGEN,null,12M,DRAFT,false,true,null
A_ff70600774d4,C_fbc49e1a54c0,Pflichtfortbildungen ambulant,null,null,DRAFT,true,false,null
A_60fa6ab9addd,C_fbc49e1a54c0,Pflichtfortbildungen stationär,null,null,DRAFT,true,false,null
A_dcd672da1e75,C_de6df11ab533,Pflichtfortbildungen ambulant,null,null,DRAFT,true,false,null
A_b32f31739d08,C_de6df11ab533,Pflichtfortbildungen stationär,null,null,DRAFT,true,false,null
A_10a4d4f2f8e3,C_099e8cb8142a,1 - Pflichtfortbildungen - Leichte Sprache,null,null,DRAFT,false,false,null
A_a4981b887546,C_099e8cb8142a,1 - Pflichtfortbildungen,null,null,DRAFT,false,false,null
A_90e26ef4d3ec,C_099e8cb8142a,3 - Pflegehelfer - Leichte Sprache,null,null,DRAFT,false,false,null
A_cdd1dd4e01e2,C_099e8cb8142a,3 - Pflegehelfer,null,null,DRAFT,false,false,null
A_d7c15bf29ccc,C_099e8cb8142a,2 - Pflegekraft - Leichte Sprache,null,null,DRAFT,false,false,null
A_9109669a2191,C_099e8cb8142a,2 - Pflegekraft,null,null,DRAFT,false,false,null
A_12bc298bdbde,C_099e8cb8142a,5 - Büroarbeit -  Leichte Sprache,null,null,DRAFT,false,false,null
A_0970440841da,C_099e8cb8142a,5 - Büroarbeit,null,null,DRAFT,false,false,null
A_02dcaba829de,C_099e8cb8142a,4 - Pflegefachkraft - Leichte Sprache,null,null,DRAFT,false,false,null
A_63b8635774a5,C_099e8cb8142a,4 - Pflegefachkraft,null,null,DRAFT,false,false,null
A_4c499051c36d,C_099e8cb8142a,2 - Pflegekraft,null,null,DRAFT,false,false,null
A_b1107efde84b,C_a766fc991d46,Pflichtfortbildungen ambulant,null,null,DRAFT,true,false,null
A_1a535d684cce,C_a766fc991d46,Pflichtfortbildungen stationär,null,null,DRAFT,true,false,null
A_e1e8e057074f,C_998ea39d544f,Pflichtfortbildungen ambulant,null,null,DRAFT,true,false,null
A_fae606a88627,C_998ea39d544f,Pflichtfortbildungen stationär,null,null,DRAFT,true,false,null
A_898415326681,C_45af4cf10f43,Pflichtfortbildungen ambulant,null,null,DRAFT,true,false,null
A_ba2c6be36c23,C_45af4cf10f43,Pflichtfortbildungen stationär,null,null,DRAFT,true,false,null
A_d651ac4b12a2,C_0a5732a66cf3,Pflichtfortbildungen ambulant,null,null,DRAFT,true,false,null
A_7e927d31e31e,C_0a5732a66cf3,Pflichtfortbildungen stationär,null,null,DRAFT,true,false,null
A_d990358adfee,C_cfa3c1725b0b,Pflichtfortbildungen ambulant,null,null,DRAFT,true,false,null
A_58966e781f3b,C_cfa3c1725b0b,Pflichtfortbildungen stationär,null,null,DRAFT,true,false,null
A_492e80be177a,C_34e6b4a768a9,Pflichtfortbildungen ambulant,null,null,DRAFT,true,false,null
A_d0763348fd1b,C_34e6b4a768a9,Pflichtfortbildungen stationär,null,null,DRAFT,true,false,null
A_9e6a5c51dfca,C_99d598d32dc5,Pflichtfortbildungen ambulant,null,null,DRAFT,true,false,null
A_b7ae03960b32,C_99d598d32dc5,Pflichtfortbildungen stationär,null,null,DRAFT,true,false,null
A_857fce6ad649,C_684931998e83,Pflichtfortbildungen ambulant,null,null,DRAFT,true,false,null
A_3f5e23108a49,C_684931998e83,Pflichtfortbildungen stationär,null,null,DRAFT,true,false,null
A_a2ff46efce41,C_376afd055848,Pflichtfortbildungen ambulant,null,null,DRAFT,true,false,null
A_645f99c5b9fe,C_376afd055848,Pflichtfortbildungen stationär,null,null,DRAFT,true,false,null
A_42226cf8658d,C_6a48a1004564,Pflichtfortbildungen ambulant,null,null,DRAFT,true,false,null
A_f61d4a28522a,C_6a48a1004564,Pflichtfortbildungen stationär,null,null,DRAFT,true,false,null
A_5f168668a555,C_a70d1245a6d1,Pflichtfortbildungen ambulant,null,null,DRAFT,true,false,null
A_656a0562781a,C_a70d1245a6d1,Pflichtfortbildungen stationär,null,null,DRAFT,true,false,null
A_665a247deebc,C_58b856d3005e,Pflichtfortbildungen ambulant,null,null,DRAFT,true,false,null
A_c9324ed4e8ea,C_58b856d3005e,Pflichtfortbildungen stationär,null,null,DRAFT,true,false,null
A_8670cdc793d3,C_a27d7d10fecb,Pflichtfortbildungen ambulant,null,null,DRAFT,true,false,null
A_92bb3e18c582,C_a27d7d10fecb,Pflichtfortbildungen stationär,null,null,DRAFT,true,false,null
A_04f32ecaa472,C_f615491b1b5b,Pflichtfortbildungen ambulant,null,null,DRAFT,true,false,null
A_2866b013bb51,C_f615491b1b5b,Pflichtfortbildungen stationär,null,null,DRAFT,true,false,null
A_0c1ba1f949e6,C_c1603493a227,Pflichtfortbildungen ambulant,null,null,DRAFT,true,false,null
A_409d5df55fcd,C_c1603493a227,Pflichtfortbildungen stationär,null,null,DRAFT,true,false,null
A_0d7765d545b1,C_bdc7c27b3662,Pflichtfortbildungen stationär,null,null,DRAFT,true,false,null
A_c52bdb379394,C_bdc7c27b3662,Pflichtfortbildungen ambulant,null,null,DRAFT,true,false,null
A_d07493fa72a7,C_ad130239f96b,Pflichtfortbildungen stationär,null,null,DRAFT,true,false,null
A_12875a986667,C_ad130239f96b,Schulungen PK's (+FK's),null,null,DRAFT,false,false,null
A_5051bf7282ef,C_ad130239f96b,Schulungen FK's,null,null,DRAFT,false,false,null
A_a4dd00599190,C_ad130239f96b,Leitungskraft,null,6M,DRAFT,false,true,null
A_2e72a0f7c45b,C_cc29f62d79e6,Pflichtfortbildungen ambulant,null,null,DRAFT,true,false,null
A_f1c752183037,C_cc29f62d79e6,Pflichtfortbildungen stationär,null,null,DRAFT,true,false,null
A_0a732337c183,C_cc29f62d79e6,Pflichtschulungen,null,null,DRAFT,false,false,null
A_7e33c40974ee,C_cc29f62d79e6,Pflichtschulungen,null,null,DRAFT,false,false,null
A_4c7c2c7ca22c,C_64e5d40b7a69,Pflichtfortbildungen stationär,null,null,DRAFT,true,false,null
A_eb67ef07b4e7,C_efd4608dcb10,Pflichtfortbildungen ambulant,null,null,DRAFT,true,false,null
A_7fda78c013b3,C_efd4608dcb10,Pflichtfortbildungen stationär,null,null,DRAFT,true,false,null
A_e347c145e6db,C_a67800a56298,Pflichtfortbildungen ambulant,null,null,DRAFT,true,false,null
A_8df9dd661b44,C_a67800a56298,Pflichtfortbildungen stationär,null,null,DRAFT,true,false,null
A_c6f57b7abfbf,C_6c1c5e3090f0,Pflichtfortbildungen ambulant,null,null,DRAFT,true,false,null
A_d3ba290323cb,C_6c1c5e3090f0,Pflichtfortbildungen stationär,null,null,DRAFT,true,false,null
A_4eae2579e5c9,C_83f9ddd2a988,Pflichtfortbildungen ambulant,null,null,DRAFT,true,false,null
A_c024d061ec9a,C_83f9ddd2a988,Pflichtfortbildungen stationär,null,null,DRAFT,true,false,null
A_20ce2afacfda,C_64e5d40b7a69,Sofortmaßnahmen in Notfallsituationen,2024-03-21 00:00:00,null,ACTIVE,false,false,null
A_99da1b565a2c,C_1cefac300fbc,Pflichtfortbildungen ambulant,null,null,DRAFT,true,false,null
A_2ff848f2bbf0,C_1cefac300fbc,Pflichtfortbildungen stationär,null,null,DRAFT,true,false,null
A_ec92edb9d31e,C_e7efe2c776a7,Pflichtfortbildungen ambulant,null,null,DRAFT,true,false,null
A_396248a5eac5,C_e7efe2c776a7,Pflichtfortbildungen stationär,null,null,DRAFT,true,false,null
A_889c05d59b7a,C_e7efe2c776a7,Pädiatrie,null,null,DRAFT,false,false,null
A_d8a1d6985f9d,C_0f88b6105a3f,Pflichtfortbildungen ambulant,null,null,DRAFT,true,false,null
A_2cce23a3f739,C_0f88b6105a3f,Pflichtfortbildungen stationär,null,null,DRAFT,true,false,null
A_732b14d9fab7,C_ea4c5ce5406c,Pflichtfortbildungen ambulant,null,null,DRAFT,true,false,null
A_4e6d2a8ec7f3,C_ea4c5ce5406c,Pflichtfortbildungen stationär,null,null,DRAFT,true,false,null
A_ebe21282719b,C_a22c8dac4429,Pflichtfortbildungen ambulant,null,null,DRAFT,true,false,null
A_3491fa63f237,C_a22c8dac4429,Pflichtfortbildungen stationär,null,null,DRAFT,true,false,null
A_36eeff59538a,C_3cbf4ddbaafb,Pflichtfortbildungen ambulant,null,null,DRAFT,true,false,null
A_2a4c7937d409,C_3cbf4ddbaafb,Pflichtfortbildungen stationär,null,null,DRAFT,true,false,null
A_f84e03727416,C_5660a783d592,Pflichtfortbildungen ambulant,null,null,DRAFT,true,false,null
A_6db74dc008a5,C_5660a783d592,Pflichtfortbildungen stationär,null,null,DRAFT,true,false,null
A_64e99eb4a6fc,C_5660a783d592,Arbeitsschutz ,2024-03-31 00:00:00,null,ACTIVE,false,false,null
A_d425ec8baa81,C_1a6e92ff7494,Hygiene,2024-11-30 00:00:00,null,ACTIVE,false,false,null
A_16a27d495699,C_b782fb031a88,Pflichtfortbildungen ambulant,null,null,DRAFT,true,false,null
A_f7909fd2e84a,C_b782fb031a88,Pflichtfortbildungen stationär,null,null,DRAFT,true,false,null
A_8fbcf33be2f4,C_687edd885327,Pflichtfortbildungen ambulant,null,null,DRAFT,true,false,null
A_e8fd50668b9a,C_687edd885327,Pflichtfortbildungen stationär,null,null,DRAFT,true,false,null
A_436befcd4ae5,C_0a9883445c7d,Pflichtfortbildungen ambulant,null,null,DRAFT,true,false,null
A_b48d94fd2910,C_0a9883445c7d,Pflichtfortbildungen stationär,null,null,DRAFT,true,false,null
A_ddc27cf1555d,C_bd41495f092f,Pflichtfortbildungen ambulant,null,null,COMPLETED,true,false,2024-10-17 13:18:25.092011
A_6488cfe5c5e5,C_bd41495f092f,Pflichtfortbildungen stationär,null,null,DRAFT,true,false,null
A_62e57423d528,C_a6310bbe72cb,Pflichtfortbildungen ambulant,2024-04-17 00:00:00,null,ACTIVE,true,false,null
A_cd7b449b64e7,C_a6310bbe72cb,Pflichtfortbildungen stationär,2024-03-31 00:00:00,null,ACTIVE,true,false,null
A_d432a34a3469,C_a6310bbe72cb,Pflichtschulungen,2024-04-17 00:00:00,6M,ACTIVE,false,true,null
A_bebf0442d897,C_4d174241e4b9,Pflichtfortbildungen ambulant,null,null,DRAFT,true,false,null
A_9a51801858a6,C_4d174241e4b9,Pflichtfortbildungen stationär,null,null,DRAFT,true,false,null
A_e74714a0cb3e,C_044908296dd4,Pflichtfortbildungen ambulant,null,null,DRAFT,true,false,null
A_324524cef167,C_044908296dd4,Pflichtfortbildungen stationär,null,null,DRAFT,true,false,null
A_91e8b2be5429,C_c377e268420d,Pflichtfortbildungen ambulant,null,null,DRAFT,true,false,null
A_a2644263aef6,C_c377e268420d,Pflichtfortbildungen stationär,null,null,DRAFT,true,false,null
A_372213bc12f6,C_ea6e6ce05d89,Pflichtfortbildungen ambulant,null,null,DRAFT,true,false,null
A_8cb3a8c2922a,C_ea6e6ce05d89,Pflichtfortbildungen stationär,null,null,DRAFT,true,false,null
A_615ef0da88ce,C_7f5a20686de9,Pflichtfortbildungen ambulant,null,null,DRAFT,true,false,null
A_8fa455395f69,C_7f5a20686de9,Pflichtfortbildungen stationär,null,null,DRAFT,true,false,null
A_b905aae2fe03,C_6722784cb14d,Pflichtfortbildungen ambulant,null,null,DRAFT,true,false,null
A_f9982880db45,C_6722784cb14d,Pflichtfortbildungen stationär,null,null,DRAFT,true,false,null
A_e402a3a1bf88,C_eae5262c5df8,Pflichtfortbildungen ambulant,null,null,DRAFT,true,false,null
A_592c334aee84,C_eae5262c5df8,Pflichtfortbildungen stationär,null,null,DRAFT,true,false,null
A_a64d6cac04b2,C_59ccd50b2283,Pflichtfortbildungen ambulant,null,null,DRAFT,true,false,null
A_1401f10f9873,C_59ccd50b2283,Pflichtfortbildungen stationär,null,null,DRAFT,true,false,null
A_4ee80c5171b3,C_dd81ea091d82,Pflichtfortbildungen stationär,null,null,DRAFT,true,false,null
A_b417ed19fc95,C_dd81ea091d82,Pflichtfortbildungen ambulant,null,null,DRAFT,true,false,null
A_9350a65b1a88,C_0ff60e3f51e0,Pflichtfortbildungen stationär,null,null,DRAFT,true,false,null
A_544a1bbaef67,C_0ff60e3f51e0,Pflichtfortbildungen ambulant,null,null,DRAFT,true,false,null
A_1b3a6c4a03d2,C_0ff60e3f51e0,Pädiatrische Intensivpflege,null,null,DRAFT,false,false,null
A_6989041c0c72,C_85ef035addbe,Pflichtfortbildungen ambulant,null,null,DRAFT,true,false,null
A_eff71cf89e5d,C_85ef035addbe,Pflichtfortbildungen stationär,null,null,DRAFT,true,false,null
A_bfb00f81e3ec,C_225b05ab147e,Pflichtfortbildungen ambulant,null,null,DRAFT,true,false,null
A_a5e36f28f690,C_225b05ab147e,Pflichtfortbildungen stationär,null,null,DRAFT,true,false,null
A_ffdc19b13c7c,C_c72d498b9a62,Pflichtfortbildungen ambulant,null,null,DRAFT,true,false,null
A_88a67eabaa31,C_c72d498b9a62,Pflichtfortbildungen stationär,null,null,DRAFT,true,false,null
A_38ccd4b5098d,C_0ff60e3f51e0,Pädiatrie,null,null,DRAFT,false,false,null
A_c1db7d39f5a3,C_1ffde3b1aa9b,Pflichtfortbildungen ambulant,null,null,DRAFT,true,false,null
A_056e563d4cce,C_1ffde3b1aa9b,Pflichtfortbildungen stationär,null,null,DRAFT,true,false,null
A_1259c9addf9f,C_d4c49c00d19a,Pflichtfortbildungen ambulant,null,null,DRAFT,true,false,null
A_759d71b7797a,C_d4c49c00d19a,Pflichtfortbildungen stationär,null,null,DRAFT,true,false,null
A_aa10efb6989f,C_c9f2f1737963,Pflichtfortbildungen ambulant,null,null,DRAFT,true,false,null
A_7b780c487ea1,C_c9f2f1737963,Pflichtfortbildungen stationär,null,null,DRAFT,true,false,null
A_7d5cc594198c,C_8c2edb069893,Pflichtfortbildungen ambulant,null,null,DRAFT,true,false,null
A_797ca61b0ae6,C_8c2edb069893,Pflichtfortbildungen stationär,null,null,DRAFT,true,false,null
A_1c4652f146cc,C_d427d884f697,Pflichtfortbildungen stationär,null,null,DRAFT,true,false,null
A_5322295aec02,C_d427d884f697,Pflichtfortbildungen ambulant,null,null,DRAFT,true,false,null
A_ca711a0ab578,C_d1cd73b81035,Lehrplan 23-26,2024-08-31 00:00:00,null,ACTIVE,false,false,null
A_c010b3a1bc33,C_9e329524ddf8,Pflichtfortbildungen ambulant,null,null,DRAFT,true,false,null
A_769686f1954e,C_9e329524ddf8,Pflichtfortbildungen stationär,null,null,DRAFT,true,false,null
A_7b322e667aaa,C_0a331314796b,Demo Denise,null,12M,DRAFT,false,true,null
A_377ed1f8c60f,C_1fe073a04201,Pflichtfortbildungen ambulant,null,null,DRAFT,true,false,null
A_39ea0fc2c42b,C_1fe073a04201,Pflichtfortbildungen stationär,null,null,DRAFT,true,false,null
A_3313557c5ebd,C_6a1f6aa9b6af,optionale Kurse Arbeitssicherheit,2024-12-31 00:00:00,null,ACTIVE,true,false,null
A_2e6b5f679d2f,C_6a1f6aa9b6af,Pflichtkurse Arbeitssicherheit,2024-12-31 00:00:00,null,ACTIVE,true,false,null
A_5d842f5ca666,C_03762e7c3741,Pflichtfortbildungen ambulant,null,null,DRAFT,true,false,null
A_5b65ab61d624,C_03762e7c3741,Pflichtfortbildungen stationär,null,null,DRAFT,true,false,null
A_88e8bd973d1c,C_aca6463f431c,Pflichtfortbildungen ambulant,null,null,DRAFT,true,false,null
A_d108d2aad40b,C_aca6463f431c,Pflichtfortbildungen stationär,null,null,DRAFT,true,false,null
A_427c011ea812,C_38730ab7eb0a,Pflichtfortbildungen ambulant,null,null,DRAFT,true,false,null
A_240d493a2d2c,C_38730ab7eb0a,Pflichtfortbildungen stationär,null,null,DRAFT,true,false,null
A_0a5688cdc93d,C_82d1607dbd51,Pflichtfortbildungen ambulant,null,null,DRAFT,true,false,null
A_421a2cb4687c,C_82d1607dbd51,Pflichtfortbildungen stationär,null,null,DRAFT,true,false,null
A_b3cb868a05aa,C_576c1729f48f,Pflichtfortbildungen ambulant,null,null,DRAFT,true,false,null
A_011d97e6032c,C_576c1729f48f,Pflichtfortbildungen stationär,null,null,DRAFT,true,false,null
A_1ec2da87a51c,C_6678d49184c4,Arbeitssicherheit - optionale Module,2024-12-31 00:00:00,null,ACTIVE,false,false,null
A_38497d3bf746,C_8de6a2f81ec0,außerklinische ITS Pflege ,2024-12-23 00:00:00,6M,ACTIVE,false,true,null
A_a377d34bbda0,C_2cae761035ea,Pflichtfortbildungen ambulant,null,null,DRAFT,true,false,null
A_592a3cb96ed2,C_2cae761035ea,Pflichtfortbildungen stationär,null,null,DRAFT,true,false,null
A_1bdab3c18acb,C_ab339c516725,Pflichtfortbildungen ambulant,2024-04-20 00:00:00,null,ACTIVE,true,false,null
A_e620561f0ff8,C_ab339c516725,Pflichtfortbildungen stationär,null,null,DRAFT,true,false,null
A_7be8120eeb03,C_6678d49184c4,Arbeitssicherheit Pflichtkurse,2024-12-31 00:00:00,null,ACTIVE,false,false,null
A_44c388f89606,C_3fbca8bf0298,Datenschutz,null,null,DRAFT,true,false,null
A_7dc47f8e0ca5,C_3fbca8bf0298,Pflichtfortbildungen stationär,null,null,DRAFT,true,false,null
A_a8d3c9b35fc2,C_3fbca8bf0298,Expertenstandart Demenz,2024-04-27 00:00:00,null,ACTIVE,false,false,null
A_65e38bc0cd6f,C_0a7e13477d76,Pflichtfortbildungen ambulant,null,null,DRAFT,true,false,null
A_199cb515272d,C_0a7e13477d76,Pflichtfortbildungen stationär,null,null,DRAFT,true,false,null
A_0819ac29bae2,C_81451b741eb6,Pflichtfortbildungen ambulant,null,null,DRAFT,true,false,null
A_e78d73209478,C_81451b741eb6,Pflichtfortbildungen stationär,null,null,DRAFT,true,false,null
A_001e5bc9bc28,C_27997e855f84,Pflichtfortbildungen ambulant,null,null,DRAFT,true,false,null
A_44c945dc76d3,C_27997e855f84,Pflichtfortbildungen stationär,null,null,DRAFT,true,false,null
A_ad45a7ecc9b3,C_635710cd86ed,Pflichtfortbildungen ambulant,null,null,DRAFT,true,false,null
A_243ff8e8c7e2,C_635710cd86ed,Pflichtfortbildungen stationär,null,null,DRAFT,true,false,null
A_1582ea09ee0d,C_8b84cbd05bdd,Pflichtfortbildungen ambulant,null,null,DRAFT,true,false,null
A_945bd6bb48bd,C_8b84cbd05bdd,Pflichtfortbildungen stationär,null,null,DRAFT,true,false,null
A_53b81fab87ed,C_2e0d97fa3a70,Pflichtfortbildungen ambulant,null,null,DRAFT,true,false,null
A_13616924f6a0,C_2e0d97fa3a70,Pflichtfortbildungen stationär,null,null,DRAFT,true,false,null
A_928bf21b2093,C_ea0f35ab71b1,Pflichtfortbildungen stationär,null,null,DRAFT,true,false,null
A_a74da081f7b7,C_ea0f35ab71b1,Pflichtfortbildungen ambulant,null,null,DRAFT,true,false,null
A_f845050b0cbf,C_f58325ffd1f9,Pflichtfortbildungen ambulant,null,null,DRAFT,true,false,null
A_85611335d64d,C_f58325ffd1f9,Pflichtfortbildungen stationär,null,null,DRAFT,true,false,null
A_09066381b7b5,C_c2fb39d3e280,Pflichtfortbildungen ambulant,null,null,DRAFT,true,false,null
A_0477fdf4f60e,C_c2fb39d3e280,Pflichtfortbildungen stationär,null,null,DRAFT,true,false,null
A_1a483a5c581c,C_0cc4ab6f4d03,Pflichtfortbildungen ambulant,null,null,DRAFT,true,false,null
A_f6311a7d6911,C_0cc4ab6f4d03,Pflichtfortbildungen stationär,null,null,DRAFT,true,false,null
A_a3ec2b4d5177,C_f7cfa5e58d56,Pflichtfortbildungen ambulant,null,null,DRAFT,true,false,null
A_397073b046fe,C_f7cfa5e58d56,Pflichtfortbildungen stationär,null,null,DRAFT,true,false,null
A_f298f188a22c,C_ffa5459ef847,Pflichtfortbildungen ambulant,null,null,DRAFT,true,false,null
A_225055323b4d,C_ffa5459ef847,Pflichtfortbildungen stationär,null,null,DRAFT,true,false,null
A_b2607e06c1f3,C_ffa5459ef847,Hygiene,null,null,DRAFT,false,false,null
A_8468efa3dedc,C_def126576ee1,Pflichtfortbildungen ambulant,null,null,DRAFT,true,false,null
A_059c01d9072f,C_def126576ee1,Pflichtfortbildungen stationär,null,null,DRAFT,true,false,null
A_2a2191646e7c,C_3af6c01fc132,Pflichtfortbildungen ambulant,null,null,DRAFT,true,false,null
A_65d2a1f08b4c,C_3af6c01fc132,Pflichtfortbildungen stationär,null,null,DRAFT,true,false,null
A_dfdf8720b9d3,C_c399da126eb1,Test für alle :),2024-06-18 00:00:00,null,COMPLETED,false,false,2025-10-15 11:21:31.931
A_4319559ea904,C_6d7ea7925d57,Pflichtfortbildungen ambulant,null,null,DRAFT,true,false,null
A_a620a342bd2c,C_6d7ea7925d57,Pflichtfortbildungen stationär,null,null,DRAFT,true,false,null
A_0e8659c38eef,C_5c2cfe89f86d,Pflichtfortbildungen ambulant,null,null,DRAFT,true,false,null
A_9f9e5f50612e,C_5c2cfe89f86d,Pflichtfortbildungen stationär,null,null,DRAFT,true,false,null
A_5b70b3a519bd,C_c29ab0ccbfbb,Pflichtfortbildung HW,2024-09-30 00:00:00,null,COMPLETED,false,false,2025-01-21 16:24:37.825
A_ede9b6eb8929,C_c29ab0ccbfbb,Pflichtfortbildungen HK,2024-09-30 00:00:00,null,COMPLETED,false,false,2025-09-22 04:17:34.364
A_b328bf97783a,C_c29ab0ccbfbb,Pflichtfortbildungen FK,2024-09-30 00:00:00,null,COMPLETED,false,false,2025-02-18 07:10:29.861
A_1069cab9d03e,C_105404827e0f,Pflichtfortbildungen ambulant,null,null,DRAFT,true,false,null
A_ce02a7ff3abe,C_105404827e0f,Pflichtfortbildungen stationär,null,null,DRAFT,true,false,null
A_5c85cee14117,C_7c3de7b32496,Expertenstandards,2024-12-31 00:00:00,24M,COMPLETED,false,true,null
A_6ffed09fd1f7,C_7c3de7b32496,Expertenstandards,2024-12-31 00:00:00,24M,COMPLETED,false,true,null
A_474fa9ac5743,C_bdc68d24b14e,Pflichtfortbildungen ambulant,null,null,DRAFT,true,false,null
A_ff998449cd2a,C_bdc68d24b14e,Pflichtfortbildungen stationär,null,null,DRAFT,true,false,null
A_d0e80273ee6b,C_e3e5cd6eb0c4,Pflichtfortbildungen ambulant,null,null,DRAFT,true,false,null
A_ac56708d7f2d,C_e3e5cd6eb0c4,Pflichtfortbildungen stationär,null,null,DRAFT,true,false,null
A_a969c80a3061,C_8ccbe2487417,Pflichtfortbildungen ambulant,null,null,DRAFT,true,false,null
A_1427009b5196,C_8ccbe2487417,Pflichtfortbildungen stationär,null,null,DRAFT,true,false,null
A_c102c44f05d5,C_5db33a074bb1,Pflichtfortbildungen ambulant,null,null,DRAFT,true,false,null
A_0815872d34fa,C_5db33a074bb1,Pflichtfortbildungen stationär,null,null,DRAFT,true,false,null
A_6064a8ba7624,C_5db33a074bb1,Pflicht,null,null,DRAFT,false,false,null
A_7dcae59e8065,C_72f14b2b75db,Pflichtfortbildungen ambulant,null,null,DRAFT,true,false,null
A_28fe9935c204,C_72f14b2b75db,Pflichtfortbildungen stationär,null,null,DRAFT,true,false,null
A_d5db601168e3,C_541eea12e393,Pflichtfortbildungen ambulant,null,null,DRAFT,true,false,null
A_5f40ae626216,C_541eea12e393,Pflichtfortbildungen stationär,null,null,DRAFT,true,false,null
A_59eab32d6ac6,C_7ffa9c8eacad,Pflichtfortbildungen ambulant,null,12M,DRAFT,false,true,null
A_90d0ac89db65,C_37b106e2eb20,Testlauf,2024-06-30 00:00:00,null,ACTIVE,true,false,null
A_1413fa076ff6,C_1f2dcfd5074a,Pflichtfortbildungen stationär,null,null,DRAFT,true,false,null
A_c8db3e9591cc,C_1f2dcfd5074a,Pflichtfortbildungen ambulant,null,null,DRAFT,true,false,null
A_a865a1a9c89d,C_8eca8810f685,Pflichtfortbildungen ambulant,null,null,DRAFT,true,false,null
A_bed8f3b64b57,C_8eca8810f685,Pflichtfortbildungen stationär,null,null,DRAFT,true,false,null
A_106ea5f752c4,C_e24b4ebc2f98,Pflichtfortbildungen ambulant,null,null,DRAFT,true,false,null
A_5d9a68fb08f0,C_e24b4ebc2f98,Pflichtfortbildungen stationär,null,null,DRAFT,true,false,null
A_a0b8c821d54f,C_7dd0b09522a3,Pflichtfortbildungen ambulant,null,null,DRAFT,true,false,null
A_ea663bf947e4,C_7dd0b09522a3,Pflichtfortbildungen stationär,null,null,DRAFT,true,false,null
A_883f302f648e,C_623b805b844b,Pflichtfortbildungen stationär,null,null,DRAFT,true,false,null
A_d9f900281a13,C_623b805b844b,Pflichtfortbildungen ambulant,null,null,DRAFT,true,false,null
A_6282d87a96e7,C_8fa942b4dae3,Pflichtschulungen Ambulant 2024,2024-06-11 00:00:00,12M,ACTIVE,false,true,null
A_7a5c51441634,C_e24b4ebc2f98,Pflichtschulungen,2024-09-30 00:00:00,12M,ACTIVE,false,true,null
A_9840713c60e0,C_e24b4ebc2f98,"""Das kleine 1x1""",2024-12-31 00:00:00,12M,ACTIVE,false,true,null
A_d49e9f966bee,C_471a6ee6314b,Pflichtfortbildungen ambulant,null,null,DRAFT,true,false,null
A_b1909bd31b87,C_471a6ee6314b,Pflichtfortbildungen stationär,null,null,DRAFT,true,false,null
A_bdbb928b0638,C_0f0d16947d7c,Pflichtfortbildungen ambulant,null,null,DRAFT,true,false,null
A_24ead8440fc4,C_0f0d16947d7c,Pflichtfortbildungen stationär,null,null,DRAFT,true,false,null
A_5689a9264320,C_530a5f1ab8a5,Pflichtfortbildungen ambulant,null,null,DRAFT,true,false,null
A_a7fbb4ce550a,C_530a5f1ab8a5,Pflichtfortbildungen stationär,null,null,DRAFT,true,false,null
A_0149ece01649,C_32d2eeece6b8,Pflichtfortbildungen ambulant,null,null,DRAFT,true,false,null
A_6e80ef4d7934,C_32d2eeece6b8,Pflichtfortbildungen stationär,null,null,DRAFT,true,false,null
A_1af59f51b394,C_e1dfc5499ce0,Pflichtfortbildungen ambulant,null,null,DRAFT,true,false,null
A_e0271aba64c8,C_e1dfc5499ce0,Pflichtfortbildungen stationär,null,null,DRAFT,true,false,null
A_46c474db1aa0,C_3f441e578d12,Pflichtfortbildungen ambulant,null,null,DRAFT,true,false,null
A_d8921c2c4b0b,C_3f441e578d12,Pflichtfortbildungen stationär,null,null,DRAFT,true,false,null
A_2829b55fc6af,C_c399da126eb1,Expertenstandard Ernährung,2024-07-18 00:00:00,null,ACTIVE,false,false,null
A_cbb6e0f70fe5,C_36ed17f6a1c0,Pflichtfortbildungen ambulant,null,null,DRAFT,true,false,null
A_928eb1c97539,C_36ed17f6a1c0,Pflichtfortbildungen stationär,null,null,DRAFT,true,false,null
A_a110673dc67f,C_8968dd5cc123,Pflichtfortbildungen ambulant,null,null,DRAFT,true,false,null
A_5e21b7fbb9c7,C_8968dd5cc123,Pflichtfortbildungen stationär,null,null,DRAFT,true,false,null
A_27d95039172a,C_d7e04e354fb0,Pflichtfortbildungen ambulant,null,null,DRAFT,true,false,null
A_ffdbcc2263b9,C_d7e04e354fb0,Pflichtfortbildungen stationär,null,null,DRAFT,true,false,null
A_94397db6aab5,C_b9f9eed4e528,Pflichtfortbildungen ambulant,null,null,DRAFT,true,false,null
A_08d30c0c03c0,C_b9f9eed4e528,Pflichtfortbildungen stationär,null,null,DRAFT,true,false,null
A_ac3d39642c0e,C_c0977c4b0efd,Pflichtfortbildungen ambulant,null,null,DRAFT,true,false,null
A_b53263e65da9,C_c0977c4b0efd,Pflichtfortbildungen stationär,null,null,DRAFT,true,false,null
A_a313b1303890,C_b6b487168611,Pflichtfortbildungen ambulant,null,null,DRAFT,true,false,null
A_faa7b6f32739,C_b6b487168611,Pflichtfortbildungen stationär,null,null,DRAFT,true,false,null
A_e7cde4c22066,C_709703a69bd4,Pflichtfortbildungen stationär,null,null,DRAFT,true,false,null
A_5bbcdcd41537,C_709703a69bd4,Pflichtfortbildungen ambulant,null,null,DRAFT,true,false,null
A_38fc1c1c7e8d,C_e24b4ebc2f98,Fachbezogenes Deutsch,2025-07-30 00:00:00,null,COMPLETED,false,false,2025-06-02 14:19:40.829
A_e4f4de5c762a,C_0a331314796b,xyz,2024-11-01 00:00:00,null,COMPLETED,false,false,2024-10-17 13:18:25.092011
A_c4945a0c210c,C_12a6e2912b41,Pflichtfortbildungen ambulant,null,null,DRAFT,true,false,null
A_e6f435008077,C_12a6e2912b41,Pflichtfortbildungen stationär,null,null,DRAFT,true,false,null
A_6beeb6152b2e,C_24c307e43141,Pflichtfortbildungen ambulant,null,null,DRAFT,true,false,null
A_a6d163fe9257,C_24c307e43141,Pflichtfortbildungen stationär,null,null,DRAFT,true,false,null
A_56144b339ec7,C_344286ccc7a5,Pflichtfortbildungen stationär,null,null,DRAFT,true,false,null
A_39fb0391637f,C_344286ccc7a5,Pflichtfortbildungen ambulant,null,null,DRAFT,true,false,null
A_fe1b78384a5c,C_909dc308ae96,Prävention von Katheter-assoziierten Harnwegsinfektionen,2024-06-24 00:00:00,12M,COMPLETED,false,true,2024-10-17 13:18:25.092011
A_facf72608a50,C_d1cd73b81035,Lehrplan 27-30,2024-11-30 00:00:00,null,ACTIVE,false,false,null
A_f77b1aefd7a7,C_824609dfee36,Pflichtfortbildungen Hauswirtschaftskräfte,2024-12-31 00:00:00,null,ACTIVE,false,false,null
A_4c0f2047d07e,C_3fbca8bf0298,Pflichtschulungen,2024-07-31 00:00:00,null,ACTIVE,false,false,null
A_222b89be054a,C_3fbca8bf0298,Pflichtschulung ,2024-08-15 00:00:00,null,ACTIVE,false,false,null
A_8573fcebe2c4,C_3fbca8bf0298,Pflichtschulung,2024-08-31 00:00:00,null,ACTIVE,false,false,null
A_ad36eb706a50,C_824609dfee36,Pflichtschulungen Verwaltung,2024-12-31 00:00:00,null,ACTIVE,false,false,null
A_d5cdd5638193,C_4c68d4d4cfad,Pflichtschulung Hygiene,2024-07-31 00:00:00,null,COMPLETED,false,false,2024-11-14 09:33:56.725
A_73b803f27f17,C_4c68d4d4cfad,SIS Dokumentation,2024-08-15 00:00:00,null,COMPLETED,false,false,2024-11-14 09:36:35.641
A_e3ed66f296bf,C_8eca8810f685,Pflichtschulungen,null,null,DRAFT,false,false,null
A_192915f1f61c,C_f7cc426c4af3,Pflichtfortbildungen ambulant,null,null,DRAFT,true,false,null
A_19e3c2f66b4f,C_f7cc426c4af3,Pflichtfortbildungen stationär,null,null,DRAFT,true,false,null
A_0e4b764eba59,C_2f2e85a96dfc,Pflichtfortbildung Juli 2024,2024-07-31 00:00:00,null,ACTIVE,false,false,null
A_bfb4dff02111,C_70b176e7acd7,Expertenstandards ,null,12M,DRAFT,false,true,null
A_4f1c9e4f4231,C_361dc9da45d6,Pflichtfortbildungen ambulant,null,null,DRAFT,true,false,null
A_cbedcbfa0d12,C_361dc9da45d6,Pflichtfortbildungen stationär,null,null,DRAFT,true,false,null
A_279819db57ad,C_c399da126eb1,"Betreuung, Demenz",2024-08-09 00:00:00,null,COMPLETED,false,false,2024-10-17 13:18:25.092011
A_04c6c43ce919,C_ed19c3ec3196,Pflichtschulungen Onboarding,2025-02-28 00:00:00,null,COMPLETED,true,false,2025-01-02 14:05:23.2
A_62342b7ea59d,C_ed19c3ec3196,Pflichtschulung Ongoing,2025-09-30 00:00:00,null,ACTIVE,true,false,2024-10-17 13:18:25.092011
A_f1a16abde659,C_acdeea9f962d,Pflichtfortbildungen ambulant,null,null,DRAFT,true,false,null
A_dfff43ef3447,C_acdeea9f962d,Pflichtfortbildungen stationär,null,null,DRAFT,true,false,null
A_f07ba0ba552f,C_3d4ef7067f05,Pflichtfortbildungen ambulant,null,null,DRAFT,true,false,null
A_e7988bd1cf37,C_3d4ef7067f05,Pflichtfortbildungen stationär,null,null,DRAFT,true,false,null
A_6ae18f2d0a42,C_1e4261f90eb7,Pflichtfortbildungen ambulant,null,null,DRAFT,true,false,null
A_c24e162c9c64,C_1e4261f90eb7,Pflichtfortbildungen stationär,null,null,DRAFT,true,false,null
A_452cd81252ee,C_a22759001486,Pflichtfortbildungen ambulant,null,null,DRAFT,true,false,null
A_fb6af6d2c046,C_a22759001486,Pflichtfortbildungen stationär,null,null,DRAFT,true,false,null
A_562fd48af931,C_87930d2c9f22,Expertenstandards,2024-12-31 00:00:00,12M,ACTIVE,false,true,null
A_c03fb9abed39,C_2e193debb82f,Pflichtfortbildungen ambulant,null,null,DRAFT,true,false,null
A_94fa91ab73a9,C_2e193debb82f,Pflichtfortbildungen stationär,null,null,DRAFT,true,false,null
A_0d16203a92ff,C_38ae46b8ab12,Pflichtfortbildungen ambulant,null,null,DRAFT,true,false,null
A_b186777c6ad7,C_38ae46b8ab12,Expertenstndards,2024-12-31 00:00:00,12M,ACTIVE,false,true,null
A_2eb03706f6cd,C_8eb2c6fe6f7a,Pflichtfortbildungen stationär,null,null,DRAFT,true,false,null
A_de913ff1c904,C_8eb2c6fe6f7a,Pflichtfortbildungen ambulant,null,null,DRAFT,true,false,null
A_2e9d4fd0c782,C_e57b880185a2,Pflichtfortbildungen stationär,null,null,DRAFT,true,false,null
A_5f6e3a5b220a,C_e57b880185a2,Pflichtfortbildungen ambulant,null,null,DRAFT,true,false,null
A_1de0d3cfefcb,C_38ae46b8ab12,Betreuung,2024-12-31 00:00:00,12M,ACTIVE,false,true,null
A_8d9ab3cf100f,C_38ae46b8ab12,Pflegeasisstenten,2024-12-31 00:00:00,12M,ACTIVE,false,true,null
A_8e267201f5d7,C_38ae46b8ab12,Pflegeasisstenten,2024-12-31 00:00:00,12M,ACTIVE,false,true,null
A_67577e576b63,C_38ae46b8ab12,Pflegeasisstenten,2024-12-31 00:00:00,12M,ACTIVE,false,true,null
A_07589c4b27a7,C_c399da126eb1,Expertenstandard Harnkontinenz in der ambulanten Pflege,2024-08-23 00:00:00,null,COMPLETED,false,false,2025-02-04 11:38:10.12
A_5c8002907176,C_16c8c6a42d78,Pflichtfortbildungen stationär,null,null,DRAFT,true,false,null
A_bab94bd2716a,C_16c8c6a42d78,Pflichtfortbildungen ambulant,null,null,DRAFT,true,false,null
A_e398dfd2d987,C_e8dd2cdad84c,Pflichtfortbildungen stationär,null,null,DRAFT,true,false,null
A_3a6152e5d90f,C_e8dd2cdad84c,Pflichtfortbildungen ambulant,null,null,DRAFT,true,false,null
A_eb5a913d44ac,C_315e8ba48c6b,Pflichtfortbildungen stationär,null,null,DRAFT,true,false,null
A_025cc02be755,C_315e8ba48c6b,Pflichtfortbildungen ambulant,null,null,DRAFT,true,false,null
A_f5b9674b8f4e,C_37b106e2eb20,PFK DaddelDu,2025-04-01 00:00:00,null,ACTIVE,false,false,null
A_38ff2156aacc,C_37b106e2eb20,PHK BK DaddelDu,null,null,DRAFT,false,false,null
A_04d19139a626,C_37b106e2eb20,HWK DaddelDu,null,null,DRAFT,false,false,null
A_5136a83b2d37,C_37b106e2eb20,Leitungskräfte DaddelDu,null,null,DRAFT,false,false,null
A_d17d52da477d,C_f152b1a29881,Pflichtfortbildungen stationär,null,null,DRAFT,true,false,null
A_41af0332d2bb,C_f152b1a29881,Pflichtfortbildungen ambulant,null,null,DRAFT,true,false,null
A_561621edb076,C_db583ff9d4f9,Pflichtfortbildungen stationär,null,null,DRAFT,true,false,null
A_208d9837ad7e,C_db583ff9d4f9,Pflichtfortbildungen ambulant,null,null,DRAFT,true,false,null
A_8aa2cb957419,C_098fec20c97e,Pflichtfortbildungen stationär,null,null,DRAFT,true,false,null
A_9106f2cb4ba3,C_098fec20c97e,Pflichtfortbildungen ambulant,null,null,DRAFT,true,false,null
A_49be3b2d8d41,C_da25cbe0e639,Pflichtfortbildungen stationär,null,null,DRAFT,true,false,null
A_45427b2f3d91,C_da25cbe0e639,Pflichtfortbildungen ambulant,null,null,DRAFT,true,false,null
A_e7010822751c,C_828c7a738d05,Pflichtfortbildungen stationär,null,null,DRAFT,true,false,null
A_fbd386cf2a8d,C_828c7a738d05,Pflichtfortbildungen ambulant,null,null,DRAFT,true,false,null
A_1cbfc2e4e547,C_d1cd73b81035,Lehrplan 31-35,2025-03-31 00:00:00,null,ACTIVE,false,false,null
A_ae937a7be6e4,C_2f2e85a96dfc,Pflichtfortbildung August 2024,2024-08-31 00:00:00,null,ACTIVE,false,false,null
A_1e1d88595bbf,C_bc51b2b2b801,Pflichtfortbildungen stationär,null,null,DRAFT,true,false,null
A_82d084af1d37,C_bc51b2b2b801,Pflichtfortbildungen ambulant,null,null,DRAFT,true,false,null
A_4d4429ad8a67,C_603ed4e37024,Pflichtfortbildungen ambulant,null,null,DRAFT,true,false,null
A_180ebe66df7c,C_603ed4e37024,Pflichtfortbildungen stationär,null,null,DRAFT,true,false,null
A_b155bb82d3e2,C_0a331314796b,teste,2024-08-31 00:00:00,null,COMPLETED,false,false,2024-10-17 13:18:25.092011
A_8da1ad798894,C_353f6cabef97,Pflichtfortbildungen stationär,null,null,DRAFT,true,false,null
A_e492000dd291,C_353f6cabef97,Pflichtfortbildungen ambulant,null,null,DRAFT,true,false,null
A_67af86e07749,C_49bf135afd5d,Expertenstandards,2024-08-13 00:00:00,6M,ACTIVE,false,true,null
A_c51e251423ef,C_94d169c4f64a,Pflichtfortbildungen stationär,null,null,DRAFT,true,false,null
A_a3be0ac0b920,C_94d169c4f64a,Pflichtfortbildungen ambulant,null,null,DRAFT,true,false,null
A_3f85fa2533e9,C_6d7000bc85e3,Pflichtfortbildungen stationär,null,null,DRAFT,true,false,null
A_3593f1be9136,C_6d7000bc85e3,Pflichtfortbildungen ambulant,null,null,DRAFT,true,false,null
A_90318b72129a,C_ad6aa7c522ee,Pflichtfortbildungen stationär,null,null,COMPLETED,true,false,2024-10-17 13:18:25.092011
A_cf7ab50fccbc,C_ad6aa7c522ee,Pflichtfortbildungen ambulant,null,null,DRAFT,true,false,null
A_ceee08953d9d,C_fb45d4e8e43e,Pflichtfortbildungen stationär,null,null,DRAFT,true,false,null
A_4b14251e5655,C_fb45d4e8e43e,Pflichtfortbildungen ambulant,null,null,DRAFT,true,false,null
A_2ffbf4e542fb,C_e872519f34e4,Pflichtfortbildungen stationär,null,null,DRAFT,true,false,null
A_69cce4c7f293,C_e872519f34e4,Pflichtfortbildungen ambulant,null,null,DRAFT,true,false,null
A_608c56c11670,C_5c25bfafc6d6,Pflichtfortbildungen stationär,null,null,DRAFT,true,false,null
A_987778a2473d,C_5c25bfafc6d6,Pflichtfortbildungen ambulant,null,null,DRAFT,true,false,null
A_9324072a2fa7,C_5c25bfafc6d6,Pflichtveranstaltungen,2024-08-27 00:00:00,null,ACTIVE,false,false,null
A_ca226d9d510a,C_82464cf39f69,Pflichtschulungen - medizinisches Personal,2025-08-31 00:00:00,12M,ACTIVE,false,true,null
A_58a9617e8b90,C_82464cf39f69,Pflichtschulungen - leichte Sprache,2025-08-31 00:00:00,12M,ACTIVE,false,true,null
A_2c74c0ae26e5,C_82464cf39f69,Expertenstandards - Pflegehilfskraft,2025-08-31 00:00:00,12M,ACTIVE,false,true,null
A_e6952d8c5ca0,C_1a6e92ff7494,Hauswirtschaft,2024-12-15 00:00:00,null,ACTIVE,false,false,null
A_16a97182fbc6,C_7b8980e6fa83,Pflichtfortbildungen ambulant,2024-10-31 00:00:00,null,ACTIVE,true,false,null
A_ab4daf94e0d5,C_50a64aa54633,Pflichtfortbildungen stationär,null,null,DRAFT,true,false,null
A_e1d55bd08100,C_50a64aa54633,Pflichtfortbildungen ambulant,null,null,DRAFT,true,false,null
A_9718d3d96832,C_7b8980e6fa83,Intensivpflege,2024-11-30 00:00:00,null,ACTIVE,false,false,null
A_767811a2b9f3,C_589aab0b9ac8,Pflichtfortbildungen stationär,null,null,DRAFT,true,false,null
A_7cae00c502c2,C_589aab0b9ac8,Pflichtfortbildungen ambulant,null,null,DRAFT,true,false,null
A_8142efcf790a,C_b952dd35b2f1,Pflichtschulungen ,2024-12-31 00:00:00,12M,ACTIVE,false,true,null
A_7a336042a669,C_b952dd35b2f1,Schulungen Ambulant Helfer (Pflicht),2024-12-31 00:00:00,12M,ACTIVE,false,true,null
A_4f0ce9ee8380,C_b952dd35b2f1,Schulungen Ambulant Pflegefachkräfte (Pflicht),2024-12-31 00:00:00,12M,ACTIVE,false,true,null
A_72adf321bcac,C_b952dd35b2f1,Expertenstandards,2025-06-30 00:00:00,12M,ACTIVE,false,true,null
A_056cbca5660a,C_0a331314796b,test,null,null,DRAFT,false,false,null
A_dbc69dd9e4ec,C_027efae2a045,Pflichtfortbildungen stationär,null,null,DRAFT,true,false,null
A_a6e2e8ca4f25,C_027efae2a045,Pflichtfortbildungen ambulant,null,null,DRAFT,true,false,null
A_bc14b61c1a97,C_2f2e85a96dfc,Pflichtfortbildung September ´24,2024-09-30 00:00:00,null,ACTIVE,false,false,null
A_b6fe4c1bb0e6,C_2f2e85a96dfc,Pflichtfortbildung Oktober ´24,2024-10-31 00:00:00,null,ACTIVE,false,false,null
A_fb655f61e96f,C_2f2e85a96dfc,Pflichtfortbildung November ´24,2024-11-30 00:00:00,null,ACTIVE,false,false,null
A_5ed616085c61,C_2f2e85a96dfc,Pflichtfortbildung Dezember ´24,2024-12-31 00:00:00,null,ACTIVE,false,false,null
A_3ffe4b3565af,C_15341b195588,Pflichtfortbildungen stationär,null,null,DRAFT,true,false,null
A_a9efce362648,C_15341b195588,Pflichtfortbildungen ambulant,null,null,DRAFT,true,false,null
A_a9568d88af20,C_edddfbf6cf74,Pflichtfortbildungen stationär,null,null,DRAFT,true,false,null
A_27be77885128,C_edddfbf6cf74,Pflichtfortbildungen ambulant,null,null,DRAFT,true,false,null
A_62ce77617e23,C_0f2cf1858871,Pflichtfortbildungen stationär,null,null,DRAFT,true,false,null
A_13d538867611,C_0f2cf1858871,Pflichtfortbildungen ambulant,null,null,DRAFT,true,false,null
A_f6faae64395c,C_e37de032f4ac,Pflichtfortbildungen stationär,2024-12-31 00:00:00,null,ACTIVE,true,false,null
A_d748092818b4,C_e37de032f4ac,Pflichtfortbildungen ambulant,null,null,DRAFT,true,false,null
A_9d84ed5fbdd6,C_b37468027953,Pflichtfortbildungen stationär,null,null,DRAFT,true,false,null
A_bfbf6f819f87,C_b37468027953,Pflichtfortbildungen ambulant,null,null,DRAFT,true,false,null
A_bda7d49801d7,C_8db22e5e5893,Weiterbildungskurse für Betreuungskräfte,2024-10-01 00:00:00,6M,ACTIVE,true,true,null
A_80f25f5fcfd4,C_e37de032f4ac,Pflichtfortbildung,2024-10-21 00:00:00,null,ACTIVE,false,false,null
A_d2ce33ff719c,C_e37de032f4ac,Medikamentenmanagement,2024-10-31 00:00:00,null,ACTIVE,false,false,null
A_9bd93c282cdf,C_e37de032f4ac,Krankheiten,2024-12-31 00:00:00,null,ACTIVE,false,false,null
A_dcb5d1fdddee,C_e37de032f4ac,Spezielle Pflege Intensivpflsge,2024-12-31 00:00:00,null,ACTIVE,false,false,null
A_3c924825d32c,C_e37de032f4ac,Hygiene,2024-09-30 00:00:00,null,ACTIVE,false,false,null
A_043a2b9f807d,C_e37de032f4ac,Dies und das,2024-12-31 00:00:00,null,ACTIVE,false,false,null
A_b7b0b124cbdf,C_b00821368a68,Pflichtfortbildungen stationär,null,null,DRAFT,true,false,null
A_107f5308bfbb,C_b00821368a68,Pflichtfortbildungen ambulant,null,null,DRAFT,true,false,null
A_57dead2e5912,C_2ab825fb05de,Pflichtfortbildungen stationär,null,null,DRAFT,true,false,null
A_57c005ceea5d,C_2ab825fb05de,Pflichtfortbildungen ambulant,null,null,DRAFT,true,false,null
A_c5c43a597632,C_5c72f5b80fb5,Pflichtfortbildungen stationär,null,null,DRAFT,true,false,null
A_ad89292455ac,C_5c72f5b80fb5,Pflichtfortbildungen ambulant,null,null,DRAFT,true,false,null
A_bfecf26044b0,C_8e5d5b0f8e92,Pflichtfortbildungen stationär,null,null,DRAFT,true,false,null
A_21a26fa6b9f3,C_8e5d5b0f8e92,Pflichtfortbildungen ambulant,null,null,DRAFT,true,false,null
A_7fc1d040e122,C_8db22e5e5893,Weiterbildungskurse für Pflegefachkräfte,2024-10-01 00:00:00,6M,ACTIVE,false,true,null
A_7c2222800582,C_8db22e5e5893,Weiterbildungskurse für Pflegehilfskräfte,2024-10-01 00:00:00,6M,ACTIVE,false,true,null
A_de13cabf01f1,C_8db22e5e5893,Weiterbildungskurse für Pflegeassistenten,2024-10-01 00:00:00,6M,ACTIVE,false,true,null
A_4d94f93f86d6,C_8db22e5e5893,Weiterbildungskurse für Küche- und Hauswirtschaftskräfte,2024-10-01 00:00:00,6M,ACTIVE,false,true,null
A_b1be4fc11650,C_8db22e5e5893,Weiterbildungskurse Admin,2024-10-01 00:00:00,6M,ACTIVE,false,true,null
A_0d60d1b9dd2a,C_c399da126eb1,Körperliche u psychische Erschöpfung …,2024-10-31 00:00:00,null,ACTIVE,false,false,null
A_c7eb1b50ac82,C_0f81927065fe,Pflichtfortbildungen stationär,null,null,DRAFT,true,false,null
A_14f7e159301c,C_0f81927065fe,Pflichtfortbildungen ambulant,null,null,DRAFT,true,false,null
A_a1598d2f2e06,C_0a331314796b,Datei upload,2024-10-05 00:00:00,null,COMPLETED,false,false,2024-10-17 13:18:25.092011
A_b8b8baac0166,C_97dcd03ebecd,Pflichtfortbildungen stationär,2024-09-23 00:00:00,null,ACTIVE,true,false,null
A_7d47a0553bb7,C_97dcd03ebecd,Pflichtfortbildungen ambulant,null,null,DRAFT,true,false,null
A_450dd2814162,C_0a331314796b,Test Mathias,2024-12-31 00:00:00,6M,COMPLETED,false,true,2025-02-06 08:01:31.547
A_7c5afb596557,C_1e1e9ec98a40,Pflichtfortbildungen stationär,null,null,DRAFT,true,false,null
A_5419484939fa,C_1e1e9ec98a40,Pflichtfortbildungen ambulant,null,null,DRAFT,true,false,null
A_51046acd0380,C_c29ab0ccbfbb,Pflichtfortbildung,2025-03-31 00:00:00,null,ACTIVE,false,false,null
A_7bb7e61f8af2,C_e37de032f4ac,Pflegehelfer,2024-10-31 00:00:00,null,ACTIVE,false,false,null
A_a986770dab2c,C_c29ab0ccbfbb,Pflichtfortbildung,2025-06-30 00:00:00,null,ACTIVE,false,false,null
A_09009236c30f,C_c29ab0ccbfbb,Pflichtfortbildung,2025-09-30 00:00:00,null,ACTIVE,false,false,null
A_14b89ef661b0,C_c29ab0ccbfbb,Pflichtfortbildung,2025-12-31 00:00:00,null,ACTIVE,false,false,null
A_42cc1badd752,C_c29ab0ccbfbb,Pflichtfortbildungen,2025-03-31 00:00:00,null,ACTIVE,false,false,null
A_cb5b6c348c7e,C_c29ab0ccbfbb,Pflichtfortbildung,2025-03-31 00:00:00,null,COMPLETED,false,false,2025-06-28 12:28:02.972
A_c93b263d283d,C_c29ab0ccbfbb,Pflichtfortbildungen,2025-06-30 00:00:00,null,ACTIVE,false,false,null
A_52f672df0650,C_c29ab0ccbfbb,Pflichtfortbildung,2025-06-30 00:00:00,null,COMPLETED,false,false,2025-11-05 07:39:45.841
A_1ae1c216fd46,C_c29ab0ccbfbb,Pflichtfortbildungen,2025-09-30 00:00:00,null,COMPLETED,false,false,2025-11-05 07:39:45.841
A_5f0893ef084a,C_c29ab0ccbfbb,Pflichtfortbildungen,2025-12-31 00:00:00,null,ACTIVE,false,false,null
A_0af4bff79587,C_c29ab0ccbfbb,Pflichtfortbildungen,2025-12-31 00:00:00,null,ACTIVE,false,false,null
A_dda0f576b900,C_c29ab0ccbfbb,Pflichtfortbildung,2025-03-31 00:00:00,null,COMPLETED,false,false,2025-04-02 10:13:27.583
A_7ad7b95cc6d5,C_c29ab0ccbfbb,Pflichtfortbildungen,2025-06-30 00:00:00,null,COMPLETED,false,false,2025-06-21 10:27:04.824
A_c7fc0b36068e,C_c29ab0ccbfbb,Pflichtfortbildungen,2025-12-31 00:00:00,null,ACTIVE,false,false,null
A_84f9402e3bd9,C_c29ab0ccbfbb,Pflichtfortbildung,2025-09-30 00:00:00,null,COMPLETED,false,false,2025-09-23 10:40:08.068
A_59d9145a566d,C_7c3de7b32496,Expertenstandards,2024-12-31 00:00:00,null,COMPLETED,false,false,null
A_e1f4bf40fe00,C_7c3de7b32496,Expertenstandards,2024-12-31 00:00:00,null,COMPLETED,false,false,null
A_dd2bdfdafef4,C_7c3de7b32496,Expertenstandards,2024-12-31 00:00:00,null,COMPLETED,false,false,null
A_d08edf4cce25,C_c29ab0ccbfbb,Pflichtfortbildung,2025-09-30 00:00:00,null,ACTIVE,false,false,null
A_8fcb44eda350,C_7c3de7b32496,Einarbeitung,2025-09-25 00:00:00,null,COMPLETED,false,false,null
A_36b50db99b9a,C_7c3de7b32496,Expertenstandards,2025-03-31 00:00:00,24M,COMPLETED,false,true,2025-02-03 13:06:24.015
A_fffdd1174486,C_7c3de7b32496,Expertenstandards,2025-03-31 00:00:00,24M,COMPLETED,false,true,null
A_997b698b9713,C_498b6016e2d1,Pflichtfortbildungen stationär,null,null,DRAFT,true,false,null
A_050b6eda95ce,C_498b6016e2d1,Pflichtfortbildungen ambulant,null,null,DRAFT,true,false,null
A_a1b23865e42e,C_ff80498b8e27,Pflichtfortbildungen stationär,null,null,DRAFT,true,false,null
A_fe7ac22155d0,C_ff80498b8e27,Pflichtfortbildungen ambulant,null,null,DRAFT,true,false,null
A_a506a2553168,C_4cb37e2d1d6d,Pflichtfortbildungen stationär,null,null,DRAFT,true,false,null
A_94b3fd9544f4,C_4cb37e2d1d6d,Pflichtfortbildungen ambulant,null,null,DRAFT,true,false,null
A_df8430ac0543,C_82464cf39f69,Test Bericht,2024-12-31 00:00:00,null,ACTIVE,false,false,null
A_8b6624b1afdc,C_1f43a8f8c384,Pflichtfortbildungen stationär,null,null,DRAFT,true,false,null
A_df8704100755,C_1f43a8f8c384,Pflichtfortbildungen ambulant,null,null,DRAFT,true,false,null
A_aab81d8a97f6,C_3fa569f92e21,Pflichtfortbildungen stationär,null,null,DRAFT,true,false,null
A_908586e61b60,C_3fa569f92e21,Pflichtfortbildungen ambulant,null,null,DRAFT,true,false,null
A_8348a3424a36,C_6a3c03674cf9,Pflichtfortbildungen stationär,2025-04-01 00:00:00,12M,ACTIVE,true,true,null
A_94aec1429ade,C_6a3c03674cf9,Pflichtfortbildungen ambulant,null,null,DRAFT,true,false,null
A_8b260c82b58e,C_0a331314796b,Test 34324324,null,6M,DRAFT,false,true,null
A_766a026817df,C_85652c4eff57,Pflichtfortbildungen stationär,null,null,DRAFT,true,false,null
A_0f743297112b,C_85652c4eff57,Pflichtfortbildungen ambulant,null,null,DRAFT,true,false,null
A_8afbc6c6937b,C_2ea874824649,Pflichtfortbildungen stationär,null,null,DRAFT,true,false,null
A_f6f4fc68cea2,C_2ea874824649,Pflichtfortbildungen ambulant,null,null,DRAFT,true,false,null
A_4ed710c34967,C_888ae682fca6,Pflichtfortbildungen stationär,null,null,DRAFT,true,false,null
A_266281d11558,C_888ae682fca6,Pflichtfortbildungen ambulant,null,null,DRAFT,true,false,null
A_c9ab84a440f8,C_7c2dfc8cdc73,Pflichtfortbildungen stationär,null,null,DRAFT,true,false,null
A_2bc150a68170,C_7c2dfc8cdc73,Pflichtfortbildungen ambulant,null,null,DRAFT,true,false,null
A_c8c54a136935,C_f68acd5c519b,Pflichtfortbildungen ambulant,null,null,DRAFT,true,false,null
A_4613c1a95bbc,C_f68acd5c519b,Pflichtfortbildungen stationär,null,null,DRAFT,true,false,null
A_2f4e93f87842,C_6ac459d3cbf3,Pflichtfortbildungen ambulant,null,null,DRAFT,true,false,null
A_580f6a78e531,C_6ac459d3cbf3,Pflichtfortbildungen stationär,null,null,DRAFT,true,false,null
A_63e17d446e73,C_68e082520289,Pflichtfortbildungen ambulant,null,null,DRAFT,true,false,null
A_445c00c95f3c,C_68e082520289,Pflichtfortbildungen stationär,null,null,DRAFT,true,false,null
A_0c0a92a49404,C_2aa8c1e522ac,Pflichtfortbildungen ambulant,null,null,DRAFT,true,false,null
A_d661427919c3,C_2aa8c1e522ac,Pflichtfortbildungen stationär,null,null,DRAFT,true,false,null
A_06b7e93b8f96,C_c82b529a332e,Pflichtfortbildungen ambulant,null,null,DRAFT,true,false,null
A_842b43a55f03,C_c82b529a332e,Pflichtfortbildungen stationär,null,null,DRAFT,true,false,null
A_65c7ac2e58e5,C_342c553b5dd7,Pflichtfortbildungen ambulant,null,null,DRAFT,true,false,null
A_7cb78a8b2e97,C_342c553b5dd7,Pflichtfortbildungen stationär,null,null,DRAFT,true,false,null
A_d1600388e850,C_3fbca8bf0298,Pflichtschulung,2024-11-15 00:00:00,null,ACTIVE,false,false,null
A_d878e2219df1,C_3fbca8bf0298,Pflichtschulung,2024-11-01 00:00:00,null,ACTIVE,false,false,null
A_7eee3e5334fb,C_3fbca8bf0298,Pflichtschulung,2024-12-05 00:00:00,null,ACTIVE,false,false,null
A_43ae21b09fcf,C_87930d2c9f22,Pflichtschulungen,2024-12-31 00:00:00,24M,ACTIVE,false,true,null
A_f9b36234fb78,C_64db6e33690c,Pflichtfortbildungen ambulant,null,null,DRAFT,true,false,null
A_d394376e35f6,C_64db6e33690c,Pflichtfortbildungen stationär,null,null,DRAFT,true,false,null
A_8ae53988628c,C_f0cb3b09acc4,Pflichtfortbildungen ambulant,null,null,DRAFT,true,false,null
A_2fec09affb90,C_f0cb3b09acc4,Pflichtfortbildungen stationär,null,null,DRAFT,true,false,null
A_7dfeecc85d5a,C_87930d2c9f22,Neueinstellungen,null,null,DRAFT,false,false,null
A_101da83d25df,C_41fc26a1a4b1,Pflichtfortbildungen ambulant,null,null,DRAFT,true,false,null
A_7c9cd58f91c1,C_41fc26a1a4b1,Pflichtfortbildungen stationär,null,null,DRAFT,true,false,null
A_e9ed20490085,C_795029c6e1bf,Pflichtfortbildungen stationär,null,null,DRAFT,true,false,null
A_15200947690b,C_795029c6e1bf,Pflichtfortbildungen ambulant,null,null,DRAFT,true,false,null
A_81f61107d562,C_e179e411b6c4,Pflichtfortbildungen ambulant,null,null,DRAFT,true,false,null
A_35f1a3e7e630,C_e179e411b6c4,Pflichtfortbildungen stationär,null,null,DRAFT,true,false,null
A_63ce26990b16,C_a6775401d264,Pflichtfortbildungen ambulant,null,null,DRAFT,true,false,null
A_777c14a70940,C_a6775401d264,Pflichtfortbildungen stationär,null,null,DRAFT,true,false,null
A_dec73bf390ce,C_9d376ae0876e,Pflichtschulung,2024-12-31 00:00:00,null,ACTIVE,false,false,null
A_6727dd6b88ff,C_9d376ae0876e,Pflichtschulung,2025-01-31 00:00:00,null,ACTIVE,false,false,null
A_84860819af58,C_eadc5fe6109f,Pflichtfortbildungen ambulant,null,null,DRAFT,true,false,null
A_27d78607d8cb,C_eadc5fe6109f,Pflichtfortbildungen stationär,null,null,DRAFT,true,false,null
A_33d4822fdfc1,C_37b106e2eb20,Soziale Betreuung ,2024-12-31 00:00:00,12M,ACTIVE,false,true,null
A_cebae8376b0b,C_37b106e2eb20,soziale Betreuung Pflicht,2024-12-30 00:00:00,12M,ACTIVE,false,true,null
A_e4b0d1f327e9,C_90a9f80145e3,Pflichtfortbildungen ambulant,null,null,DRAFT,true,false,null
A_f5fdefca9f3c,C_90a9f80145e3,Pflichtfortbildungen stationär,null,null,DRAFT,true,false,null
A_9a6b00e53e4a,C_eaa3cfc1947a,Pflichtfortbildungen ambulant,null,null,DRAFT,true,false,null
A_0676b48220ac,C_eaa3cfc1947a,Pflichtfortbildungen stationär,null,null,DRAFT,true,false,null
A_5ef4c0be7205,C_b1cf5551da71,Pflichtfortbildungen ambulant,null,null,DRAFT,true,false,null
A_67e0bc3d9ce3,C_b1cf5551da71,Pflichtfortbildungen stationär,null,null,DRAFT,true,false,null
A_49b4639b35b5,C_41f4bcdcff91,Pflichtfortbildungen ambulant,null,null,DRAFT,true,false,null
A_b3b57cb6f5d7,C_41f4bcdcff91,Pflichtfortbildungen stationär,2024-11-02 00:00:00,null,ACTIVE,true,false,null
A_204663a7d255,C_acd067ac3906,Pflichtfortbildungen ambulant,null,null,DRAFT,true,false,null
A_b91db69c6d4f,C_acd067ac3906,Pflichtfortbildungen stationär,null,null,DRAFT,true,false,null
A_fa996fbbd79b,C_1140e15dfd9c,Pflichtfortbildungen ambulant,null,null,DRAFT,true,false,null
A_5690c0fc6c42,C_1140e15dfd9c,Pflichtfortbildungen stationär,null,null,DRAFT,true,false,null
A_7f0ee746db58,C_d378974ca048,Pflichtfortbildungen ambulant,null,null,DRAFT,true,false,null
A_b200fa0e4184,C_d378974ca048,Pflichtfortbildungen stationär,null,null,DRAFT,true,false,null
A_dcdbb4afa23b,C_d378974ca048,Pflichtfortbildungen,2024-11-06 00:00:00,12M,ACTIVE,false,true,null
A_6448fd98cf23,C_d378974ca048,Test,2025-03-02 00:00:00,12M,ACTIVE,false,true,null
A_b710aa3ded46,C_c399da126eb1,Expertenstandard Hautintegrität,2024-12-06 00:00:00,null,ACTIVE,false,false,null
A_0b0e065112bd,C_ff498469159f,Pflichtfortbildungen ambulant,null,null,DRAFT,true,false,null
A_aecccb41122c,C_ff498469159f,Pflichtfortbildungen stationär,null,null,DRAFT,true,false,null
A_31e0a9509ba0,C_56e0b9b1f5d9,Pflegepersonal und Führungskräfte,2025-11-30 00:00:00,12M,ACTIVE,true,true,null
A_b5b6ba8a7a0d,C_56e0b9b1f5d9,Pflegehilfspersonal,2025-11-30 00:00:00,12M,ACTIVE,true,true,null
A_8152a59523ac,C_b6a9adf7e3ca,Pflichtfortbildungen ambulant,null,null,DRAFT,true,false,null
A_c75955dde7dd,C_b6a9adf7e3ca,Pflichtfortbildungen stationär,null,null,DRAFT,true,false,null
A_ad93a663786e,C_b6a9adf7e3ca,erste Hilfe,2024-11-09 00:00:00,null,ACTIVE,false,false,null
A_1676a384cf99,C_b6a9adf7e3ca,pflich,2024-11-09 00:00:00,null,ACTIVE,false,false,null
A_ad72030a18b8,C_e37de032f4ac,wissen 2 go,null,null,DRAFT,false,false,null
A_1097601cd64a,C_87f464518b1c,Pflichtfortbildungen ambulant,null,null,DRAFT,true,false,null
A_19cff6f74a44,C_87f464518b1c,Pflichtfortbildungen stationär,null,null,DRAFT,true,false,null
A_7cbc8a027599,C_b952dd35b2f1,Tagespflege ,null,12M,DRAFT,false,true,null
A_780f82786317,C_72648bdd0ce3,Pflichtfortbildungen ambulant,null,null,DRAFT,true,false,null
A_48dd451ba0b5,C_72648bdd0ce3,Pflichtfortbildungen stationär,null,null,DRAFT,true,false,null
A_4b9118465927,C_cce8793f6f2f,Pflichtfortbildungen ambulant,null,null,DRAFT,true,false,null
A_fea4484e336f,C_cce8793f6f2f,Pflichtfortbildungen stationär,null,null,DRAFT,true,false,null
A_68490a2a073f,C_491a82432c10,Pflichtfortbildungen ambulant,null,null,DRAFT,true,false,null
A_922ba7c22537,C_491a82432c10,Pflichtfortbildungen stationär,null,null,DRAFT,true,false,null
A_79d771a4eb58,C_001a64a5f475,Pflichtfortbildungen ambulant,null,null,DRAFT,true,false,null
A_b42a3300dc92,C_001a64a5f475,Pflichtfortbildungen stationär,null,null,DRAFT,true,false,null
A_1e3516bd03b3,C_8654f6962bf0,Pflichtfortbildungen ambulant,null,null,DRAFT,true,false,null
A_a404239265eb,C_8654f6962bf0,Pflichtfortbildungen stationär,null,null,DRAFT,true,false,null
A_47f4915c92ff,C_24ea387622ca,Pflichtfortbildungen ambulant,null,null,DRAFT,true,false,null
A_a3e2ccdab0a7,C_24ea387622ca,Pflichtfortbildungen stationär,null,null,DRAFT,true,false,null
A_642ba1e57717,C_fa181e51ee35,Pflichtfortbildungen ambulant,null,null,DRAFT,true,false,null
A_407a1d101f25,C_fa181e51ee35,Pflichtfortbildungen stationär,null,null,DRAFT,true,false,null
A_3cff8a972c4f,C_38851d99c267,Pflichtfortbildungen ambulant,2024-12-31 00:00:00,null,ACTIVE,true,false,null
A_a172232df6f0,C_b1c569e14f5a,Pflichtfortbildungen ambulant,null,null,DRAFT,true,false,null
A_109d240ed065,C_b1c569e14f5a,Pflichtfortbildungen stationär,null,null,DRAFT,true,false,null
A_a487ae39ad56,C_44b9fba50624,Pflichtfortbildungen ambulant,null,null,DRAFT,true,false,null
A_f6dddab9b92e,C_44b9fba50624,Pflichtfortbildungen stationär,null,null,DRAFT,true,false,null
A_b04543967fb4,C_0975cf3c19db,Pflichtfortbildungen ambulant,null,6M,DRAFT,true,true,null
A_0551888ed1c3,C_0975cf3c19db,Pflichtfortbildungen stationär,null,null,DRAFT,true,false,null
A_136ae527a3ab,C_43810222c1d3,Pflichtfortbildungen ambulant,null,null,DRAFT,true,false,null
A_764d8e3d2bc2,C_43810222c1d3,Pflichtfortbildungen stationär,null,null,DRAFT,true,false,null
A_543051904f4e,C_7166021b5c21,Pflichtfortbildungen ambulant,null,null,DRAFT,true,false,null
A_30fd3acb92ed,C_7166021b5c21,Pflichtfortbildungen stationär,null,null,DRAFT,true,false,null
A_81637610d5f9,C_1cfce36e7937,Pflichtfortbildungen ambulant,null,null,DRAFT,true,false,null
A_1beff967bf5e,C_1cfce36e7937,Pflichtfortbildungen stationär,null,null,DRAFT,true,false,null
A_f55d37ce044f,C_d0f545d0da7b,alt,null,null,DRAFT,true,false,null
A_8ebec1f90f63,C_d0f545d0da7b,alt,null,null,DRAFT,true,false,null
A_99a0c0a98e1f,C_6bb09b49487c,Pflichtfortbildungen ambulant,null,null,DRAFT,true,false,null
A_ad0e867ccea6,C_6bb09b49487c,Pflichtfortbildungen stationär,null,null,DRAFT,true,false,null
A_5118fa3b7349,C_c8b0c362d0f6,Pflichtfortbildungen ambulant,null,null,DRAFT,true,false,null
A_57a4f5abdccb,C_c8b0c362d0f6,Pflichtfortbildungen stationär,null,null,DRAFT,true,false,null
A_035c1d0c639d,C_61089eda0918,Pflichtfortbildungen ambulant,null,null,DRAFT,true,false,null
A_0152a7c48502,C_61089eda0918,Pflichtfortbildungen stationär,null,null,DRAFT,true,false,null
A_d4c9302cf3ee,C_46d486ddad8a,Pflichtfortbildungen ambulant,null,null,DRAFT,true,false,null
A_03a69c1908a2,C_46d486ddad8a,Pflichtfortbildungen stationär,null,null,DRAFT,true,false,null
A_103e5deba8ce,C_632c48bd4bbd,Pflichtschulungen,2024-11-29 00:00:00,null,COMPLETED,false,false,2025-01-16 07:50:13.576
A_241530d915ae,C_d0f545d0da7b,Pflichtschulungen Q1,2025-01-31 00:00:00,null,ACTIVE,false,false,null
A_662c69685dae,C_d0f545d0da7b,Pflichtschulungen Büro/Verwaltung,null,null,DRAFT,false,false,null
A_0b88a202ae28,C_38851d99c267,Lebensmittelhygiene Standard,2025-01-31 00:00:00,null,COMPLETED,false,false,2025-01-16 10:08:20.965
A_ce597b266774,C_1f7e6590a1a2,Pflichtfortbildungen ambulant,null,null,DRAFT,true,false,null
A_b529c8f1feb7,C_1f7e6590a1a2,Pflichtfortbildungen stationär,null,null,DRAFT,true,false,null
A_2da03946a0c5,C_7c3de7b32496,Grundpflege,2025-02-27 00:00:00,null,COMPLETED,false,false,null
A_865962ee8a2d,C_d0f545d0da7b,Pflicht FSJ,null,null,DRAFT,false,false,null
A_95055e590df1,C_d0f545d0da7b,Pflicht Praktikum ohne DS,null,null,DRAFT,false,false,null
A_caf585c36a3a,C_d0f545d0da7b,Pflicht Praktikum mit DS,null,null,DRAFT,false,false,null
A_e86afc2cd26d,C_d0f545d0da7b,Reinigungskräfte,null,null,DRAFT,false,false,null
A_899a63767c44,C_38851d99c267,Expertenstandards,2025-03-31 00:00:00,12M,ACTIVE,false,true,null
A_8e524d31ca51,C_9451f74c2868,Pflichtfortbildungen ambulant,null,null,DRAFT,true,false,null
A_dad4ad712e1d,C_9451f74c2868,Pflichtfortbildungen stationär,null,null,DRAFT,true,false,null
A_97d6bcafc3c8,C_fc790c064bdc,Pflichtfortbildungen ambulant,null,null,DRAFT,true,false,null
A_1b5c0626a8a6,C_fc790c064bdc,Pflichtfortbildungen stationär,null,null,DRAFT,true,false,null
A_b353cfba3f13,C_203c30314b52,Pflichtschulung Helfer,null,null,DRAFT,false,false,null
A_fddc287f2e2b,C_203c30314b52,Pflichtschulung Helfer 1jährig,null,null,DRAFT,false,false,null
A_8e3822507c26,C_203c30314b52,Pflichtschulung Fachkraft,null,null,DRAFT,false,false,null
A_468475c68c90,C_203c30314b52,Pflichtschulung Präsenz,null,null,DRAFT,false,false,null
A_35d4e54bc7e5,C_203c30314b52,Pflichtschulung Betreuung,null,null,DRAFT,false,false,null
A_d81e8314947d,C_cf2efebedc56,Pflichtfortbildungen ambulant,null,null,DRAFT,true,false,null
A_fa4af86169f9,C_cf2efebedc56,Pflichtfortbildungen stationär,null,null,DRAFT,true,false,null
A_35aaffcdd4de,C_c399da126eb1,Psychische Krisen...,2024-12-23 00:00:00,null,COMPLETED,false,false,2024-12-08 15:11:45.57
A_feaa76ef7758,C_c399da126eb1,Menschen sicher bewegen,2024-12-23 00:00:00,null,COMPLETED,false,false,2024-12-17 14:47:27.858
A_9188f77758fb,C_c399da126eb1,Prävention von Gewalt...,2024-12-23 00:00:00,null,COMPLETED,false,false,2024-12-06 16:02:45.723
A_c41815a42179,C_d660ed613eba,Pflichtfortbildungen ambulant,null,null,DRAFT,true,false,null
A_c3eed8e4e402,C_d660ed613eba,Pflichtfortbildungen stationär,null,null,DRAFT,true,false,null
A_cfbc002b0e43,C_39dba5b69159,Pflichtfortbildungen ambulant,null,null,DRAFT,true,false,null
A_479d1d88e890,C_39dba5b69159,Pflichtfortbildungen stationär,null,null,DRAFT,true,false,null
A_5a9ecd29327d,C_b54c3ef44d67,Schulungen 2025,2025-10-31 00:00:00,12M,ACTIVE,false,true,null
A_7d439b591be6,C_2551cbac64cd,Pflichtfortbildungen ambulant,null,null,DRAFT,true,false,null
A_7a45d48b204c,C_2551cbac64cd,Pflichtfortbildungen stationär,null,null,DRAFT,true,false,null
A_ad92b7311143,C_7e6bd64a8ef3,Pflichtfortbildungen ambulant,null,null,DRAFT,true,false,null
A_bc587efcc159,C_7e6bd64a8ef3,Pflichtfortbildungen stationär,null,null,DRAFT,true,false,null
A_7fef0fb1b5dd,C_b134bf030afb,Pflichtfortbildungen ambulant,null,null,DRAFT,true,false,null
A_234d2fdb8a37,C_b134bf030afb,Pflichtfortbildungen stationär,null,null,DRAFT,true,false,null
A_c327fae108ea,C_ca52782729d0,Pflichtfortbildungen ambulant,null,null,DRAFT,true,false,null
A_e34693efc25d,C_ca52782729d0,Pflichtfortbildungen stationär,null,null,DRAFT,true,false,null
A_f7aec8472004,C_c72d498b9a62,Berit Jekubik,2024-12-31 00:00:00,null,ACTIVE,false,false,null
A_a41c72f4cea9,C_02d645df2d26,Pflichtfortbildungen ambulant,null,null,DRAFT,true,false,null
A_e80b37f680ac,C_02d645df2d26,Pflichtfortbildungen stationär,null,null,DRAFT,true,false,null
A_89187c436d73,C_c16ca25a9e03,Pflichtfortbildungen ambulant,null,null,DRAFT,true,false,null
A_d5ab848e6392,C_c16ca25a9e03,Pflichtfortbildungen stationär,null,null,DRAFT,true,false,null
A_52c2c7dff962,C_fa26a52e9678,Pflichtfortbildungen ambulant,null,null,DRAFT,true,false,null
A_13da353a7fea,C_fa26a52e9678,Pflichtfortbildungen stationär,null,null,DRAFT,true,false,null
A_6d5aca5dfad1,C_2e463b0712ea,Pflichtfortbildungen ambulant,null,null,DRAFT,true,false,null
A_fe82fcadd1b5,C_2e463b0712ea,Pflichtfortbildungen stationär,null,null,DRAFT,true,false,null
A_acae884c39f6,C_c1070d6bc0b8,Pflichtfortbildungen ambulant,null,null,DRAFT,true,false,null
A_3ff62b712e84,C_c1070d6bc0b8,Pflichtfortbildungen stationär,null,null,DRAFT,true,false,null
A_d4ecba3b46de,C_fc0f4362144e,Pflichtfortbildungen ambulant,null,null,DRAFT,true,false,null
A_dc9f17991c04,C_fc0f4362144e,Pflichtfortbildungen stationär,null,null,DRAFT,true,false,null
A_34e7b0351d39,C_fc0f4362144e,Pflicht,null,null,DRAFT,false,false,null
A_3b36cc67ff3b,C_fc0f4362144e,Schule,2024-12-31 00:00:00,null,ACTIVE,false,false,null
A_17a650a982a6,C_24bb0795ef42,Pflichtfortbildungen ambulant,null,null,DRAFT,true,false,null
A_c3162a13440f,C_24bb0795ef42,Pflichtfortbildungen stationär,null,null,DRAFT,true,false,null
A_79859da271ef,C_a42da3986c3d,Pflichtfortbildungen ambulant,null,null,DRAFT,true,false,null
A_5720a3aa046f,C_a42da3986c3d,Pflichtfortbildungen stationär,null,null,DRAFT,true,false,null
A_133f50e855d1,C_4169eba859e1,Pflichtfortbildungen ambulant,null,null,DRAFT,true,false,null
A_997305a5f7ae,C_4169eba859e1,Pflichtfortbildungen stationär,null,null,DRAFT,true,false,null
A_67feb6efb7e7,C_7c37d9c23e9c,Pflichtfortbildungen ambulant,null,null,DRAFT,true,false,null
A_ee9c4f82b089,C_7c37d9c23e9c,Pflichtfortbildungen stationär,null,null,DRAFT,true,false,null
A_7f013b86b716,C_4dce0b89ae9a,Pflichtfortbildungen ambulant,null,null,DRAFT,true,false,null
A_e39d95f4998b,C_4dce0b89ae9a,Pflichtfortbildungen stationär,null,null,DRAFT,true,false,null
A_f1465e247023,C_41b1cb1d46aa,Pflichtfortbildungen ambulant,null,null,DRAFT,true,false,null
A_afdd193e2f92,C_41b1cb1d46aa,Pflichtfortbildungen stationär,null,null,DRAFT,true,false,null
A_e585e1896010,C_ef29c35cafbb,Pflichtfortbildungen ambulant,null,null,DRAFT,true,false,null
A_65f11766eb7e,C_ef29c35cafbb,Pflichtfortbildungen stationär,null,null,DRAFT,true,false,null
A_1ed1d2e80960,C_a2ef2f4a65e7,Pflegehelfer 2025,2025-02-28 00:00:00,null,COMPLETED,false,false,2025-03-16 09:44:05.678
A_5dc61d861da3,C_a2ef2f4a65e7,Büro 2025,2025-03-31 00:00:00,null,COMPLETED,false,false,2025-01-11 19:01:38.944
A_cd5a180df3f9,C_ae8eb4c9f637,Pflichtfortbildungen ambulant,null,null,DRAFT,true,false,null
A_958530608204,C_ae8eb4c9f637,Pflichtfortbildungen stationär,2025-12-01 00:00:00,null,ACTIVE,true,false,null
A_d69c907e7ff8,C_50fcf3195b21,Fortbildungsplan 2025,2025-12-31 00:00:00,null,ACTIVE,false,false,null
A_91a7407e731c,C_8f2a144d8a6d,Pflichtfortbildungen ambulant,null,null,DRAFT,true,false,null
A_b1559845d51d,C_8f2a144d8a6d,Pflichtfortbildungen stationär,null,null,DRAFT,true,false,null
A_8479c3f3b392,C_4c68d4d4cfad,Hygiene ,2025-01-31 00:00:00,12M,COMPLETED,false,true,2025-11-07 12:13:43.515
A_8759ad94e111,C_4c68d4d4cfad,relevante Keime,2025-02-28 00:00:00,null,COMPLETED,false,false,2025-05-27 06:47:12.912
A_e1f8aed64b13,C_4c68d4d4cfad,Expertenstandard Harnkontinenz,2025-04-30 00:00:00,null,COMPLETED,false,false,2025-05-10 18:51:35.638
A_e70dd1f02dfe,C_4c68d4d4cfad,Expertenstandard Sturzprophylaxe,2025-05-31 00:00:00,null,COMPLETED,false,false,2025-07-08 19:08:09.413
A_3e91ce82a52d,C_37b106e2eb20,Arbeitsschutz,null,null,DRAFT,false,false,null
A_cd90bc8c4dc6,C_68e4e93c5181,Pflichtfortbildungen ambulant,null,null,DRAFT,true,false,null
A_90795755c2d4,C_68e4e93c5181,Pflichtfortbildungen stationär,null,null,DRAFT,true,false,null
A_eda2d31ac446,C_ef9b824b17fd,Pflichtfortbildungen ambulant,null,null,DRAFT,true,false,null
A_09c042cc9865,C_ef9b824b17fd,Pflichtfortbildungen stationär,null,null,DRAFT,true,false,null
A_383b754f82ef,C_61e77441eabe,Pflichtfortbildungen ambulant,null,null,DRAFT,true,false,null
A_714f008b1414,C_61e77441eabe,Pflichtfortbildungen stationär,null,null,DRAFT,true,false,null
A_d4d059b8ac82,C_56e0b9b1f5d9,Lebensmittelhygiene,2025-11-30 00:00:00,24M,ACTIVE,false,true,null
A_7bf91b690603,C_56e0b9b1f5d9,Administratives Personal,2025-11-30 00:00:00,12M,ACTIVE,false,true,null
A_b17b84dfbb79,C_56e0b9b1f5d9,Führungskräfte,2025-11-30 00:00:00,12M,ACTIVE,false,true,null
A_60eaa9efff09,C_78036efae4c1,Pflichtfortbildungen ambulant,null,null,DRAFT,true,false,null
A_95870e7e5d9c,C_78036efae4c1,Pflichtfortbildungen stationär,null,null,DRAFT,true,false,null
A_0c49f36102ab,C_105743c5f3e2,Pflichtfortbildungen ambulant,null,null,DRAFT,true,false,null
A_3457c8c2e396,C_105743c5f3e2,Pflichtfortbildungen stationär,null,null,DRAFT,true,false,null
A_4cbd683fc752,C_1afa0d963745,Pflichtfortbildungen ambulant,null,null,DRAFT,true,false,null
A_ef4267ffb757,C_1afa0d963745,Pflichtfortbildungen stationär,null,null,DRAFT,true,false,null
A_88b1d2a4b5c1,C_a013e6e7691a,Pflichtfortbildungen ambulant,null,null,DRAFT,true,false,null
A_987cabcfe679,C_a013e6e7691a,Pflichtfortbildungen stationär,null,null,DRAFT,true,false,null
A_956ac2f0559d,C_95e883400566,Pflichtfortbildungen ambulant,null,null,DRAFT,true,false,null
A_9225108769e0,C_95e883400566,Pflichtfortbildungen stationär,null,null,DRAFT,true,false,null
A_2020ffd6aeee,C_95e883400566,Reinigungs,null,36M,DRAFT,false,true,null
A_4e73c639b497,C_20b97fe8253b,Pflichtfortbildungen ambulant,null,null,DRAFT,true,false,null
A_d2e88be8bc6a,C_20b97fe8253b,Pflichtfortbildungen stationär,null,null,DRAFT,true,false,null
A_038871c8eb61,C_864b79bd63ee,Pflichtfortbildungen ambulant,null,null,DRAFT,true,false,null
A_7bc70e3ca3fd,C_864b79bd63ee,Pflichtfortbildungen stationär,null,null,DRAFT,true,false,null
A_e822185b1b4b,C_37638f03a814,Pflichtfortbildungen ambulant,null,null,DRAFT,true,false,null
A_a186d7f4a1bc,C_37638f03a814,Pflichtfortbildungen stationär,null,null,DRAFT,true,false,null
A_b01dbf7330a3,C_b26f7326c3cc,Pflichtfortbildungen ambulant,null,null,DRAFT,true,false,null
A_a442ed6d8d0c,C_b26f7326c3cc,Pflichtfortbildungen stationär,null,null,DRAFT,true,false,null
A_66336ee572a9,C_91ec0468b18b,Pflichtfortbildungen ambulant,null,null,DRAFT,true,false,null
A_49d818ab59f0,C_91ec0468b18b,Pflichtfortbildungen stationär,null,24M,DRAFT,true,true,null
A_d092d1bc5d9e,C_e482859e7113,Pflichtfortbildungen ambulant,null,null,DRAFT,true,false,null
A_ec6efbbef2d8,C_e482859e7113,Pflichtfortbildungen stationär,null,null,DRAFT,true,false,null
A_d4a137b7a160,C_38ae46b8ab12,Betreuung,2025-10-31 00:00:00,null,ACTIVE,false,false,null
A_bc9818a83e67,C_38ae46b8ab12,Pflegefachkräfte,2025-10-31 00:00:00,12M,ACTIVE,false,true,null
A_bd7f130db3f7,C_38ae46b8ab12,Verwaltung,2025-10-31 00:00:00,12M,ACTIVE,false,true,null
A_a41ee69d64d3,C_38ae46b8ab12,Hauswirtschaft,2025-10-31 00:00:00,12M,ACTIVE,false,true,null
A_93fce3997ac1,C_f4ce083b016d,Pflichtfortbildungen ambulant,null,null,DRAFT,true,false,null
A_c1edd1ef111b,C_f4ce083b016d,Pflichtfortbildungen stationär,null,null,DRAFT,true,false,null
A_9ae49d5db040,C_f5dbb79494a0,Pflichtfortbildungen ambulant,null,null,DRAFT,true,false,null
A_f605a7e73e3f,C_f5dbb79494a0,Pflichtfortbildungen stationär,null,null,DRAFT,true,false,null
A_3d524e5d5ab1,C_3e1f2c3d29da,Pflichtfortbildungen ambulant,null,null,DRAFT,true,false,null
A_1773faaabe12,C_3e1f2c3d29da,Pflichtfortbildungen stationär,null,null,DRAFT,true,false,null
A_abce49d4085d,C_6dd1b1c51148,Schulung 01.2025,2025-01-02 00:00:00,null,ACTIVE,false,false,null
A_3e1589de88c6,C_6dd1b1c51148,Schulung 02.2025,2025-02-01 00:00:00,null,ACTIVE,false,false,null
A_23c06953b321,C_6dd1b1c51148,Schulung 03.2025,2025-03-31 00:00:00,null,ACTIVE,false,false,null
A_a883d5eab97f,C_6dd1b1c51148,Schulung 04.2025,2025-04-30 00:00:00,null,ACTIVE,false,false,null
A_73b2b2f5ea28,C_42738a4bab9b,Pflichtfortbildungen ambulant,2025-12-31 00:00:00,null,ACTIVE,true,false,null
A_2b219fd326ba,C_42738a4bab9b,Pflichtfortbildungen stationär,null,null,DRAFT,true,false,null
A_fc450d61ec7d,C_f5a0f5ae86da,Expertenstandard Förderung der Mundgesundheit,2025-12-31 00:00:00,null,ACTIVE,false,false,null
A_e182319f41d4,C_f5a0f5ae86da,Expertenstandard Sturzprophylaxe in der ambulanten Pflege,2025-12-31 00:00:00,null,ACTIVE,false,false,null
A_8050e02b421b,C_f5a0f5ae86da,Pflichtschulungen,2025-12-31 00:00:00,null,ACTIVE,false,false,null
A_abb149eab70d,C_f5a0f5ae86da,Expertenstandard Entlassungsmanagement in der ambulanten Pflege,2025-12-31 00:00:00,null,ACTIVE,false,false,null
A_18289296b581,C_f5a0f5ae86da,Expertenstandard Kontinenzförderung ,2025-12-31 00:00:00,null,ACTIVE,false,false,null
A_f62cb56494ea,C_f5a0f5ae86da,Strukturmodell und SIS,2025-12-31 00:00:00,null,ACTIVE,false,false,null
A_e170970224d3,C_f5a0f5ae86da,Expertenstandard Schmerzmanagement,2025-12-31 00:00:00,null,ACTIVE,false,false,null
A_3d1e7bcfd58a,C_f5a0f5ae86da,Expertenstandard chronische Wunden,2025-12-31 00:00:00,null,ACTIVE,false,false,null
A_bc8632c4a104,C_f5a0f5ae86da,Expertenstandards und Leitlinien,2025-12-31 00:00:00,null,ACTIVE,false,false,null
A_b3e1faaaddd2,C_f5a0f5ae86da,Expertenstandard chronische Wunden,2025-12-31 00:00:00,null,ACTIVE,false,false,null
A_146f41872c3f,C_f5a0f5ae86da,Expertenstandard Förderung der Hautintegrität,2025-12-31 00:00:00,null,ACTIVE,false,false,null
A_6e1fa88dc657,C_f5a0f5ae86da,Expertenstandard Ernährungsmanagement,2025-12-31 00:00:00,null,ACTIVE,false,false,null
A_b93eddb70569,C_f5a0f5ae86da,Expertenstandard Demenz,2025-12-31 00:00:00,null,ACTIVE,false,false,null
A_0a1bbb7cc787,C_f5a0f5ae86da,Behandlungspflege,2025-12-31 00:00:00,null,ACTIVE,false,false,null
A_cf0c66f23024,C_c399da126eb1,Expertenstandard Mobilitätsförderung,2025-02-04 00:00:00,null,ACTIVE,false,false,null
A_e76c536bb414,C_1a6e92ff7494,ambulante Pflege,2025-09-30 00:00:00,null,ACTIVE,false,false,null
A_84e608d65b02,C_3160ca82e1c1,Pflichtfortbildung Expertenstandards 2025,2025-12-31 00:00:00,null,ACTIVE,false,false,null
A_03e211cae8d6,C_3160ca82e1c1,Pflichtfortbildungen Pflegehelfer 2025,2025-12-31 00:00:00,null,COMPLETED,false,false,2026-01-12 17:53:17.795
A_ea738cf1fef2,C_3160ca82e1c1,Pflichtfortbildungen APH/ KPH/ MFA 2025,2025-12-31 00:00:00,null,ACTIVE,false,false,null
A_fce0f082006e,C_3160ca82e1c1,Pflichtfortbildungen PFK 2025,2025-12-31 00:00:00,null,ACTIVE,false,false,null
A_64acb3b37162,C_3160ca82e1c1,Pflichtfortbildung HWS 2025,2025-12-31 00:00:00,null,ACTIVE,false,false,null
A_3918cff3cc96,C_c29ab0ccbfbb,Zusatzqualifikation LG I Schein,null,null,DRAFT,false,false,null
A_baad7429de26,C_fa3d67ac4eac,Pflichtfortbildungen ambulant,null,null,DRAFT,true,false,null
A_aacf74f909e4,C_fa3d67ac4eac,Pflichtfortbildungen stationär,null,null,DRAFT,true,false,null
A_016107a67aa8,C_c29ab0ccbfbb,Qualifizierung LG I Schein,2025-04-30 00:00:00,null,COMPLETED,false,false,2025-02-19 10:27:04.25
A_09a82828c150,C_8ab4a9125526,Pflichtfortbildungen ,2026-12-07 00:00:00,null,ACTIVE,false,false,null
A_bface9c06fd7,C_a39b4cb21056,Pflichtfortbildungen 2025,2025-12-31 00:00:00,null,ACTIVE,false,false,null
A_2ea4cafb6d7e,C_49de493c248d,"Pflichtfortbildungen Verwaltungskräfte stationär, Seniorenresidenz Gifhorn GmbH",2025-02-10 00:00:00,12M,COMPLETED,false,true,2025-01-24 07:52:32.206
A_572ad0470ee0,C_49de493c248d,Hauswirtschaft - Pflichtschulungen,2025-02-10 00:00:00,12M,COMPLETED,false,true,2025-02-14 17:47:36.42
A_b5cb776b908c,C_e9ac33579a34,Pflichtfortbildungen ambulant,null,null,DRAFT,true,false,null
A_76b8062fc61d,C_e9ac33579a34,Pflichtfortbildungen stationär,null,null,DRAFT,true,false,null
A_c215eed8cb12,C_c399da126eb1,Rückengerechtes Arbeiten,2025-02-28 00:00:00,null,ACTIVE,false,false,null
A_eb54a9bd13b6,C_0accc65c8faa,Pflichtfortbildungen ambulant,null,null,DRAFT,true,false,null
A_3bffa3cf58a7,C_0accc65c8faa,Pflichtfortbildungen stationär,null,null,DRAFT,true,false,null
A_e1718a092a13,C_38851d99c267,Standard Fortbildungen,2025-11-30 00:00:00,12M,ACTIVE,false,true,null
A_54c8abe3a57e,C_38851d99c267,Unterweisung ,2025-02-21 00:00:00,null,ACTIVE,false,false,null
A_661d06ac711d,C_c399da126eb1,Umgang Med.,2025-01-31 00:00:00,null,COMPLETED,false,false,2025-02-04 21:00:04.221
A_7281fb798953,C_abb9c63c5b8a,Pflichtfortbildungen stationär,null,null,DRAFT,true,false,null
A_5b91b1b227dc,C_abb9c63c5b8a,Pflichtfortbildungen ambulant,null,null,DRAFT,true,false,null
A_7256cd3c9a85,C_0a331314796b,Pflichtschulungen,2025-12-31 00:00:00,12M,ACTIVE,false,true,null
A_2d5a4b57ee4f,C_f5a0f5ae86da,Krankheitsbilder,2025-12-31 00:00:00,null,ACTIVE,false,false,null
A_1b2cfd4d6879,C_f5a0f5ae86da,Krankheitsbilder -Asthma,2025-12-31 00:00:00,null,ACTIVE,false,false,null
A_17827d8fad8f,C_f5a0f5ae86da,Krankheitsbilder Diabetes Mellitus,2025-12-31 00:00:00,null,ACTIVE,false,false,null
A_9ff2b837bf2b,C_f5a0f5ae86da,Krankheitsbilder KHK,2025-12-31 00:00:00,null,ACTIVE,false,false,null
A_c7b05301574a,C_632c48bd4bbd,Expertenstandards Teil 1,2025-03-31 00:00:00,null,ACTIVE,false,false,null
A_a84992e13d12,C_4fe6b9a9861e,Pflichtfortbildungen ambulant,null,null,DRAFT,true,false,null
A_f71be57edbfe,C_4fe6b9a9861e,Pflichtfortbildungen stationär,null,null,DRAFT,true,false,null
A_df2113c55819,C_4fe6b9a9861e,PflichtFB,2025-04-06 00:00:00,null,ACTIVE,false,false,null
A_4501b3909da4,C_23370f5aebec,Pflichtfortbildungen ambulant,null,null,DRAFT,true,false,null
A_3308ba819eb1,C_23370f5aebec,Pflichtfortbildungen stationär,null,null,DRAFT,true,false,null
A_c34a4131dd43,C_cc7bea14ff82,Pflichtfortbildungen ambulant,null,null,DRAFT,true,false,null
A_40d7e15542d1,C_cc7bea14ff82,Pflichtfortbildungen stationär,null,null,DRAFT,true,false,null
A_50cbbd89ed6f,C_70b176e7acd7,Pflichtschulungen Hygiene,2025-02-28 00:00:00,12M,ACTIVE,false,true,null
A_8161f9175836,C_70b176e7acd7,Pflichtschulung Gefahrstoffe,2025-04-30 00:00:00,12M,COMPLETED,false,true,2025-02-28 09:48:22.946
A_63d2cca2a041,C_70b176e7acd7,Pflichtschulung Brandschutz,2025-05-31 00:00:00,12M,COMPLETED,false,true,2025-02-28 09:58:09.98
A_7b874a51ddcd,C_70b176e7acd7,Pflichtschulung Arbeitsschutz,2025-07-31 00:00:00,12M,COMPLETED,false,true,2025-03-03 08:19:07.311
A_4446a58bf013,C_fc863c5d3f22,Pflichtfortbildungen ambulant,null,null,DRAFT,true,false,null
A_4d6bc975a99b,C_fc863c5d3f22,Pflichtfortbildungen stationär,null,null,DRAFT,true,false,null
A_0564ce047359,C_70b176e7acd7,Datenschutz,2025-01-31 00:00:00,12M,COMPLETED,false,true,2025-02-12 11:06:52.432
A_a4db92230e66,C_632c48bd4bbd,Datenschutz,2025-03-31 00:00:00,null,COMPLETED,false,false,2025-08-15 10:31:44.717
A_6904913a7f10,C_5c242f949ced,Pflichtfortbildungen ambulant,null,null,DRAFT,true,false,null
A_1aed959d53c5,C_5c242f949ced,Pflichtfortbildungen stationär,null,null,DRAFT,true,false,null
A_38eff08b5bfa,C_8ab4a9125526,Schulungen,2026-12-07 00:00:00,null,ACTIVE,false,false,null
A_5879151209af,C_632c48bd4bbd,Schulungen Azubis,2025-03-31 00:00:00,null,COMPLETED,false,false,2025-08-15 10:31:45.094
A_9149df1ab252,C_657f5c5d3565,Pflichtfortbildungen ambulant,null,null,DRAFT,true,false,null
A_07e7d9ddf10b,C_657f5c5d3565,Pflichtfortbildungen stationär,null,null,DRAFT,true,false,null
A_c1e32819e737,C_7c3de7b32496,Das kleine 1x1 ,2025-12-31 00:00:00,null,COMPLETED,false,false,null
A_50305ab5b769,C_7c3de7b32496,Verwaltung,2025-12-31 00:00:00,null,COMPLETED,false,false,null
A_8295e2ac1233,C_5c782b057be2,Pflichtfortbildungen ambulant,null,null,DRAFT,true,false,null
A_f0ad76310fdd,C_5c782b057be2,Pflichtfortbildungen stationär,null,null,DRAFT,true,false,null
A_419df610f3c9,C_89e8bf53e444,Pflichtfortbildungen ambulant,null,null,DRAFT,true,false,null
A_ccee515b694c,C_89e8bf53e444,Pflichtfortbildungen stationär,null,null,DRAFT,true,false,null
A_3f476dfde2a7,C_3b970c21ebab,Pflichtfortbildungen ambulant,null,null,DRAFT,true,false,null
A_6c857c87e44a,C_3b970c21ebab,Pflichtfortbildungen stationär,null,null,DRAFT,true,false,null
A_b677447aeab5,C_0a331314796b,Bug test ,2025-02-28 00:00:00,null,ACTIVE,false,false,null
A_bd6bfa6f2005,C_219872be2ba1,Pflichtfortbildungen ambulant,null,null,DRAFT,true,false,null
A_85bef079eee2,C_219872be2ba1,Pflichtfortbildungen stationär,null,null,DRAFT,true,false,null
A_c3a192ac5698,C_b5d9e4181540,Pflichtfortbildungen ambulant,null,null,DRAFT,true,false,null
A_b6ea8549eac0,C_b5d9e4181540,Pflichtfortbildungen stationär,2025-01-28 00:00:00,null,ACTIVE,true,false,null
A_dadef85708aa,C_534b9225f01a,Folgebelehrungen,null,12M,DRAFT,false,true,null
A_1f27d082d6bd,C_824609dfee36,Pflichtschulungen 01/2025,2025-06-30 00:00:00,null,ACTIVE,false,false,null
A_e83357d3aeba,C_4cb37e2d1d6d,test 1,null,null,DRAFT,false,false,null
A_8fc434cda9b1,C_4c68d4d4cfad,Führen von Fahrzeugen,2025-12-31 00:00:00,12M,COMPLETED,false,true,2025-01-30 07:39:46.829
A_6f75dc77c407,C_477558104e75,Pflichtfortbildungen ambulant,null,null,DRAFT,true,false,null
A_343cf236777a,C_477558104e75,Pflichtfortbildungen stationär,null,null,DRAFT,true,false,null
A_7b84dc200d24,C_bd501986a494,Pflichtfortbildungen stationär,null,null,DRAFT,true,false,null
A_a95189d0ff0c,C_bd501986a494,Pflichtfortbildungen ambulant,null,null,DRAFT,true,false,null
A_a81752805a9c,C_7c3de7b32496,Podcast,2025-06-30 00:00:00,null,COMPLETED,false,false,null
A_428b1976d406,C_7c3de7b32496,Expertenstandards,2025-06-30 00:00:00,null,COMPLETED,false,false,null
A_5cc73ad33ec9,C_bd501986a494,Interne Fortbildung HKPD,2025-02-12 00:00:00,null,ACTIVE,false,false,null
A_1d2fdd1deb5b,C_bd501986a494,HKPD,2025-02-14 00:00:00,null,COMPLETED,false,false,2025-02-14 10:59:27.256
A_d11902f35d89,C_bd501986a494,HKPD,2025-03-05 00:00:00,null,ACTIVE,false,false,null
A_e3e665fd5347,C_bd501986a494,HKPD,2025-03-28 00:00:00,null,ACTIVE,false,false,null
A_a1044fdf36c8,C_bd501986a494,HKPD,2025-04-02 00:00:00,null,ACTIVE,false,false,null
A_54b994b3f73c,C_bd501986a494,HKPD,2025-04-04 00:00:00,null,ACTIVE,false,false,null
A_bde310f8c2b0,C_bd501986a494,HKPD,2025-05-02 00:00:00,null,ACTIVE,false,false,null
A_2642b53c71ab,C_bd501986a494,HKPD,2025-05-28 00:00:00,null,ACTIVE,false,false,null
A_913cdf4e3eec,C_bd501986a494,HKPD,2025-06-06 00:00:00,null,ACTIVE,false,false,null
A_8aeab2865a7e,C_bd501986a494,HKPD,2025-06-25 00:00:00,null,ACTIVE,false,false,null
A_77d5c6c32214,C_bd501986a494,HKPD,2025-08-15 00:00:00,null,ACTIVE,false,false,null
A_744671f77df2,C_bd501986a494,HKPD,2025-09-05 00:00:00,null,ACTIVE,false,false,null
A_b0028a3143c3,C_bd501986a494,HKPD,2025-09-17 00:00:00,null,ACTIVE,false,false,null
A_89c6d56e64da,C_bd501986a494,HKPD,2025-10-10 00:00:00,null,ACTIVE,false,false,null
A_06a5317f1716,C_bd501986a494,HKPD,2025-11-14 00:00:00,null,ACTIVE,false,false,null
A_f7f6d69c11fb,C_bd501986a494,HKPD,2025-12-12 00:00:00,null,ACTIVE,false,false,null
A_9112144a4147,C_3f7120bdb8c3,Pflichtfortbildungen ambulant,null,null,DRAFT,true,false,null
A_e9f3c0f6fdab,C_728a4117ee9e,Allgemein-Fortbildung,2025-07-31 00:00:00,12M,COMPLETED,false,true,2025-07-08 14:15:45.951
A_ed25672cde1b,C_728a4117ee9e,Allgemein-Fortbildung,2025-07-31 00:00:00,12M,COMPLETED,false,true,2025-07-08 14:15:45.949
A_9773a8617bd9,C_728a4117ee9e,Allgemein-Fortbildung,null,12M,DRAFT,false,true,null
A_6aff64b7e38a,C_e45464b21247,Pflichtfortbildungen stationär,null,null,DRAFT,true,false,null
A_080698b949c3,C_c399da126eb1,Expertenstandard chronische Wunden,2025-03-04 00:00:00,null,ACTIVE,false,false,null
A_1622789b733e,C_c399da126eb1,Beziehungsgestaltung bei Demenz,2025-03-04 00:00:00,null,ACTIVE,false,false,null
A_571510b68348,C_521e13132853,Pflichtfortbildungen ambulant,null,null,DRAFT,true,false,null
A_134a12237514,C_521e13132853,Pflichtfortbildungen Pflege,2025-12-31 00:00:00,12M,COMPLETED,true,true,null
A_114d1e1e7b40,C_521e13132853,Pflichtfortbildungen Pflege 2 Jahre,2026-12-31 00:00:00,24M,ACTIVE,false,true,null
A_b087748bb8e8,C_a900f97841ef,Pflichtschulung Pflegefachkraft 2025,2025-12-31 00:00:00,12M,COMPLETED,false,true,2025-02-12 12:23:09.617
A_f1cfab0b1fe5,C_a900f97841ef,Pflichtschulung Assistenzkraft 2025,2025-12-31 00:00:00,12M,COMPLETED,false,true,2025-02-12 12:18:19.004
A_13ebdd62a6b9,C_632c48bd4bbd,Expertenstandards Teil 2,2025-06-30 00:00:00,null,ACTIVE,false,false,null
A_e9c373696e9c,C_1a6e92ff7494,hauswirtschaft,2025-09-30 00:00:00,null,ACTIVE,false,false,null
A_dc0ae8ecc895,C_8634c534e026,Pflichtfortbildungen stationär,2025-12-31 00:00:00,null,ACTIVE,true,false,null
A_f710f1b4e8d9,C_5199a6170070,Pflichtfortbildungen ambulant,2025-02-08 00:00:00,null,ACTIVE,true,false,null
A_b6b51959b26e,C_5199a6170070,Pflichtfortbildungen stationär,null,null,DRAFT,true,false,null
A_8f37cc6a3160,C_6a85a77f24de,Pflichtfortbildungen ambulant,null,null,DRAFT,true,false,null
A_56b19bc1d7bd,C_6a85a77f24de,Pflichtfortbildungen stationär,null,null,DRAFT,true,false,null
A_4821fc776686,C_46d814b5a375,Pflichtfortbildungen ambulant,null,null,DRAFT,true,false,null
A_af3d5f1cd0c7,C_46d814b5a375,Pflichtfortbildungen stationär,null,null,DRAFT,true,false,null
A_93bdb81b18aa,C_7917efa31e9a,Pflichtfortbildungen ambulant,null,null,DRAFT,true,false,null
A_59993ab2c368,C_7917efa31e9a,Pflichtfortbildungen stationär,null,null,DRAFT,true,false,null
A_5da2d023f79a,C_8e98352937c9,Pflichtfortbildungen ambulant,null,null,DRAFT,true,false,null
A_ee9f6438a015,C_8e98352937c9,Pflichtfortbildungen stationär,null,null,DRAFT,true,false,null
A_23efc43154ff,C_5199a6170070,Expertenstandart,2025-02-10 00:00:00,null,ACTIVE,false,false,null
A_1d1df38efa6b,C_5d224f2b6482,Pflichtfortbildungen ambulant,null,null,DRAFT,true,false,null
A_acb61eab622f,C_5d224f2b6482,Pflichtfortbildungen stationär,null,null,DRAFT,true,false,null
A_af0c7d6ff634,C_a849060e2b8d,Pflichtfortbildungen ambulant,null,null,DRAFT,true,false,null
A_c223ab8f933e,C_a849060e2b8d,Pflichtfortbildungen stationär,null,null,DRAFT,true,false,null
A_004deb85f221,C_7d89b7b6e96f,tp 2,2025-02-11 00:00:00,6M,ACTIVE,false,true,null
A_3c9b8336fd28,C_cb613254751b,Pflichtfortbildungen ambulant,null,null,DRAFT,true,false,null
A_560d0d3d6dbb,C_cb613254751b,Pflichtfortbildungen stationär,null,null,DRAFT,true,false,null
A_7a8c11330e19,C_abb1def890dc,Pflichtfortbildungen ambulant,null,null,DRAFT,true,false,null
A_441e023e6d4e,C_abb1def890dc,Pflichtfortbildungen stationär,null,null,DRAFT,true,false,null
A_a432eb83fb96,C_521e13132853,Pflichtfortbildungen Hauswirtschaft,2025-12-31 00:00:00,12M,COMPLETED,false,true,null
A_04efe119abb2,C_7d89b7b6e96f,75,2025-02-13 00:00:00,null,ACTIVE,false,false,null
A_af0e413acab7,C_0a331314796b,Test-ANT-1313,2025-02-13 00:00:00,6M,ACTIVE,false,true,null
A_8054d11f64b7,C_26b59b93a62d,Pflichtfortbildungen ambulant,null,null,DRAFT,true,false,null
A_ab123dad8424,C_26b59b93a62d,Pflichtfortbildungen stationär,null,null,DRAFT,true,false,null
A_fa28b4253377,C_521e13132853,Pflichtfortbildungen Verwaltung,2025-12-31 00:00:00,12M,COMPLETED,false,true,2026-01-14 10:52:54.515
A_db3f09be752d,C_5f171c94ba3b,Pflichtfortbildungen ambulant,null,null,DRAFT,true,false,null
A_2eda457ecd22,C_5f171c94ba3b,Pflichtfortbildungen stationär,null,null,DRAFT,true,false,null
A_9ecf615e5a67,C_521e13132853,Pflichtfortbildungen sozialer Dienst,2025-12-31 00:00:00,12M,COMPLETED,false,true,null
A_68e1d147172b,C_521e13132853,Pflichtfortbildung Haustechnik,2025-12-31 00:00:00,12M,COMPLETED,false,true,null
A_4e56f47006c7,C_521e13132853,Leitung,2026-12-31 00:00:00,24M,ACTIVE,false,true,null
A_3b8e0433f0f1,C_b4f50207e270,Pflichtfortbildungen ambulant,null,null,DRAFT,true,false,null
A_369146fd8305,C_b4f50207e270,Pflichtfortbildungen stationär,null,null,DRAFT,true,false,null
A_b64f28edb9c8,C_5fbb9313e6e5,Interessante Schulungen,2025-04-30 00:00:00,null,ACTIVE,false,false,null
A_86383030f946,C_60c450de39b5,Pflichtfortbildungen ambulant,null,null,DRAFT,true,false,null
A_c3125e125181,C_60c450de39b5,Pflichtfortbildungen stationär,null,null,DRAFT,true,false,null
A_55adb2f32d16,C_60c450de39b5,Krankenschwester,null,12M,DRAFT,false,true,null
A_0e17f0557545,C_56a8c9608078,Pflichtfortbildungen ambulant,null,null,DRAFT,true,false,null
A_79820605e8fc,C_56a8c9608078,Pflichtfortbildungen stationär,null,null,DRAFT,true,false,null
A_7623d41f1b79,C_06087f843842,Pflichtfortbildungen ambulant,null,null,DRAFT,true,false,null
A_620ec748f581,C_06087f843842,Pflichtfortbildungen stationär,null,null,DRAFT,true,false,null
A_1f0c677fa67c,C_41f7d4417e72,Pflichtfortbildungen ambulant,null,null,DRAFT,true,false,null
A_bc47adadcd12,C_41f7d4417e72,Pflichtfortbildungen stationär,null,null,DRAFT,true,false,null
A_1f288e11c79c,C_72de9de02665,Pflichtfortbildungen ambulant,null,null,DRAFT,true,false,null
A_4d04de165b1c,C_72de9de02665,Pflichtfortbildungen stationär,null,null,DRAFT,true,false,null
A_0e35e44683f0,C_82379ec3a5f5,Pflichtfortbildungen ambulant,null,null,DRAFT,true,false,null
A_efe1382e8f0f,C_82379ec3a5f5,Pflichtfortbildungen stationär,null,null,DRAFT,true,false,null
A_c840f8f022dc,C_a7b82323bd97,Pflichtfortbildungen ambulant,null,null,DRAFT,true,false,null
A_37a492ab8ca2,C_a7b82323bd97,Pflichtfortbildungen Tagespflege,null,null,DRAFT,true,false,null
A_7a39c370fef0,C_edddfbf6cf74,Pflichtschulung,2025-03-27 00:00:00,null,ACTIVE,false,false,null
A_98928afa99c3,C_edddfbf6cf74,Pflichtschulung,2025-03-20 00:00:00,null,ACTIVE,false,false,null
A_60147686b0d7,C_edddfbf6cf74,Pflichtschulung,2025-03-13 00:00:00,null,ACTIVE,false,false,null
A_07a5a628e0cb,C_edddfbf6cf74,Pflichtschulung,2025-04-03 00:00:00,null,ACTIVE,false,false,null
A_8635eec03205,C_edddfbf6cf74,Pflichtschulung,2025-04-17 00:00:00,null,ACTIVE,false,false,null
A_095b94e9b6f3,C_edddfbf6cf74,Pflichtschulung,2025-05-08 00:00:00,null,ACTIVE,false,false,null
A_14af4e997f8e,C_edddfbf6cf74,Pflichtschulung,2025-04-23 00:00:00,null,ACTIVE,false,false,null
A_d127e6e3bb3b,C_edddfbf6cf74,Pflichtschulung,2025-05-22 00:00:00,null,ACTIVE,false,false,null
A_55e0e533b1ff,C_edddfbf6cf74,Pflichtschulung,2025-06-05 00:00:00,null,ACTIVE,false,false,null
A_b6d90b318ef7,C_edddfbf6cf74,Pflichtschulung,2025-03-13 00:00:00,null,ACTIVE,false,false,null
A_7bd5051d8912,C_61fb930bdfba,Pflichtfortbildungen ambulant,null,null,DRAFT,true,false,null
A_3216980ff24c,C_61fb930bdfba,Pflichtfortbildungen stationär,null,null,DRAFT,true,false,null
A_e5a97a2c582d,C_fa3d67ac4eac,Expertenstandards,2025-12-31 00:00:00,null,ACTIVE,false,false,null
A_16439f023703,C_72b9bcbe44f9,Pflichtfortbildungen ambulant,null,null,DRAFT,true,false,null
A_367e3c08125a,C_72b9bcbe44f9,Pflichtfortbildungen stationär,null,null,DRAFT,true,false,null
A_c5622f744e94,C_741d45a1c51f,Pflichtfortbildungen ambulant,null,null,DRAFT,true,false,null
A_96f66747d0cb,C_741d45a1c51f,Pflichtfortbildungen stationär,null,null,DRAFT,true,false,null
A_1a6e1fb58299,C_72b9bcbe44f9,Expertenstandards ,2025-08-31 00:00:00,12M,ACTIVE,false,true,null
A_1087ca96bfe3,C_72b9bcbe44f9,Datenschutz,2025-04-30 00:00:00,12M,ACTIVE,false,true,null
A_902f3efadd15,C_5199a6170070,Expertenstandard 2025 Fachpflegekräfte,2025-04-17 00:00:00,null,ACTIVE,false,false,null
A_f6b33d8fc96d,C_5199a6170070,Datenschutz in der Pflege ,2025-05-15 00:00:00,null,ACTIVE,false,false,null
A_461bfe419d5b,C_e45464b21247,Behandlungspflege,2026-12-31 00:00:00,12M,ACTIVE,false,true,null
A_70eab5083a33,C_e45464b21247,Hygiene,2025-12-31 00:00:00,12M,COMPLETED,false,true,2025-11-27 10:12:37.605
A_be037cc0f0d5,C_e45464b21247,SIS,2026-12-31 00:00:00,12M,ACTIVE,false,true,null
A_da918296842e,C_057e25c7970e,Pflichtfortbildungen ambulant,null,null,DRAFT,true,false,null
A_04a7f5dc6131,C_057e25c7970e,Pflichtfortbildungen stationär,null,null,DRAFT,true,false,null
A_2ef3cdc1fd9a,C_ba5612fbca02,Pflichtfortbildungen ambulant,null,null,DRAFT,true,false,null
A_57447f65cac1,C_ba5612fbca02,Pflichtfortbildungen stationär,2025-03-27 00:00:00,null,ACTIVE,true,false,null
A_710ee88add28,C_6515f1756cbc,Pflichtfortbildungen ambulant,null,null,DRAFT,true,false,null
A_938eb22eb81b,C_6515f1756cbc,Pflichtfortbildungen stationär,null,null,DRAFT,true,false,null
A_ff89f31e7722,C_ba5612fbca02,Expertenstandard,null,null,DRAFT,false,false,null
A_4281d76f347b,C_7c3de7b32496,Ein bunter Mix,2025-06-30 00:00:00,null,COMPLETED,false,false,null
A_ddf2bafed585,C_cf0cb0850085,Pflichtfortbildungen ambulant,null,null,DRAFT,true,false,null
A_bd5f32c0b0aa,C_cf0cb0850085,Pflichtfortbildungen stationär,null,null,DRAFT,true,false,null
A_f1792d69e810,C_42e9380588f8,Pflichtfortbildungen ambulant,null,null,DRAFT,true,false,null
A_9d10770ca8c1,C_42e9380588f8,Pflichtfortbildungen stationär,null,null,DRAFT,true,false,null
A_273d3e7f65c0,C_7d89b7b6e96f,123 draft,null,null,DRAFT,false,false,null
A_3105eb15af16,C_c29ab0ccbfbb,Qualifizierung LG I Schein,2025-04-30 00:00:00,null,ACTIVE,false,false,null
A_0d36f50986f4,C_fa3d67ac4eac,Fortbildungen PFK,null,null,DRAFT,false,false,null
A_02f59bb8bd47,C_fa3d67ac4eac,Fortbildungen PK,2025-12-31 00:00:00,null,ACTIVE,false,false,null
A_b2f84d279480,C_fa3d67ac4eac,Fortbildungen PK (leichte Sprache),2025-12-31 00:00:00,null,COMPLETED,false,false,2025-12-27 23:00:09.305
A_1558458bf039,C_8bb2f38e42eb,Pflichtfortbildungen ambulant,null,null,DRAFT,true,false,null
A_4265fb30286e,C_8bb2f38e42eb,Pflichtfortbildungen stationär,null,null,DRAFT,true,false,null
A_ecf2947cbc5f,C_47b2e15eb70f,Pflichtfortbildungen ambulant,null,null,DRAFT,true,false,null
A_0069691b51c4,C_47b2e15eb70f,Pflichtfortbildungen stationär,null,null,DRAFT,true,false,null
A_5d58bbad9056,C_c82084b3a4e2,Pflichtfortbildungen ambulant,null,null,DRAFT,true,false,null
A_10f3d81e8752,C_c82084b3a4e2,Pflichtfortbildungen stationär,null,null,DRAFT,true,false,null
A_bdeb983b7ec4,C_069f90c796af,Pflichtfortbildungen ambulant,null,null,DRAFT,true,false,null
A_cc6ac0d84d19,C_069f90c796af,Pflichtfortbildungen stationär,null,null,DRAFT,true,false,null
A_462242c7bf0c,C_01abbaec259a,Pflichtfortbildungen ambulant,null,null,DRAFT,true,false,null
A_4fa38b8d8e1e,C_01abbaec259a,Pflichtfortbildungen stationär,null,null,DRAFT,true,false,null
A_b34b7bc847fa,C_c29ab0ccbfbb,Pflichtfortbildungen,2025-06-30 00:00:00,null,COMPLETED,false,false,2025-07-11 08:06:04.243
A_5ef9448a6bcb,C_c29ab0ccbfbb,Pflichtfortbildung,2025-09-30 00:00:00,null,COMPLETED,false,false,2025-09-24 12:13:58.57
A_42030a3afbe8,C_c29ab0ccbfbb,Pflichtfortbildung,2025-12-31 00:00:00,null,ACTIVE,false,false,null
A_05331c0dde64,C_c29ab0ccbfbb,Pflichtfortbildung,2025-06-30 00:00:00,null,COMPLETED,false,false,2025-07-07 12:09:52.785
A_4d6c59bbf9b8,C_c29ab0ccbfbb,Pflichtfortbildung,2025-09-30 00:00:00,null,COMPLETED,false,false,2025-09-03 12:39:27.797
A_d6d7208c0411,C_c29ab0ccbfbb,Pflichtfortbildungen,2025-12-31 00:00:00,null,COMPLETED,false,false,2026-01-09 07:08:17.383
A_e3cb4a023c2c,C_c29ab0ccbfbb,Pflichtfortbildung,2025-06-30 00:00:00,null,COMPLETED,false,false,2025-06-06 07:17:03.912
A_91327b62ad7d,C_c29ab0ccbfbb,Pflichtfortbildung,2025-09-30 00:00:00,null,COMPLETED,false,false,2025-09-09 06:52:50.482
A_52b9d6d95c66,C_c29ab0ccbfbb,Pflichtfortbildung,2025-12-31 00:00:00,null,COMPLETED,false,false,2025-10-29 09:27:03.783
A_9c2b86395825,C_c211bdea9a31,Pflichtfortbildungen ambulant,null,null,DRAFT,true,false,null
A_c1aca119ac43,C_c211bdea9a31,Pflichtfortbildungen stationär,null,null,DRAFT,true,false,null
A_f50264e7a0a0,C_c211bdea9a31,Pflicht,2026-03-30 00:00:00,null,ACTIVE,false,false,null
A_818ac72f8961,C_72b9bcbe44f9,Expertenstand.,null,12M,DRAFT,false,true,null
A_a4d3feac7b2c,C_c399da126eb1,Expertenstandard Mundgesundheit,2025-04-30 00:00:00,null,ACTIVE,false,false,null
A_d85ea0ddefab,C_82464cf39f69,Pflichtschulungen 2025,2025-10-31 00:00:00,12M,ACTIVE,false,true,null
A_67250d83478f,C_5d6a3c9c46f5,Pflichtfortbildungen ambulant,null,null,DRAFT,true,false,null
A_adf76876dd42,C_5d6a3c9c46f5,Pflichtfortbildungen stationär,null,null,DRAFT,true,false,null
A_febe173498fd,C_96808303c45f,Pflichtfortbildungen ambulant,null,null,DRAFT,true,false,null
A_abdb7dd2172b,C_96808303c45f,Pflichtfortbildungen stationär,null,null,DRAFT,true,false,null
A_4cb66b761ee0,C_72b9bcbe44f9,Expertenstand.,null,12M,DRAFT,false,true,null
A_ea08c37ca7e2,C_f8d97016befc,Pflichtfortbildungen ambulant,null,null,DRAFT,true,false,null
A_d326da4af9a1,C_f8d97016befc,Pflichtfortbildungen stationär,null,null,DRAFT,true,false,null
A_2015cb4a7b63,C_6a9de3e3e688,Pflichtfortbildungen ambulant,null,null,DRAFT,true,false,null
A_2f436b9ed380,C_6a9de3e3e688,Pflichtfortbildungen stationär,null,null,DRAFT,true,false,null
A_26796de8e7c7,C_336e91434151,Pflichtfortbildungen ambulant,2025-12-31 00:00:00,null,ACTIVE,true,false,null
A_5f789f717714,C_336e91434151,Pflichtfortbildungen stationär,null,null,DRAFT,true,false,null
A_2a575895d3a3,C_2ff6bdcce45b,Pflichtfortbildungen ambulant,null,null,DRAFT,true,false,null
A_0f8e05d1c897,C_2ff6bdcce45b,Pflichtfortbildungen stationär,null,null,DRAFT,true,false,null
A_9d618086f711,C_00ac766ab469,Pflichtfortbildungen ambulant,null,null,DRAFT,true,false,null
A_783e736a3ef7,C_00ac766ab469,Pflichtfortbildungen stationär,null,null,DRAFT,true,false,null
A_acb1b5e39a07,C_8634c534e026,Hauswirtschaft,2025-12-31 00:00:00,null,ACTIVE,false,false,null
A_986decc6f0ad,C_8634c534e026,Alle Mitarbeiter*innen,2025-12-31 00:00:00,null,ACTIVE,false,false,null
A_aece365b336f,C_343f6ed29c60,Pflichtfortbildungen ambulant,null,null,DRAFT,true,false,null
A_b63c474ca73c,C_343f6ed29c60,Pflichtfortbildungen stationär,null,null,DRAFT,true,false,null
A_c999968cea02,C_3257a6dce0b7,Pflichtfortbildungen ambulant,null,null,DRAFT,true,false,null
A_4f97a36468f7,C_3257a6dce0b7,Pflichtfortbildungen stationär,null,null,DRAFT,true,false,null
A_429950c45320,C_8d953429f420,Pflichtfortbildungen ambulant,null,null,DRAFT,true,false,null
A_d30be2449db3,C_8d953429f420,Pflichtfortbildungen stationär,null,null,DRAFT,true,false,null
A_ac83ba36e560,C_6a5b149856b0,Pflichtschulungen 2025 Hauswirtschaft,2025-11-30 00:00:00,null,ACTIVE,false,false,null
A_be64152e2f27,C_a7453071553c,Pflichtfortbildungen ambulant,null,null,DRAFT,true,false,null
A_1227ee3d2d72,C_a7453071553c,Pflichtfortbildungen stationär,null,null,DRAFT,true,false,null
A_001ee8e8cbc3,C_4a1ac8b0a1b1,Lebensmittelverordnung- Hygiene,2025-05-30 00:00:00,12M,COMPLETED,false,true,2025-09-16 08:12:02.555
A_9a4963dd6059,C_4a1ac8b0a1b1,Pflichtfortbildungen,2025-12-15 00:00:00,12M,ACTIVE,false,true,null
A_ea468fb729a5,C_9fa95fbcc775,Pflichtfortbildungen ambulant,2025-12-08 00:00:00,null,ACTIVE,true,false,null
A_212b41d2554d,C_336e91434151,Pflichtschulungen,null,null,DRAFT,false,false,null
A_642b253b7094,C_c53b78c8580d,Pflichtfortbildungen ambulant,null,null,DRAFT,true,false,null
A_54039e954105,C_c53b78c8580d,Pflichtfortbildungen stationär,null,null,DRAFT,true,false,null
A_116abc49d7d0,C_47b2e15eb70f,Pflichtunterweisung,2025-04-30 00:00:00,null,ACTIVE,false,false,null
A_170dab90b452,C_8d86a207f1c9,Pflichtfortbildungen stationär,null,null,DRAFT,true,false,null
A_97e7617851e4,C_8d86a207f1c9,Pflichtfortbildungen ambulant,null,null,DRAFT,true,false,null
A_6abd4d929915,C_2dc521c4119a,Pflichtfortbildungen ambulant,null,null,DRAFT,true,false,null
A_071a0696d328,C_2dc521c4119a,Pflichtfortbildungen stationär,null,null,DRAFT,true,false,null
A_5f1da60d9a59,C_5c53d6f828d5,Expertenstandards ,2025-05-31 00:00:00,null,ACTIVE,false,false,null
A_077a2615da33,C_3149a36b7d6e,Pflichtfortbildungen ambulant,null,null,DRAFT,true,false,null
A_6b7f40feeb80,C_3149a36b7d6e,Pflichtfortbildungen stationär,null,null,DRAFT,true,false,null
A_181b4eec5532,C_0a331314796b,Rücken,2025-04-18 00:00:00,null,COMPLETED,false,false,2025-04-03 09:14:11.478
A_78ea690f4220,C_b952dd35b2f1,Wissen auf einen Klick,2026-12-31 00:00:00,24M,ACTIVE,false,true,null
A_fda331ed4784,C_82464cf39f69,Arbeiten im Team,2025-05-01 00:00:00,null,ACTIVE,false,false,null
A_f9738f102bfe,C_044fb30edfbe,Pflichtfortbildungen ambulant,null,null,DRAFT,true,false,null
A_9900531ac9fd,C_044fb30edfbe,Pflichtfortbildungen stationär,null,null,DRAFT,true,false,null
A_7e7d4916a3a6,C_4a1ac8b0a1b1,Pflichtfortbildungen HW,2025-12-15 00:00:00,12M,COMPLETED,false,true,2026-01-28 14:43:45.133
A_65f1e7161d22,C_4a1ac8b0a1b1,Belehrung gemäß § 42 und § 43 HW,2025-05-30 00:00:00,12M,COMPLETED,false,true,2026-01-28 14:43:45.134
A_372b606d6890,C_9bb5792c813e,Pflichtfortbildungen ambulant,null,null,DRAFT,true,false,null
A_3841bc01fd25,C_9bb5792c813e,Pflichtfortbildungen stationär,null,null,DRAFT,true,false,null
A_525d068454b8,C_8be880fd59a3,Pflichtfortbildungen stationär,null,null,DRAFT,true,false,null
A_2cb1539b51d7,C_19a3712757ca,Fortbildung,2025-06-30 00:00:00,null,COMPLETED,false,false,2025-12-18 18:33:22.614
A_1f08c2c1fdb6,C_19a3712757ca,Fortbildung,2025-12-31 00:00:00,null,COMPLETED,false,false,2025-10-30 08:24:51.896
A_a8b34389775b,C_19a3712757ca,Fortbildung,2025-06-30 00:00:00,null,ACTIVE,false,false,null
A_589737963124,C_6a3c03674cf9,Pflichtschulungen,2025-12-30 00:00:00,12M,ACTIVE,false,true,null
A_c46998084c59,C_30276cf06c74,Pflichtfortbildungen ambulant,null,null,DRAFT,true,false,null
A_79d44f6b3711,C_30276cf06c74,Pflichtfortbildungen stationär,null,null,DRAFT,true,false,null
A_18d7bede2c45,C_e268b2c34ab0,rechtliche Absicherung,2025-05-31 00:00:00,null,ACTIVE,false,false,null
A_009072c8e388,C_e268b2c34ab0,Psyche,2025-06-15 00:00:00,null,ACTIVE,false,false,null
A_15c63561d3f3,C_e268b2c34ab0,Port Versorgung,2026-03-31 00:00:00,null,ACTIVE,false,false,null
A_9dd54acf1318,C_7d89b7b6e96f,Re bsnnahsj,2025-04-16 00:00:00,6M,ACTIVE,false,true,null
A_63c3078744f0,C_272e7cdd42a2,Pflichtfortbildungen ambulant,null,null,DRAFT,true,false,null
A_8bbee395f9a7,C_272e7cdd42a2,Pflichtfortbildungen stationär,null,null,DRAFT,true,false,null
A_5e767d85c95f,C_5c53d6f828d5,Arbeitsschutz am Bildschirm,2025-06-30 00:00:00,null,ACTIVE,false,false,null
A_d3608aab6e4d,C_904977269f74,Pflichtfortbildung für ALLE ,2025-11-30 00:00:00,null,COMPLETED,false,false,2026-02-10 06:28:30.543
A_d197c6264cab,C_f0f4a08afe1e,Pflichtfortbildungen ambulant,null,null,DRAFT,true,false,null
A_4378b83c0908,C_09daf3bd3e48,Pflichtfortbildungen 2025,2025-12-31 00:00:00,null,COMPLETED,true,false,null
A_7e4f736bec45,C_8b391db2f616,Pflichtvortbildung,2025-04-25 00:00:00,24M,ACTIVE,false,true,null
A_edcf1a2dd4a0,C_8b391db2f616,Expertenstandard Hautintegrität...,2025-05-09 00:00:00,null,ACTIVE,false,false,null
A_182fe9230749,C_8b391db2f616,Expertenstandard: Kontinenzförderung,2025-06-09 00:00:00,null,ACTIVE,false,false,null
A_bfba2fb3cdd0,C_8b391db2f616,Expertenstandard: Mobilitätsförderung,2025-06-23 00:00:00,null,ACTIVE,false,false,null
A_78e22fc3fbbd,C_8b391db2f616,Pflichtschulung,2025-07-07 00:00:00,null,ACTIVE,false,false,null
A_d1c49890aebb,C_8b391db2f616,Pflichtschulung,2025-07-21 00:00:00,null,COMPLETED,false,false,2025-09-17 13:13:36.719
A_5a22ed57a49a,C_8b391db2f616,Pflichtschulung,2025-08-11 00:00:00,null,ACTIVE,false,false,null
A_4224d864c2c9,C_8b391db2f616,Führen von Fahrzeugen,2025-08-25 00:00:00,null,ACTIVE,false,false,null
A_47134cd51a25,C_8b391db2f616,Expertenstandard: Schmerzmanagement,2025-09-08 00:00:00,null,ACTIVE,false,false,null
A_44ef12f52c21,C_8b391db2f616,Sepsis,2025-09-26 00:00:00,null,ACTIVE,false,false,null
A_f0fe6e26b0c8,C_8b391db2f616,Evidenzbasierte Pflege ,2025-10-10 00:00:00,null,ACTIVE,false,false,null
A_cfbbeea8173e,C_8b391db2f616,Kompressionstrümpfe,2025-10-27 00:00:00,null,ACTIVE,false,false,null
A_cace13672cff,C_8b391db2f616,Expertenstandard Sturzprophylaxe,2025-11-10 00:00:00,null,ACTIVE,false,false,null
A_6ec64dcf6a85,C_8b391db2f616,Expertenstandard: Ernährungsmanagement,2025-11-28 00:00:00,null,ACTIVE,false,false,null
A_1fa785a7d72a,C_8b391db2f616,Arbeitsschutz,2025-11-28 00:00:00,null,ACTIVE,false,false,null
A_35ccc96271a2,C_8b391db2f616,Beratungseinsatz,2025-04-21 00:00:00,null,ACTIVE,false,false,null
A_7912b3e873db,C_8b391db2f616,Expertenstandard Dekubitusprophylaxe,2025-12-12 00:00:00,null,ACTIVE,false,false,null
A_64d319d9bfc1,C_8b391db2f616,Pflichtschulung,2025-12-23 00:00:00,null,ACTIVE,false,false,null
A_4ec844399bb4,C_e268b2c34ab0,Datenschutz/ Führen von Fahrzeugen,2025-05-31 00:00:00,null,ACTIVE,false,false,null
A_4a645a0abc19,C_e268b2c34ab0,Gefahrstoffe/ Arbeitsschutz,2025-06-30 00:00:00,null,ACTIVE,false,false,null
A_773afe09d0c4,C_e268b2c34ab0,Pflege Charta / Rückengerechtes Arbeiten,2025-08-30 00:00:00,null,ACTIVE,false,false,null
A_5e859d09cb18,C_c8c934012a83,Pflichtfortbildungen ambulant,null,null,DRAFT,true,false,null
A_119a1a729011,C_c8c934012a83,Pflichtfortbildungen stationär,null,null,DRAFT,true,false,null
A_1930798210f7,C_e268b2c34ab0,Sturzprophylaxe/ Kontinenzförderung,2025-05-31 00:00:00,null,ACTIVE,false,false,null
A_78de86922966,C_e268b2c34ab0,Dekubitus/ Förderung orale Ernährung,2025-06-30 00:00:00,null,ACTIVE,false,false,null
A_e939168b0e53,C_e268b2c34ab0,Expertenstandard Schmerz/ Sturz,2025-05-31 00:00:00,null,ACTIVE,false,false,null
A_c009cc6f63f2,C_e268b2c34ab0,chronische Wunden/ Dekubitusprophylaxe,2025-06-30 00:00:00,null,ACTIVE,false,false,null
A_0d818348d12e,C_e268b2c34ab0,Expertenstandard Ernährung/ Kontinenzförderung,2025-07-31 00:00:00,null,ACTIVE,false,false,null
A_f97288a4a33d,C_e2f0f53466ff,Pflichtfortbildungen ambulant,null,null,DRAFT,true,false,null
A_24f4916c9001,C_e2f0f53466ff,Pflichtfortbildungen stationär,null,null,DRAFT,true,false,null
A_b08318d4b5af,C_2b0a374a9231,Pflichtfortbildungen ambulant,null,null,DRAFT,true,false,null
A_293537613136,C_2b0a374a9231,Pflichtfortbildungen stationär,null,null,DRAFT,true,false,null
A_68194b8f8ca7,C_9afc4a8e0a7a,Pflichtfortbildungen ambulant,null,null,DRAFT,true,false,null
A_03e0a4e67502,C_9afc4a8e0a7a,Pflichtfortbildungen stationär,null,null,DRAFT,true,false,null
A_ae196445b87c,C_904977269f74,Pflichtfortbildungen PK,2025-09-30 00:00:00,null,COMPLETED,false,false,2026-02-10 06:28:30.031
A_4358b6c0c374,C_de0e75a78401,Pflichtfortbildungen stationär,null,null,DRAFT,true,false,null
A_bcfdaab80a4c,C_de0e75a78401,Pflichtfortbildungen ambulant,null,null,DRAFT,true,false,null
A_5970b107e15e,C_3fbca8bf0298,Standards ,2025-06-06 00:00:00,null,ACTIVE,false,false,null
A_ce90534be16c,C_3fbca8bf0298,Nachholungen,2025-06-30 00:00:00,null,ACTIVE,false,false,null
A_983d17729cf7,C_3fbca8bf0298,Nachholung,2025-06-30 00:00:00,null,ACTIVE,false,false,null
A_56449c506c65,C_82464cf39f69,Pflicht,2025-05-04 00:00:00,null,ACTIVE,false,false,null
A_b93c982c7940,C_75729e1f8993,Pflichtfortbildungen ambulant,null,null,DRAFT,true,false,null
A_5be7e45d59eb,C_75729e1f8993,Pflichtfortbildungen stationär,null,null,DRAFT,true,false,null
A_27b480bc998c,C_6c94d7ae96e5,Pflichtfortbildungen ambulant,null,null,DRAFT,true,false,null
A_077f7cd3db16,C_6c94d7ae96e5,Pflichtfortbildungen stationär,null,null,DRAFT,true,false,null
A_ef7f137780a4,C_8de78157c7f6,Pflichtfortbildungen ambulant,2025-07-01 00:00:00,null,ACTIVE,true,false,null
A_c0e9f7d0b1c2,C_8de78157c7f6,Pflichtfortbildungen stationär,null,null,DRAFT,true,false,null
A_ffc2b340259e,C_0051dbb36ad3,Pflichtfortbildungen ambulant,null,null,DRAFT,true,false,null
A_4589f425a917,C_0051dbb36ad3,Pflichtfortbildungen stationär,null,null,DRAFT,true,false,null
A_27db23904c7e,C_398bf2dadece,Pflichtfortbildungen ambulant,null,null,DRAFT,true,false,null
A_d5391285fad2,C_398bf2dadece,Pflichtfortbildungen stationär,null,null,DRAFT,true,false,null
A_fd8bcd379b6a,C_5d6a3c9c46f5,Fortbildungen Pflegeassistenten ohne Ausbildung,2025-12-31 00:00:00,null,ACTIVE,false,false,null
A_034cf6ac0c72,C_5d6a3c9c46f5,Fortbildungen Pflegeassistenten ohne Ausbildung (leichte Sprache),2025-12-31 00:00:00,null,ACTIVE,false,false,null
A_60a86c9a016a,C_3fbca8bf0298,Nachholung Martina,null,null,DRAFT,false,false,null
A_110b36e33ee8,C_3fbca8bf0298,Nachholung Martina,2025-06-30 00:00:00,null,COMPLETED,false,false,2025-05-19 20:41:50.949
A_5dcf7e61d97b,C_3fbca8bf0298,Nachholung Bianca 06.05.2025,2025-06-30 00:00:00,null,COMPLETED,false,false,2025-06-30 22:13:21.594
A_ff8106a117c5,C_3fbca8bf0298,Nachholung Heidi 06.05.2025,2025-06-30 00:00:00,null,ACTIVE,false,false,null
A_c75732fccfde,C_3fbca8bf0298,Nachholung Birgit,null,null,DRAFT,false,false,null
A_e35d74fe9f92,C_3fbca8bf0298,nachholung Birgit 06.05.2025,2025-06-30 00:00:00,null,ACTIVE,false,false,null
A_cefc0262bae8,C_3fbca8bf0298,Nachholung Martin 06.05.2025,2025-06-30 00:00:00,null,ACTIVE,false,false,null
A_ab698422830b,C_3fbca8bf0298,Nachholung Veronika 06.05.2025,2025-06-30 00:00:00,null,ACTIVE,false,false,null
A_fa7494a5f2d4,C_3fbca8bf0298,Nachholung Kathrin 06.05.2025,2025-06-30 00:00:00,null,ACTIVE,false,false,null
A_8af1000166b5,C_3fbca8bf0298,Nachholung Carina 06.05.2025,2025-06-30 00:00:00,null,ACTIVE,false,false,null
A_6ddb1960d107,C_3fbca8bf0298,Nachholung Sandra 06.05.2025,2025-06-30 00:00:00,null,ACTIVE,false,false,null
A_57c0b889ad5a,C_3fbca8bf0298,Nachholung Julia B 06.05.2025,2025-06-30 00:00:00,null,COMPLETED,false,false,2025-06-03 17:26:30.781
A_270b01795eae,C_5d6a3c9c46f5,Experstandard,2025-12-31 00:00:00,null,ACTIVE,false,false,null
A_f3ed40a37247,C_4c4219fb10a7,Pflichtfortbildungen ambulant,null,null,DRAFT,true,false,null
A_c0f3d0cbe4a9,C_4c4219fb10a7,Pflichtfortbildungen stationär,null,null,DRAFT,true,false,null
A_9f4332d0882e,C_0c7df69fac29,Pflichtfortbildungen ambulant,null,null,DRAFT,true,false,null
A_6b5f47c6c3b3,C_0c7df69fac29,Pflichtfortbildungen stationär,null,null,DRAFT,true,false,null
A_9a598dcb8cc9,C_72b9bcbe44f9,Pflichtschulungen,2025-05-13 00:00:00,12M,ACTIVE,false,true,null
A_c5466e13326b,C_34fa5461de4d,Pflichtfortbildungen ambulant,null,null,DRAFT,true,false,null
A_444a545a5ec0,C_34fa5461de4d,Pflichtfortbildungen stationär,null,null,DRAFT,true,false,null
A_d5322ca4d25c,C_34fa5461de4d,Arbeitssicherheit Pflicht,2025-12-31 00:00:00,null,ACTIVE,false,false,null
A_1478f4afdd62,C_34fa5461de4d,Arbeitssicherheit optional,2025-12-31 00:00:00,null,ACTIVE,false,false,null
A_bb9f81f8c516,C_064e3ad3a002,Pflichtfortbildungen ambulant,null,null,DRAFT,true,false,null
A_61c21ebcee88,C_064e3ad3a002,Pflichtfortbildungen stationär,null,null,DRAFT,true,false,null
A_7428fe1719e3,C_cb8d04e916c0,Pflichtfortbildungen ambulant,null,null,DRAFT,true,false,null
A_5b329190da09,C_5c05115e8ac7,Pflichtfortbildungen ambulant,2025-07-31 00:00:00,null,COMPLETED,true,false,2025-09-07 08:45:08.238
A_65cd6a2cbe76,C_5c05115e8ac7,Pflichtfortbildungen stationär,null,null,DRAFT,true,false,null
A_6de85a1c33d2,C_a89af2f59277,Pflichtfortbildungen ambulant,null,null,DRAFT,true,false,null
A_11d1eb77ae2b,C_4c68d4d4cfad,Brandschutz,2026-01-31 00:00:00,null,ACTIVE,false,false,null
A_68eddb536214,C_3dbeb1cf1f4f,Pflichtfortbildungen ambulant,null,null,DRAFT,true,false,null
A_2987902de1dd,C_3dbeb1cf1f4f,Pflichtfortbildungen stationär,null,null,DRAFT,true,false,null
A_ef8c7a972e93,C_c0fdf23cd459,Pflichtfortbildungen ambulant,null,null,DRAFT,true,false,null
A_c11f5619210f,C_c0fdf23cd459,Pflichtfortbildungen stationär,null,null,DRAFT,true,false,null
A_3fd04606a971,C_d8d69562efa4,Pflichtfortbildungen ambulant,null,null,DRAFT,true,false,null
A_d3a2b54bcf12,C_d8d69562efa4,Pflichtfortbildungen stationär,null,null,DRAFT,true,false,null
A_62287babe506,C_904977269f74,Pflichtschulungen HWS,2025-10-31 00:00:00,null,COMPLETED,false,false,2025-06-19 13:12:21.02
A_cf517d60d07e,C_451336f79629,NURSE,null,null,DRAFT,false,false,null
A_0b702dae5cce,C_451336f79629,DOMESTIC_SPECIALIST,null,null,DRAFT,false,false,null
A_a23b91dd1646,C_451336f79629,CARE_ASSISTANT_NURSE,null,null,DRAFT,false,false,null
A_5ae2c8448d66,C_451336f79629,SUPPLEMENTARY_HELP,null,null,DRAFT,false,false,null
A_e8eede0a2be6,C_451336f79629,NURSING_ASSISTANCE,null,null,DRAFT,false,false,null
A_41b0fe64ecb7,C_451336f79629,NOT_RELEVANT,null,null,DRAFT,false,false,null
A_6c8bd5f2147e,C_99a66dce03ae,NURSE,null,null,DRAFT,false,false,null
A_64ddb4e69d94,C_99a66dce03ae,DOMESTIC_SPECIALIST,null,null,DRAFT,false,false,null
A_ed2318f74df3,C_99a66dce03ae,CARE_ASSISTANT_NURSE,null,null,DRAFT,false,false,null
A_3b5ad1194356,C_99a66dce03ae,SUPPLEMENTARY_HELP,null,null,DRAFT,false,false,null
A_60e5718655b0,C_99a66dce03ae,NURSING_ASSISTANCE,null,null,DRAFT,false,false,null
A_0f0261148903,C_99a66dce03ae,NOT_RELEVANT,null,null,DRAFT,false,false,null
A_fca628088e15,C_57aa87d7a885,NURSE,2025-11-01 22:59:59,null,ACTIVE,false,false,null
A_7ade5879f982,C_57aa87d7a885,DOMESTIC_SPECIALIST,2026-04-21 21:59:59,null,ACTIVE,false,false,null
A_5e2644614fcc,C_57aa87d7a885,CARE_ASSISTANT_NURSE,null,null,DRAFT,false,false,null
A_b05c2f07637a,C_57aa87d7a885,SUPPLEMENTARY_HELP,null,null,DRAFT,false,false,null
A_824d6cac6d66,C_57aa87d7a885,NURSING_ASSISTANCE,null,null,DRAFT,false,false,null
A_d2004fd2cce5,C_57aa87d7a885,NOT_RELEVANT,2025-08-31 21:59:59,null,ACTIVE,false,false,null
A_cf571aaf9a0a,C_f5765b5c4c31,NURSE,null,null,DRAFT,false,false,null
A_a10b616a3586,C_f5765b5c4c31,DOMESTIC_SPECIALIST,null,null,DRAFT,false,false,null
A_6f4215857530,C_f5765b5c4c31,CARE_ASSISTANT_NURSE,null,null,DRAFT,false,false,null
A_2348cadb6ae3,C_f5765b5c4c31,SUPPLEMENTARY_HELP,null,null,DRAFT,false,false,null
A_5614a147f0d7,C_f5765b5c4c31,NURSING_ASSISTANCE,null,null,DRAFT,false,false,null
A_bb6f6ef587ff,C_f5765b5c4c31,NOT_RELEVANT,null,null,DRAFT,false,false,null
A_7c5c8d7ec8b5,C_69ed3e400693,NURSE,null,null,DRAFT,false,false,null
A_ab87b606617e,C_69ed3e400693,DOMESTIC_SPECIALIST,null,null,DRAFT,false,false,null
A_15909cde8b0a,C_69ed3e400693,CARE_ASSISTANT_NURSE,null,null,DRAFT,false,false,null
A_57567b8e6672,C_69ed3e400693,SUPPLEMENTARY_HELP,null,null,DRAFT,false,false,null
A_a6fcd7ea2de8,C_69ed3e400693,NURSING_ASSISTANCE,null,null,DRAFT,false,false,null
A_2d4f5b43f802,C_69ed3e400693,NOT_RELEVANT,null,null,DRAFT,false,false,null
A_fe4cabd71237,C_a0a75becc2ce,NURSE,2025-09-30 21:59:59,null,ACTIVE,false,false,null
A_a1117cc71616,C_a0a75becc2ce,DOMESTIC_SPECIALIST,2025-10-01 21:59:59,null,ACTIVE,false,false,null
A_8af743abdcac,C_a0a75becc2ce,CARE_ASSISTANT_NURSE,2025-10-01 21:59:59,null,ACTIVE,false,false,null
A_64e8fc2607b0,C_a0a75becc2ce,SUPPLEMENTARY_HELP,2025-09-30 21:59:59,null,ACTIVE,false,false,null
A_2b954b4d6bdf,C_a0a75becc2ce,NURSING_ASSISTANCE,2025-09-30 21:59:59,null,ACTIVE,false,false,null
A_b54124ece6ed,C_a0a75becc2ce,NOT_RELEVANT,2025-09-30 21:59:59,null,ACTIVE,false,false,null
A_0cbe18e7fbe0,C_b64b69a185a5,NURSE,2025-07-16 21:59:59,null,ACTIVE,false,false,null
A_d049cd3b0f9d,C_b64b69a185a5,DOMESTIC_SPECIALIST,2025-07-16 21:59:59,null,ACTIVE,false,false,null
A_50b72c006c0a,C_b64b69a185a5,CARE_ASSISTANT_NURSE,2025-07-16 21:59:59,null,ACTIVE,false,false,null
A_59c080d942b6,C_b64b69a185a5,SUPPLEMENTARY_HELP,2025-07-17 21:59:59,null,ACTIVE,false,false,null
A_f03b6ab8f7c7,C_b64b69a185a5,NURSING_ASSISTANCE,2025-07-16 21:59:59,null,ACTIVE,false,false,null
A_3b70307be309,C_b64b69a185a5,NOT_RELEVANT,2025-07-16 21:59:59,null,ACTIVE,false,false,null
A_b9eb6554f337,C_801cf8ea1e8d,NURSE,2025-06-08 21:59:59,null,ACTIVE,false,false,null
A_3bdc85b06d12,C_801cf8ea1e8d,DOMESTIC_SPECIALIST,null,null,DRAFT,false,false,null
A_4d4b868265cd,C_801cf8ea1e8d,CARE_ASSISTANT_NURSE,null,null,DRAFT,false,false,null
A_80a329687b31,C_801cf8ea1e8d,SUPPLEMENTARY_HELP,2025-06-08 21:59:59,null,COMPLETED,false,false,2025-05-26 19:13:12.163
A_05ee0a223342,C_801cf8ea1e8d,NURSING_ASSISTANCE,null,null,DRAFT,false,false,null
A_c8856ec7adae,C_801cf8ea1e8d,NOT_RELEVANT,null,null,DRAFT,false,false,null
A_4d7b7f5ff236,C_6594d785bfb3,NURSE,null,null,DRAFT,false,false,null
A_95104c8691a7,C_6594d785bfb3,DOMESTIC_SPECIALIST,null,null,DRAFT,false,false,null
A_2f2c6e5943ed,C_6594d785bfb3,CARE_ASSISTANT_NURSE,null,null,DRAFT,false,false,null
A_6c221c29e819,C_6594d785bfb3,SUPPLEMENTARY_HELP,null,null,DRAFT,false,false,null
A_b014e36e86ad,C_6594d785bfb3,NURSING_ASSISTANCE,null,null,DRAFT,false,false,null
A_d7a2a2b90546,C_6594d785bfb3,NOT_RELEVANT,null,null,DRAFT,false,false,null
A_2ba4155f724e,C_29ee35d27fd8,NURSE,null,null,DRAFT,false,false,null
A_fc9fa34a9956,C_29ee35d27fd8,DOMESTIC_SPECIALIST,null,null,DRAFT,false,false,null
A_61b09bd2309f,C_29ee35d27fd8,CARE_ASSISTANT_NURSE,null,null,DRAFT,false,false,null
A_5a12c7df2ca7,C_29ee35d27fd8,SUPPLEMENTARY_HELP,null,null,DRAFT,false,false,null
A_61ca4a2a12aa,C_29ee35d27fd8,NURSING_ASSISTANCE,null,null,DRAFT,false,false,null
A_8504abd423dd,C_29ee35d27fd8,NOT_RELEVANT,null,null,DRAFT,false,false,null
A_cbeff187ec83,C_0e837511a16c,NURSE,2026-01-01 22:59:59,null,ACTIVE,false,false,null
A_cd878b648fa1,C_0e837511a16c,DOMESTIC_SPECIALIST,null,null,DRAFT,false,false,null
A_a99cce90a8ff,C_0e837511a16c,CARE_ASSISTANT_NURSE,null,null,DRAFT,false,false,null
A_8f796f16be04,C_0e837511a16c,SUPPLEMENTARY_HELP,null,null,DRAFT,false,false,null
A_a593d496609d,C_0e837511a16c,NURSING_ASSISTANCE,null,null,DRAFT,false,false,null
A_261dfb918bac,C_0e837511a16c,NOT_RELEVANT,null,null,DRAFT,false,false,null
A_f8a48f77117b,C_fa3d67ac4eac,Kreativteam Fachkräfte,2025-12-31 00:00:00,null,COMPLETED,false,false,2025-12-30 15:07:58.067
A_7663f943cbb1,C_f0f4a08afe1e,Pflichtschulung Verwaltung,2025-12-31 00:00:00,12M,COMPLETED,false,true,2025-12-01 18:00:16.549
A_2c22f05900d4,C_75729e1f8993,Pflichtfortbildungen MVZ,2025-12-31 00:00:00,null,ACTIVE,false,false,null
A_22357bff025c,C_32ed62aad35f,Pflichtschulungen,2025-06-01 00:00:00,null,ACTIVE,false,false,null
A_326e1a7ed77e,C_c399da126eb1,Hygiene in der ambulanten Pflege,2025-06-29 00:00:00,null,COMPLETED,false,false,2025-06-03 19:43:36.738
A_ae56958a88f7,C_c399da126eb1,Hygiene in der ambulanten Pflege,2025-06-29 00:00:00,null,COMPLETED,false,false,2025-06-12 05:25:07.373
A_9a4106e78a2e,C_c399da126eb1,Hygiene in der ambulanten Pflege ,2025-06-29 00:00:00,null,COMPLETED,false,false,2025-06-08 11:16:41.234
A_cfd17b14d6b2,C_c399da126eb1,Hygiene in der ambulanten Pflege ,2025-06-29 00:00:00,null,COMPLETED,false,false,2025-09-21 15:53:07.551
A_102377b1b98a,C_c399da126eb1,Hygiene in der ambulanten Pflege ,2025-06-29 00:00:00,null,COMPLETED,false,false,2025-06-16 08:25:40.393
A_78683c6d3727,C_c399da126eb1,Hygiene in der ambulanten Pflege ,2025-06-29 00:00:00,null,COMPLETED,false,false,2025-06-04 10:59:05.649
A_10864bca7a67,C_9ec236c4159b,Pflichtfortbildung ,2025-05-31 00:00:00,null,ACTIVE,false,false,null
A_d6b78501b72c,C_72b9bcbe44f9,Pflichtschulungen,2025-12-31 00:00:00,12M,ACTIVE,false,true,null
A_8082475c1562,C_72b9bcbe44f9,Pflichtfortbildung,2025-12-31 00:00:00,12M,ACTIVE,false,true,null
A_69af1284e6f8,C_72b9bcbe44f9,Pflichtfortbildungen,2025-12-31 00:00:00,12M,ACTIVE,false,true,null
A_a002e2e7baa2,C_72b9bcbe44f9,Pflichtunterweisung,2025-12-31 00:00:00,null,ACTIVE,false,false,null
A_b370b76e304b,C_0a331314796b,Test Mathias,2025-06-04 00:00:00,null,ACTIVE,false,false,null
A_8b71929f0525,C_7c3de7b32496,Expertenstandard,2025-12-31 00:00:00,null,COMPLETED,false,false,null
A_7ef80c6b40dc,C_72b9bcbe44f9,Pflichtfortbildungen Pflegepersonal,2025-12-31 00:00:00,12M,ACTIVE,false,true,null
A_1010115d3b57,C_5c05115e8ac7,Pflichtfortbildungen ambulant,2025-08-31 00:00:00,null,ACTIVE,false,false,null
A_03b81334db53,C_72b9bcbe44f9,Pflichtfortbildungen,2025-12-31 00:00:00,12M,ACTIVE,false,true,null
A_3f11174156f8,C_4cb37e2d1d6d,"Beratung nach 37,3",2025-08-03 00:00:00,null,ACTIVE,false,false,null
A_378a9d410eec,C_72b9bcbe44f9,Hygiene Schulungen,2025-12-31 00:00:00,12M,ACTIVE,false,true,null
A_55b8d4da7050,C_c399da126eb1,Infektionsprävention,2025-07-07 00:00:00,null,ACTIVE,false,false,null
A_13313f44c73a,C_c399da126eb1,MRE und andere relevante Erreger,2025-07-07 00:00:00,null,ACTIVE,false,false,null
A_eff3ebc45628,C_c399da126eb1,Prävention von Katheter-assoizierten Harnwegsinfektionen,2025-07-31 00:00:00,null,ACTIVE,false,false,null
A_87d64cc55eb9,C_c399da126eb1,Prävention von Infekten durch zentrale Gefäßkatheter,2025-07-31 00:00:00,null,ACTIVE,false,false,null
A_5e93b4d4155e,C_0a331314796b,Attachment Test,2025-06-30 00:00:00,null,ACTIVE,false,false,null
A_24902be86f6c,C_47b2e15eb70f,Pflichtunterweisung,2025-09-30 00:00:00,null,COMPLETED,false,false,2025-09-25 10:00:21.918
A_097b9334df7d,C_47b2e15eb70f,Pflichtunterweisung,null,null,DRAFT,false,false,null
A_66f87bb5bba6,C_5199a6170070,Dekubitus,2025-07-31 00:00:00,null,ACTIVE,false,false,null
A_0823b9e51daa,C_8de78157c7f6,Pflichtschulungen ,null,null,DRAFT,false,false,null
A_ad3181bd1cc8,C_dd98d72b368f,Reflektion ,2025-06-15 00:00:00,null,ACTIVE,false,false,null
A_340d8204ca63,C_fed63aad3c56,"Chronische Erkrankungen (Asthma, COPD, HI, DM und Demenz)",2026-12-31 00:00:00,36M,ACTIVE,false,true,null
A_498ac0ae84c2,C_fed63aad3c56,"Patientenwille (Patienten-, Betreuungsverfügung und Vorsorgevollmacht)",2026-12-31 00:00:00,36M,ACTIVE,false,true,null
A_88ac2be6dc45,C_fed63aad3c56,"menschliches Handeln (Stress, Deeskalation und Reflektion)",2026-12-31 00:00:00,36M,ACTIVE,false,true,null
A_21dc568097ab,C_b2e1596f29cd,Pflichtschulungen,2025-06-29 00:00:00,null,ACTIVE,false,false,null
A_508ab44fb884,C_73a2f1c4a74a,Pflichtschulung,2025-07-01 00:00:00,null,ACTIVE,false,false,null
A_9067b4f8f17e,C_bac6358b32b5,NURSE,2026-11-30 22:59:59,null,ACTIVE,false,false,null
A_18f02984fe69,C_bac6358b32b5,DOMESTIC_SPECIALIST,null,null,DRAFT,false,false,null
A_9b5e130cf6e6,C_bac6358b32b5,CARE_ASSISTANT_NURSE,null,null,DRAFT,false,false,null
A_560e9a9b549c,C_bac6358b32b5,SUPPLEMENTARY_HELP,null,null,DRAFT,false,false,null
A_705581c23e23,C_bac6358b32b5,NURSING_ASSISTANCE,2026-11-30 22:59:59,null,ACTIVE,false,false,null
A_79f4d84357c5,C_bac6358b32b5,NOT_RELEVANT,2026-11-30 22:59:59,null,ACTIVE,false,false,null
A_0d523bfd7e6c,C_f20e6b5bba25,NURSE,null,null,DRAFT,false,false,null
A_747c4a748d65,C_f20e6b5bba25,DOMESTIC_SPECIALIST,null,null,DRAFT,false,false,null
A_1fd07a8824b8,C_f20e6b5bba25,CARE_ASSISTANT_NURSE,null,null,DRAFT,false,false,null
A_63aafb851d61,C_f20e6b5bba25,SUPPLEMENTARY_HELP,null,null,DRAFT,false,false,null
A_4508d382b3ce,C_f20e6b5bba25,NURSING_ASSISTANCE,null,null,DRAFT,false,false,null
A_d570a2eb50af,C_f20e6b5bba25,NOT_RELEVANT,null,null,DRAFT,false,false,null
A_efb357ce5efe,C_09daf3bd3e48,Belehrung - Gesundheitsschutz,2025-07-31 00:00:00,12M,COMPLETED,false,true,null
A_0738176f8a1c,C_09daf3bd3e48,Belehrung - Infektionsschutz,2025-08-31 00:00:00,12M,COMPLETED,false,true,null
A_5bb93bd5e56b,C_09daf3bd3e48,Belehrung - Unfälle / Dienstauto,2025-10-31 00:00:00,12M,COMPLETED,false,true,null
A_2eee192a6deb,C_09daf3bd3e48,Belehrung - Gefahrstoffe,2025-12-31 00:00:00,12M,COMPLETED,false,true,null
A_ab2f62b0b33c,C_09daf3bd3e48,Belehrung - Medizinprodukte,2026-02-28 00:00:00,12M,ACTIVE,false,true,null
A_ead74ac5cca3,C_09daf3bd3e48,Belehrung - Brandschutz,2026-03-31 00:00:00,12M,ACTIVE,false,true,null
A_d078d1507fce,C_09daf3bd3e48,Belehrung - Datenschutz,2026-04-30 00:00:00,12M,ACTIVE,false,true,null
A_c084a3162169,C_09daf3bd3e48,Belehrung - Notfallsituationen,2026-05-31 00:00:00,12M,ACTIVE,false,true,2025-07-15 14:19:12.242
A_84d88df1077d,C_3dbeb1cf1f4f,Fortbildungsplan Pflegeberatung Müller,2026-12-31 00:00:00,null,ACTIVE,false,false,null
A_eac0503cce1f,C_72b9bcbe44f9,Pflichtfortbildungen für Alle,2025-12-31 00:00:00,12M,ACTIVE,false,true,null
A_071590797eb9,C_4cb37e2d1d6d,Mitarbeiter Schulung (ohne Betreuung),2025-07-21 00:00:00,null,ACTIVE,false,false,null
A_97b4ddf5c1fb,C_4cb37e2d1d6d,Mitarbeiter Schulung  (mit Betreuung),2025-07-31 00:00:00,null,ACTIVE,false,false,null
A_3c020f809238,C_a8de78c54779,Pflichtschulungen Ordinationsassistenz,null,null,DRAFT,false,false,null
A_6d9bf616dfb4,C_09daf3bd3e48,Expertenstandards,2025-07-31 00:00:00,null,COMPLETED,false,false,2025-06-24 14:01:37.19
A_d97ef95b6db6,C_dab21639b280,NURSE,null,null,DRAFT,false,false,null
A_b4a8ec2f7a22,C_dab21639b280,DOMESTIC_SPECIALIST,null,null,DRAFT,false,false,null
A_0ff7a5bcff73,C_dab21639b280,CARE_ASSISTANT_NURSE,null,null,DRAFT,false,false,null
A_acdbbf4ba6b9,C_dab21639b280,SUPPLEMENTARY_HELP,null,null,DRAFT,false,false,null
A_7362dfc61caf,C_dab21639b280,NURSING_ASSISTANCE,null,null,DRAFT,false,false,null
A_b21346ba6a6a,C_dab21639b280,NOT_RELEVANT,null,null,DRAFT,false,false,null
A_75c1ece48af0,C_8634c534e026, Schulungen optional,2026-12-31 00:00:00,null,ACTIVE,false,false,null
A_1ed277de231d,C_8634c534e026,Expertenstandards,2025-12-31 00:00:00,null,ACTIVE,false,false,null
A_6062104c17b6,C_0a331314796b,Test Save TP,2025-07-04 00:00:00,12M,ACTIVE,false,true,null
A_41d9b3b4e1a2,C_e268b2c34ab0,Richtig Handeln bei Hitze in Pflegeeinrichtungen,2025-07-31 00:00:00,12M,ACTIVE,false,true,null
A_28f84a3c6f7f,C_e5b7bb647f67,Pflichtschulungen für PFK,2025-07-02 00:00:00,12M,ACTIVE,false,true,null
A_9f43d0eda62c,C_4cb37e2d1d6d,Lebensmittelhygiene KF 2,2025-12-31 00:00:00,null,COMPLETED,false,false,2025-12-09 08:05:16.633
A_7b73b0dfac40,C_0a331314796b,Test,null,12M,DRAFT,false,true,null
A_823fe0063d42,C_8bb2f38e42eb,Pflichtforbildungen,2025-08-01 00:00:00,null,COMPLETED,false,false,2025-07-06 20:52:13.051
A_c8f39e69b93d,C_8bb2f38e42eb,Pflichtforbildungen,2025-08-01 00:00:00,null,COMPLETED,false,false,2025-08-11 17:18:46.781
A_2bb74d6e155e,C_09daf3bd3e48,Belehrung - Hygiene,2025-09-30 00:00:00,12M,COMPLETED,false,true,2025-09-15 13:56:21.994
A_7de447767b3a,C_09daf3bd3e48,Belehrung - Arbeitsschutz,2025-11-30 00:00:00,12M,COMPLETED,false,true,null
A_b584770be0dc,C_ae65bd29711d,NURSE,null,null,DRAFT,false,false,null
A_a1119ae3e5b8,C_ae65bd29711d,DOMESTIC_SPECIALIST,null,null,DRAFT,false,false,null
A_dcb0697fe7b9,C_ae65bd29711d,CARE_ASSISTANT_NURSE,null,null,DRAFT,false,false,null
A_93d97dc9005a,C_ae65bd29711d,SUPPLEMENTARY_HELP,null,null,DRAFT,false,false,null
A_07846d9aee5b,C_ae65bd29711d,NURSING_ASSISTANCE,null,null,DRAFT,false,false,null
A_cce703cec508,C_ae65bd29711d,NOT_RELEVANT,null,null,DRAFT,false,false,null
A_c08ed36c6815,C_a9d49a83ff8a,Pflichtschulungen,null,null,DRAFT,false,false,null
A_36f08070a2dd,C_f48327f8cea5,Pflichtschulungen Pflegepersonal,2025-12-31 00:00:00,12M,ACTIVE,false,true,null
A_6565f702b09f,C_b62c667e6f86,NURSE,null,null,DRAFT,false,false,null
A_54716b79c218,C_b62c667e6f86,DOMESTIC_SPECIALIST,null,null,DRAFT,false,false,null
A_4660546bb40c,C_b62c667e6f86,CARE_ASSISTANT_NURSE,null,null,DRAFT,false,false,null
A_78816d8f68de,C_b62c667e6f86,SUPPLEMENTARY_HELP,null,null,DRAFT,false,false,null
A_10495ec58013,C_b62c667e6f86,NURSING_ASSISTANCE,null,null,DRAFT,false,false,null
A_44975b4a7610,C_b62c667e6f86,NOT_RELEVANT,null,null,DRAFT,false,false,null
A_88c06c24eb05,C_8031f523ce14,NURSE,null,null,DRAFT,false,false,null
A_adc094e36def,C_8031f523ce14,DOMESTIC_SPECIALIST,null,null,DRAFT,false,false,null
A_a589467cfed7,C_8031f523ce14,CARE_ASSISTANT_NURSE,null,null,DRAFT,false,false,null
A_d1084f46bfbf,C_8031f523ce14,SUPPLEMENTARY_HELP,null,null,DRAFT,false,false,null
A_1dec14e579d7,C_8031f523ce14,NURSING_ASSISTANCE,null,null,DRAFT,false,false,null
A_d12ce00c58ea,C_8031f523ce14,NOT_RELEVANT,null,null,DRAFT,false,false,null
A_26d69d925b9b,C_8d976af710e5,Pflichtschulungen,2025-07-17 00:00:00,24M,ACTIVE,false,true,null
A_a918b0d9b71c,C_1b3473b55ad8,Pflichtschulungen,2025-07-18 00:00:00,12M,ACTIVE,false,true,null
A_8ccdc5e4f5b1,C_0524d5d40a18,Pflichtschulungen,2025-10-30 00:00:00,12M,ACTIVE,false,true,null
A_45a29b32ab8c,C_0524d5d40a18,Pflichtfortbildungen Pflege,2025-12-31 00:00:00,null,ACTIVE,false,false,null
A_2fce7efdce18,C_534b9225f01a,Kommunikation,2025-10-01 00:00:00,null,ACTIVE,false,false,null
A_365489e2af71,C_0a331314796b,Test Kurse,2025-12-31 00:00:00,null,ACTIVE,false,false,null
A_5fc895d08c1d,C_83fad0ce8d09,Pflichtschulungen,2025-12-31 00:00:00,12M,ACTIVE,false,true,null
A_3d1bd05961d9,C_83fad0ce8d09,Alle 3 Jahre,2025-12-31 00:00:00,12M,ACTIVE,false,true,null
A_e81fcaa772cc,C_7c2268eb6c42,Pflichtkurse alle Mitarbeiter,2026-10-31 00:00:00,12M,ACTIVE,false,true,null
A_54813cf31086,C_e268b2c34ab0,Infektionsprävention Empfehlung KRINKO,2026-03-31 00:00:00,null,ACTIVE,false,false,null
A_882916411c12,C_e268b2c34ab0,Umgang mit Medikamenten,2025-08-31 00:00:00,null,ACTIVE,false,false,null
A_0cbc3b33a5f0,C_e268b2c34ab0,Medizinprodukte,2025-08-31 00:00:00,null,ACTIVE,false,false,null
A_7e6921d4e527,C_2eb2bb3b0bfc,Pflichtschulung PFK,2025-12-31 00:00:00,12M,COMPLETED,false,true,2025-07-31 10:35:40.12
A_4069ee594f01,C_ed19c3ec3196,Pflichtschulungen Ongoing,2025-08-11 00:00:00,12M,ACTIVE,false,true,null
A_4b3eaaee9603,C_ed19c3ec3196,Pflichtschulungen Ongoing,2025-09-30 00:00:00,12M,COMPLETED,false,true,2025-08-12 14:27:46.26
A_4f998b162035,C_ed19c3ec3196,Pflichtschulungen Ongoing,2026-02-28 00:00:00,12M,ACTIVE,false,true,null
A_c14a6cac7aa7,C_ed19c3ec3196,Pflichtschulungen Ongoing,2026-05-29 00:00:00,null,ACTIVE,false,false,null
A_f5687cbbcb1f,C_0a331314796b,Test Publish ,null,null,DRAFT,false,false,null
A_305dfa575904,C_52a478ad447b,Pflichtschulungen,2025-08-31 00:00:00,null,ACTIVE,false,false,null
A_e01125b4e7a4,C_49de493c248d,s,2025-09-30 00:00:00,6M,COMPLETED,false,true,2026-01-20 07:13:06.6
A_baa59c310e2e,C_c0238f1b43b5,Pflichtschulung,2025-10-30 00:00:00,12M,ACTIVE,false,true,null
A_6eede7e5a3c9,C_8bb2f38e42eb,Pflichtforbildungen,2025-09-01 00:00:00,null,ACTIVE,false,false,null
A_f243cd55a9ad,C_f4a77d4181de,Pflichtfortbildungen,2025-08-13 00:00:00,6M,COMPLETED,false,true,2025-08-12 10:51:32.914
A_89f4f4f78c2a,C_632c48bd4bbd,Expertenstandards ,2025-12-31 00:00:00,null,ACTIVE,false,false,null
A_caafeffcd190,C_98a2db58f3b8,Telematik Infrastruktur,2025-12-31 00:00:00,null,ACTIVE,false,false,null
A_85e633b017f5,C_a6d69207dc45,NURSE,null,null,DRAFT,false,false,null
A_bf9ae015f793,C_a6d69207dc45,DOMESTIC_SPECIALIST,null,null,DRAFT,false,false,null
A_d0489850feb2,C_a6d69207dc45,CARE_ASSISTANT_NURSE,null,null,DRAFT,false,false,null
A_efd23a183828,C_a6d69207dc45,SUPPLEMENTARY_HELP,null,null,DRAFT,false,false,null
A_1b8c53028540,C_a6d69207dc45,NURSING_ASSISTANCE,null,null,DRAFT,false,false,null
A_84b9c8f1fecf,C_a6d69207dc45,NOT_RELEVANT,null,null,DRAFT,false,false,null
A_4f42baf3745a,C_f4a77d4181de,Hygiene in der ambulanten Pflege,2025-08-19 00:00:00,null,COMPLETED,false,false,2025-08-18 10:08:52.909
A_ec30e9de3afb,C_0a0421c61d2a,allgemein,2025-08-21 00:00:00,6M,ACTIVE,false,true,null
A_0240604d16db,C_33330caee3c7,Expertenstandard,2025-11-15 00:00:00,null,ACTIVE,false,false,null
A_c7d8bd7f58ee,C_72b9bcbe44f9,Expertenstandards,2025-12-31 00:00:00,12M,ACTIVE,false,true,null
A_4e2a505371f5,C_cb8d04e916c0,Expertenstandards,null,null,DRAFT,false,false,null
A_c5d128e1c136,C_cb8d04e916c0,Weitere Inhalte,null,null,DRAFT,false,false,null
A_0cbbe6c53c64,C_cb8d04e916c0,Krankheitslehre freiwillig,null,null,DRAFT,false,false,null
A_56c1c99fa33e,C_118cca37afad,MKG-Pflichtschulung 2025,2025-12-31 00:00:00,12M,ACTIVE,false,true,null
A_46417a74e61f,C_9f0bcee2e349,dokumentation,2025-09-30 00:00:00,null,ACTIVE,false,false,null
A_fa9aebc174ce,C_72b9bcbe44f9,pflichtfortbildung,2025-12-31 00:00:00,null,ACTIVE,false,false,null
A_5b57a64c976a,C_72b9bcbe44f9,Pflichtschulung staionär,2025-12-31 00:00:00,12M,ACTIVE,false,true,null
A_df2e164f69e3,C_c399da126eb1,Arbeitsschutz,2025-10-31 00:00:00,null,ACTIVE,false,false,null
A_8f5b2f5eb816,C_c399da126eb1,Gefahrstoffe,2025-10-31 00:00:00,null,ACTIVE,false,false,null
A_24a055bf1739,C_c399da126eb1,Körperl. u. psychische Belastung,2025-10-31 00:00:00,null,ACTIVE,false,false,null
A_3fdeec488257,C_c399da126eb1,Brandschutz,2025-10-31 00:00:00,null,ACTIVE,false,false,null
A_d9fa6a4020ec,C_0a331314796b,test,null,24M,DRAFT,false,true,null
A_8de66d884458,C_52a478ad447b,Pflichtschulung,2025-10-10 00:00:00,null,ACTIVE,false,false,null
A_2fc1283116a6,C_48bfc1cb1fb6,NURSE,2026-08-31 21:59:59,null,ACTIVE,false,false,null
A_4a1a0a3f0bfc,C_48bfc1cb1fb6,DOMESTIC_SPECIALIST,null,null,DRAFT,false,false,null
A_6a3bb65cd188,C_48bfc1cb1fb6,CARE_ASSISTANT_NURSE,null,null,DRAFT,false,false,null
A_282ec81ae89b,C_48bfc1cb1fb6,SUPPLEMENTARY_HELP,null,null,DRAFT,false,false,null
A_e73f990eeae2,C_48bfc1cb1fb6,NURSING_ASSISTANCE,null,null,DRAFT,false,false,null
A_11e464db0144,C_48bfc1cb1fb6,NOT_RELEVANT,null,null,DRAFT,false,false,null
A_3fe77b083d0e,C_9384e7278d7f,Pflicht 2025,2025-09-21 00:00:00,null,ACTIVE,false,false,null
A_3083ac064038,C_9384e7278d7f,PH+,2025-10-31 00:00:00,null,ACTIVE,false,false,null
A_ccd40d5cb2dc,C_e268b2c34ab0,Pflichtschulung Hygiene,2025-10-31 00:00:00,null,ACTIVE,false,false,null
A_262a9bab171a,C_cb3a5341e2ad,HW Oktober,2025-09-30 00:00:00,null,ACTIVE,false,false,null
A_cfd594e1d5d7,C_98a2db58f3b8,Alle Kurse für PDL INH,2025-12-31 00:00:00,6M,ACTIVE,false,true,null
A_a6e7792d05a6,C_5eb8e0b7faba,Pflichtschulung,null,12M,COMPLETED,false,true,2025-09-16 20:42:31.005
A_f3dd22d55aa0,C_7c3de7b32496,Pflichtschulungen,2025-11-30 00:00:00,null,COMPLETED,false,false,null
A_c91024470c07,C_4cafd8d849c2,Expertstandart,null,null,DRAFT,false,false,null
A_40751d9a7931,C_24947c79b3c4,Pflichtschulungen,null,null,DRAFT,false,false,null
A_ff7e14ac5c7d,C_041f376308e3,Betreuungskraft ,2025-12-24 00:00:00,12M,ACTIVE,false,true,null
A_3711093fb8a3,C_5f7019a11ce7,Test Assignment,2025-09-25 00:00:00,null,COMPLETED,false,false,2025-09-24 08:57:28.412
A_c2be0cf2c6f6,C_47b2e15eb70f,Pflichtunterweisung,2025-11-30 00:00:00,null,ACTIVE,false,false,null
A_804351ab4c93,C_87930d2c9f22,MFA,2025-12-31 00:00:00,null,ACTIVE,false,false,null
A_32e0e76f2a09,C_87930d2c9f22,Pflichtschulungen 2025,2025-12-31 00:00:00,12M,ACTIVE,false,true,null
A_519f4613b841,C_f77883a8e27e,Pflichtschulungen MFA,2025-12-31 00:00:00,12M,COMPLETED,false,true,2025-09-28 14:42:35.445
A_5b5282051c9d,C_f77883a8e27e,Pflichtschulungen Ärztin,2025-12-31 00:00:00,12M,ACTIVE,false,true,null
A_cc27db946c2f,C_c4540da580d1,Pflichtschulungen,2026-10-02 00:00:00,12M,ACTIVE,false,true,null
A_9746e8427cdf,C_f77883a8e27e,English for the working place,2025-12-31 00:00:00,24M,ACTIVE,false,true,null
A_56d75d10d266,C_f77883a8e27e,Zusatzthemen,2025-12-31 00:00:00,24M,ACTIVE,false,true,null
A_8ca041ba5656,C_596fdca2cd98,Schulung 09/2025,2025-09-30 00:00:00,null,COMPLETED,false,false,2025-09-30 15:21:03.316
A_02e7503caf8b,C_8a30329700a1,pflichtunterweisungen,null,24M,DRAFT,false,true,null
A_e81336d13227,C_98a2db58f3b8,Pflegekräfte - Pflichtschulung,2025-12-31 00:00:00,12M,ACTIVE,false,true,null
A_543ec5e1e6a4,C_b2304c86c7fe,Freiheitseinschränkände Massnahmen in der Pflege.,null,null,DRAFT,false,false,null
A_9e09af407a1b,C_c29ab0ccbfbb,Pflichtfortbildung,2026-03-31 00:00:00,null,ACTIVE,false,false,null
A_28d21e549313,C_c29ab0ccbfbb,Pflichtfortbildungen,2026-03-31 00:00:00,null,ACTIVE,false,false,null
A_d3f405486832,C_c29ab0ccbfbb,Pflichtfortbildungen,2026-06-30 00:00:00,null,ACTIVE,false,false,null
A_36c4fc4dadd6,C_c29ab0ccbfbb,Pflichtfortbildungen,2026-09-30 00:00:00,null,ACTIVE,false,false,null
A_cc6b9f731b87,C_c29ab0ccbfbb,Pflichtfortbildungen,2026-12-31 00:00:00,null,ACTIVE,false,false,null
A_3c5a7ad0457b,C_c29ab0ccbfbb,Pflichtfortbildung,2026-09-30 00:00:00,null,ACTIVE,false,false,null
A_cfe20bde6665,C_c29ab0ccbfbb,Pflichtfortbildungen,2026-06-30 00:00:00,null,ACTIVE,false,false,null
A_a0720d2f828f,C_c29ab0ccbfbb,Pflichtfortbildung,2026-03-31 00:00:00,null,ACTIVE,false,false,null
A_903fed3b8f39,C_c29ab0ccbfbb,Pflichtfortbildungen,2026-09-30 00:00:00,null,ACTIVE,false,false,null
A_a1d4af648bbe,C_c29ab0ccbfbb,Pflichtfortbildungen,2026-12-31 00:00:00,null,ACTIVE,false,false,null
A_3e9f7d90b737,C_c29ab0ccbfbb,Pflichtfortbildung,2026-03-30 00:00:00,null,ACTIVE,false,false,null
A_62ef328c0120,C_c29ab0ccbfbb,Pflichtfortbildungen,2026-06-30 00:00:00,null,ACTIVE,false,false,null
A_432659768d11,C_c29ab0ccbfbb,Pflichtfortbildungen,2026-09-30 00:00:00,null,ACTIVE,false,false,null
A_704124822ad0,C_c29ab0ccbfbb,Pflichtfortbildung,2026-12-31 00:00:00,null,ACTIVE,false,false,null
A_d2390929ffde,C_c29ab0ccbfbb,Pflichtfortbildung,2026-03-31 00:00:00,null,ACTIVE,false,false,null
A_7d6648798c38,C_c29ab0ccbfbb,Pflichtfortbildung,2026-06-30 00:00:00,null,ACTIVE,false,false,null
A_e062090cf9dd,C_c29ab0ccbfbb,Pflichtfortbildung,2026-09-30 00:00:00,null,ACTIVE,false,false,null
A_a861d30e3c7c,C_c29ab0ccbfbb,Pflichtfortbildung,2026-03-31 00:00:00,null,ACTIVE,false,false,null
A_83854e59521f,C_c29ab0ccbfbb,Pflichtfortbildung,2026-06-30 00:00:00,null,ACTIVE,false,false,null
A_f250b31d2f36,C_c29ab0ccbfbb,Pflichtfortbildung,2026-09-30 00:00:00,null,ACTIVE,false,false,null
A_1063c32b480a,C_c29ab0ccbfbb,Pflichtfortbildung,2026-12-31 00:00:00,null,ACTIVE,false,false,null
A_33baff902232,C_c29ab0ccbfbb,Pflichtfortbildung,2026-06-30 00:00:00,null,ACTIVE,false,false,null
A_c5f246b22cbc,C_c29ab0ccbfbb,Pflichtfortbildung,2026-06-30 00:00:00,null,ACTIVE,false,false,null
A_b613cb49996c,C_c29ab0ccbfbb,Pflichtfortbildung,2026-09-30 00:00:00,null,ACTIVE,false,false,null
A_d720a385f22d,C_c29ab0ccbfbb,Pflichtfortbildung,2026-12-31 00:00:00,null,ACTIVE,false,false,null
A_9c7cc39c9f40,C_c4540da580d1,Intressant / Aktuelles,2026-12-31 00:00:00,null,ACTIVE,false,false,null
A_51a55e3a5bd0,C_57acfc538725,IFSG,2025-12-31 00:00:00,24M,COMPLETED,false,true,2025-12-31 09:21:44.632
A_918a2fd708be,C_33330caee3c7,Pflichtschulung,2025-11-30 00:00:00,null,ACTIVE,false,false,2025-10-15 07:12:15.038
A_37143cb0b76d,C_0a331314796b,Pflegfachkraft,2025-12-31 00:00:00,12M,ACTIVE,false,true,null
A_ed0cf21ba974,C_521e13132853,Pflichtfortbildungen Reinigungsservice,2026-12-31 00:00:00,12M,COMPLETED,false,true,2025-11-30 12:10:52.98
A_b0da2ab34603,C_c4540da580d1,Qualitätsmanagement QM / LESEN!,null,null,DRAFT,false,false,null
A_5581945e5206,C_72b9bcbe44f9,Kurse Pflegefachpersonal,2025-10-31 00:00:00,12M,ACTIVE,false,true,null
A_800643a2a248,C_57acfc538725,Am Griemel,2026-12-31 00:00:00,12M,ACTIVE,false,true,null
A_c75f812f2e7d,C_72b9bcbe44f9,Pfichtfortbildungen,2025-12-31 00:00:00,12M,ACTIVE,false,true,null
A_2e0dd25b91d7,C_596fdca2cd98,Pflichtschulung Führung,2025-11-15 00:00:00,12M,COMPLETED,false,true,2025-10-16 11:41:28.585
A_664e43d7a6df,C_596fdca2cd98,Pflichtschulung,2025-11-15 00:00:00,12M,COMPLETED,false,true,2025-11-27 14:08:53.424
A_58438aaa6966,C_596fdca2cd98,Behandlungspflege,null,null,DRAFT,false,false,null
A_7bcede015aa3,C_596fdca2cd98,Pflege,2026-01-31 00:00:00,null,ACTIVE,false,false,null
A_c754e2963932,C_596fdca2cd98,Fachkräfte,2025-12-15 00:00:00,null,ACTIVE,false,false,null
A_25756cc5da83,C_596fdca2cd98,Pflegehilfskräfte,2025-12-15 00:00:00,null,COMPLETED,false,false,2025-11-21 15:07:19.153
A_4053f6f0c3e6,C_f8f45b748bef,Behandlungspflege,null,null,DRAFT,false,false,null
A_3f37f4118aaf,C_37b106e2eb20,Pflichtschulungen,null,12M,DRAFT,false,true,null
A_68b37e23ecd0,C_37b106e2eb20,RKI,null,12M,DRAFT,false,true,null
A_139512857167,C_37b106e2eb20,RKI,null,12M,DRAFT,false,true,null
A_aa2b2b8dd367,C_37b106e2eb20,RKI,null,12M,DRAFT,false,true,null
A_66693cbd9d7c,C_37b106e2eb20,RKI,null,12M,DRAFT,false,true,null
A_f67b495f307b,C_37b106e2eb20,Pflegedienst Hand und Fuß,null,12M,DRAFT,false,true,null
A_79e95416fac8,C_37b106e2eb20,Pflegedienst Hand und Fuß,null,12M,DRAFT,false,true,null
A_ded93e57c41f,C_37b106e2eb20,Pflegedienst Hand und Fuß,null,12M,DRAFT,false,true,null
A_f46357bf7389,C_37b106e2eb20,Pflegedienst Hand und Fuß,null,12M,DRAFT,false,true,null
A_499d9a1ea7ca,C_37b106e2eb20,Pflegedienst Hand und Fuß,null,12M,DRAFT,false,true,null
A_dc01d9692dd0,C_37b106e2eb20,Pflegedienst Hand und Fuß,null,12M,DRAFT,false,true,null
A_49f6f8c69127,C_37b106e2eb20,Pflegedienst Hand und Fuß,null,12M,DRAFT,false,true,null
A_5b204bd7ebe7,C_0a331314796b,Test bulk,2025-12-31 00:00:00,null,ACTIVE,false,false,null
A_d495a9a04361,C_37b106e2eb20,Pflegedienst Hand und Fuß,null,12M,DRAFT,false,true,null
A_4d9d176b7f26,C_1a6e92ff7494,Pflichtschulung,2026-09-30 00:00:00,null,ACTIVE,false,false,null
A_7e72fca460bf,C_4c8e5c84e1e4,Intensiv Pflege ,null,6M,DRAFT,false,true,null
A_a47959c58cc0,C_0673ecc9dcb6,NURSE,2026-02-01 22:59:59,null,ACTIVE,false,false,null
A_856c1ec5f98d,C_0673ecc9dcb6,DOMESTIC_SPECIALIST,null,null,DRAFT,false,false,null
A_7750ca22e768,C_0673ecc9dcb6,CARE_ASSISTANT_NURSE,null,null,DRAFT,false,false,null
A_add2235206a1,C_0673ecc9dcb6,SUPPLEMENTARY_HELP,null,null,DRAFT,false,false,null
A_9f3192ae501c,C_0673ecc9dcb6,NURSING_ASSISTANCE,null,null,DRAFT,false,false,null
A_858b758339c1,C_0673ecc9dcb6,NOT_RELEVANT,null,null,DRAFT,false,false,null
A_75ffaf3c6ff0,C_94966eb764eb,Dekubitus,2025-10-23 00:00:00,null,COMPLETED,false,false,2025-10-22 19:47:39.714
A_c891767c553f,C_94966eb764eb,Pflicht ,2025-10-22 00:00:00,null,COMPLETED,false,false,2025-10-21 19:46:01.243
A_a08cec295639,C_98a2db58f3b8,Hauswirtschaft - Pflichtschulungen 2025,2025-12-31 00:00:00,12M,ACTIVE,false,true,null
A_2aac42190784,C_72b9bcbe44f9,Pflichtfortbildungen,2025-12-31 00:00:00,12M,ACTIVE,false,true,null
A_02efa753de68,C_94966eb764eb,Pflicht ,2025-11-14 00:00:00,null,ACTIVE,false,false,null
A_e29db69a3a7b,C_e3657c45be1d,Pflichtschulung,2026-02-05 00:00:00,12M,ACTIVE,false,true,null
A_e3b09bc7f2b2,C_72b9bcbe44f9,Expertenstandards,2026-04-30 00:00:00,null,ACTIVE,false,false,null
A_4cd772205d57,C_0fdd3d20c77d,NURSE,null,null,DRAFT,false,false,null
A_e4b682d46738,C_0fdd3d20c77d,DOMESTIC_SPECIALIST,null,null,DRAFT,false,false,null
A_8a1050117226,C_0fdd3d20c77d,CARE_ASSISTANT_NURSE,null,null,DRAFT,false,false,null
A_599df8499d12,C_0fdd3d20c77d,SUPPLEMENTARY_HELP,null,null,DRAFT,false,false,null
A_df3cb80f0d50,C_0fdd3d20c77d,NURSING_ASSISTANCE,null,null,DRAFT,false,false,null
A_94721d920036,C_0fdd3d20c77d,NOT_RELEVANT,null,null,DRAFT,false,false,null
A_6ad6c242339d,C_19a3712757ca,Pflichtschulung Küche und Service,2026-06-30 00:00:00,null,ACTIVE,false,false,null
A_fdbcfb660ae3,C_33a29351021c,Pflichtschulung,2025-10-31 00:00:00,6M,ACTIVE,false,true,null
A_cdd7056b2a90,C_dfaf76f7dc51,Pflichtschulung ,null,null,DRAFT,false,false,null
A_2a2209b271c6,C_47b2e15eb70f,Expertenstandard,2026-01-31 00:00:00,null,ACTIVE,false,false,null
A_2558ecfcc653,C_47b2e15eb70f,Expertenstandard,2026-01-31 00:00:00,null,ACTIVE,false,false,null
A_56fe592b23a6,C_cb3a5341e2ad,Pflege Nov.25,2025-11-30 00:00:00,null,ACTIVE,false,false,null
A_ebd32c0c7994,C_0a331314796b,Pflichtschulungen,null,12M,DRAFT,false,true,null
A_a2faa8d94173,C_8bb14f1293c1,Pflichtfortbildung,2025-12-31 00:00:00,12M,ACTIVE,false,true,null
A_3de1ea6674f3,C_8de6a2f81ec0,Pflichtschulungen,null,12M,DRAFT,false,true,null
A_4d66fc614466,C_ad4d13dc49f0,Brandschutz,2026-01-01 00:00:00,12M,COMPLETED,false,true,2025-11-07 12:55:30.93
A_fa6eb5da472b,C_ad4d13dc49f0,Arbeitsschutz,2026-02-01 00:00:00,12M,ACTIVE,false,true,null
A_33c4ab810918,C_ad4d13dc49f0,Sofortmaßnahmen in Notfällen,2026-03-01 00:00:00,6M,ACTIVE,false,true,null
A_e57ef3c29709,C_ad4d13dc49f0,Expertenstandard Demenz,2026-04-01 00:00:00,12M,ACTIVE,false,true,null
A_bf511104ada6,C_ad4d13dc49f0,Expertenstandard Schmerz,2026-05-01 00:00:00,12M,ACTIVE,false,true,null
A_054ca760aae2,C_ad4d13dc49f0,Infektionsprävention,2026-06-02 00:00:00,12M,ACTIVE,false,true,null
A_3c10b5acbd48,C_ad4d13dc49f0,BZ Messung,2026-01-22 00:00:00,null,ACTIVE,false,false,null
A_1e6c8ebdda2a,C_ad4d13dc49f0,Expertenstandard chronische Wunden,2025-12-10 00:00:00,12M,ACTIVE,false,true,null
A_04739a6f0ac8,C_ad4d13dc49f0,Umgang mit suprapubischen Katheter,2026-02-18 00:00:00,null,ACTIVE,false,false,null
A_3603f6712000,C_ad4d13dc49f0,Expertenstandard Haut,2026-07-01 00:00:00,12M,ACTIVE,false,true,null
A_c4c166e83b18,C_ad4d13dc49f0,Gefahrstoffe,2026-08-08 00:00:00,12M,ACTIVE,false,true,null
A_a2cf68a11fd9,C_ad4d13dc49f0,SIS ,2026-04-08 00:00:00,null,ACTIVE,false,false,null
A_4fe424379459,C_dd7065b0c9e9,Pflichtschulungen,null,12M,DRAFT,false,true,null
A_ef5cd3703adc,C_496b031de967,Lebensmittelhygiene,2025-12-31 00:00:00,12M,COMPLETED,false,true,2025-11-15 19:37:50.568
A_715000f93c33,C_496b031de967,Risikomanagement Mobilität I. d. Ambulante Pflege,2025-12-31 00:00:00,null,ACTIVE,false,false,null
A_65c88d2c0c37,C_47b2e15eb70f,Dringend!!!!,2025-11-30 00:00:00,null,COMPLETED,false,false,2025-12-12 09:39:03.745
A_b3c722843a55,C_72b9bcbe44f9,Pfliochtfortbuldungen,2025-12-31 00:00:00,12M,ACTIVE,false,true,null
A_d76aca938357,C_496b031de967,Pflichtschulung,2025-12-31 00:00:00,12M,COMPLETED,false,true,2025-12-09 10:57:56.797
A_a727f34a4193,C_496b031de967,Pflichtschulung,2025-12-31 00:00:00,12M,ACTIVE,false,true,null
A_4f355bffb67d,C_496b031de967,Pflichtschulung,2025-12-31 00:00:00,12M,ACTIVE,false,true,null
A_d8e3d996871e,C_496b031de967,Pflichtschulung,2025-12-31 00:00:00,12M,ACTIVE,false,true,null
A_bbc77057b3e3,C_8bb14f1293c1,Lebensmittelhygiene,2025-12-31 00:00:00,12M,COMPLETED,false,true,2026-01-11 16:06:55.133
A_0d8948ae8179,C_8bb14f1293c1,Wahlfortbildungen,2033-01-01 00:00:00,null,ACTIVE,false,false,null
A_07522d1d34f4,C_7ee162828a51,Teamschulungen,2025-11-17 00:00:00,null,ACTIVE,false,false,null
A_69a92023ffc9,C_3160ca82e1c1,Pflichtfortbildunge Expertenstandards 2026,null,null,DRAFT,false,false,null
A_a6c4235419e5,C_c399da126eb1,Dekubitusprophylaxe,2026-01-18 00:00:00,null,ACTIVE,false,false,null
A_ab68bb08c5cc,C_c399da126eb1,Sturzprophylaxe,2026-01-18 00:00:00,null,ACTIVE,false,false,null
A_c17fe068e77e,C_ddd7e8d138c7,2026 alle MA,2026-12-31 00:00:00,12M,ACTIVE,false,true,null
A_15b892cc4502,C_ddd7e8d138c7,2026 PFK,2026-12-31 00:00:00,12M,ACTIVE,false,true,null
A_b3083e37e6a6,C_ddd7e8d138c7,2026 (Betreuer bzw. Hilfskräfte),2026-12-31 00:00:00,12M,ACTIVE,false,true,null
A_0f449c6a7afa,C_72b9bcbe44f9,Eingliederungshilfe,2025-12-31 00:00:00,12M,ACTIVE,false,true,null
A_2f67feaf02d4,C_ddd7e8d138c7,Brandschutzbeauftragter,2026-03-31 00:00:00,12M,ACTIVE,false,true,null
A_702c96a12336,C_496b031de967,Beratung 37.3,2025-12-31 00:00:00,null,ACTIVE,false,false,null
A_a7e5e7b3301b,C_e5173cf7ab3a,Pflicht-Schulungen,2025-11-28 00:00:00,null,ACTIVE,false,false,null
A_d7c5326d1c66,C_450823561245,Medizinprodukte,null,null,DRAFT,false,false,null
A_0987d360405c,C_72b9bcbe44f9,pflichtfortbildungen Assistenzkräfte + bürokräfte,2025-12-31 00:00:00,12M,ACTIVE,false,true,null
A_6e122a24d4f7,C_ad4d13dc49f0,Hauswirtschaft,2026-03-12 00:00:00,12M,ACTIVE,false,true,null
A_bf0bc26187d4,C_ad4d13dc49f0,Arbeiten im Team,2026-01-15 00:00:00,null,ACTIVE,false,false,null
A_a638f900bab9,C_ad4d13dc49f0,Gesprächsführung,2026-09-09 00:00:00,null,ACTIVE,false,false,null
A_743ec14e90ba,C_ad4d13dc49f0,Augentropfen/Salben,2026-09-30 00:00:00,null,ACTIVE,false,false,null
A_91da65575254,C_ad4d13dc49f0,Datenschutz,2026-03-17 00:00:00,12M,ACTIVE,false,true,null
A_21771912e6a1,C_8bb2f38e42eb,Schulung,2025-12-31 00:00:00,null,COMPLETED,false,false,2025-12-09 21:26:19.986
A_7a6338b9d639,C_31b4391a712e,Pflichtschulung ,2025-12-31 00:00:00,null,ACTIVE,false,false,null
A_1dee525811bf,C_496b031de967,Hygiene Prävention Katheter-assoziierten Harnwegsinfektionen,2025-12-09 00:00:00,null,COMPLETED,false,false,2025-12-30 16:55:49.589
A_e1b87af07e60,C_7c3de7b32496,Pflichtschulungen,2026-05-31 00:00:00,null,ACTIVE,false,false,null
A_c00a5b9d45b4,C_7c3de7b32496,Behandlungspflege,2026-05-31 00:00:00,null,ACTIVE,false,false,null
A_a6c5dab44147,C_8be880fd59a3,Pflichtschulungen ambulant,2026-12-31 00:00:00,12M,ACTIVE,false,true,null
A_0b361d103c33,C_b659e12972b7,Pflegefachkräfte,2026-12-31 00:00:00,null,ACTIVE,false,false,null
A_a62457816bbc,C_b659e12972b7,"PFA, APH, KPH",2026-12-31 00:00:00,null,ACTIVE,false,false,null
A_4c4f9b1a9fa2,C_b659e12972b7,PH,2026-12-31 00:00:00,null,ACTIVE,false,false,null
A_e657172ad646,C_b659e12972b7,Azubis Pflege,2026-12-31 00:00:00,null,ACTIVE,false,false,null
A_2506e97de21f,C_b659e12972b7,Verwaltung,2026-12-31 00:00:00,null,ACTIVE,false,false,null
A_62260da18c83,C_b659e12972b7,"Küche, Abenddienst, Café, HWL",2026-12-31 00:00:00,null,ACTIVE,false,false,null
A_b47c893ad4ad,C_b659e12972b7,HW im Wohnbereich,2026-12-31 00:00:00,null,ACTIVE,false,false,null
A_f4322da1a132,C_b659e12972b7,Sozialdienst,2026-12-31 00:00:00,null,ACTIVE,false,false,null
A_1f9a00b224e0,C_b659e12972b7,Wäscherei,2026-12-31 00:00:00,null,ACTIVE,false,false,null
A_3a0d598f6897,C_b659e12972b7,Haustechnik,2026-12-31 00:00:00,null,ACTIVE,false,false,null
A_bb45f1cb91b2,C_b659e12972b7,Führungskräfte,2026-12-31 00:00:00,null,ACTIVE,false,false,null
A_f9bc64e15684,C_fb60520cf036,Pflichtfortbildungen 2026,2026-12-31 00:00:00,null,ACTIVE,false,false,null
A_afd8fcec4a27,C_b659e12972b7,Pflege GfB,2026-12-31 00:00:00,null,ACTIVE,false,false,null
A_9808d6806be9,C_a900f97841ef,Pflichtschulungen,2026-03-31 00:00:00,null,ACTIVE,false,false,null
A_65f251237280,C_fbd2de0ee082,NURSE,null,null,DRAFT,false,false,null
A_cf4f83a25279,C_fbd2de0ee082,DOMESTIC_SPECIALIST,null,null,DRAFT,false,false,null
A_dbe15140d2ef,C_fbd2de0ee082,CARE_ASSISTANT_NURSE,null,null,DRAFT,false,false,null
A_e6460d743544,C_fbd2de0ee082,SUPPLEMENTARY_HELP,null,null,DRAFT,false,false,null
A_9e17f22cbc7a,C_fbd2de0ee082,NURSING_ASSISTANCE,null,null,DRAFT,false,false,null
A_be8dafc4e900,C_fbd2de0ee082,NOT_RELEVANT,null,null,DRAFT,false,false,null
A_02a48074e48c,C_637e63e85cd5,NURSE,null,null,DRAFT,false,false,null
A_68c6361bcad7,C_637e63e85cd5,DOMESTIC_SPECIALIST,null,null,DRAFT,false,false,null
A_181ab5c429af,C_637e63e85cd5,CARE_ASSISTANT_NURSE,null,null,DRAFT,false,false,null
A_aff6884ddb22,C_637e63e85cd5,SUPPLEMENTARY_HELP,null,null,DRAFT,false,false,null
A_32f3904977f1,C_637e63e85cd5,NURSING_ASSISTANCE,null,null,DRAFT,false,false,null
A_4a6663704f30,C_637e63e85cd5,NOT_RELEVANT,null,null,DRAFT,false,false,null
A_48e4c6401608,C_32a5d9cd8997,Pflichtschulungen,2026-12-31 00:00:00,12M,ACTIVE,false,true,null
A_69edded2d4cd,C_32a5d9cd8997,Pflichtschulung,2026-12-31 00:00:00,12M,ACTIVE,false,true,null
A_22c87d2e8140,C_32a5d9cd8997,ad ons,2026-12-31 00:00:00,12M,ACTIVE,false,true,null
A_9c7d37dea156,C_2fb6e236d30a,Pflichtschulung Seelenwohl,2025-12-17 00:00:00,null,ACTIVE,false,false,null
A_73805e29f823,C_09daf3bd3e48,Pflichtfortbildung 2026 1.Quartal,2026-03-31 00:00:00,null,ACTIVE,false,false,null
A_0f557e59cdba,C_09daf3bd3e48,Pflichtfortbildung 2026 2.Quartal,2026-06-30 00:00:00,null,ACTIVE,false,false,2026-01-08 16:22:30.498
A_6d78a62fd950,C_09daf3bd3e48,Pflichtfortbildung 2026 3.Quartal,2026-09-30 00:00:00,null,ACTIVE,false,false,null
A_382af57db51f,C_09daf3bd3e48,Pflichtfortbildung 2026 4.Quartal,2026-12-31 00:00:00,null,ACTIVE,false,false,null
A_35147ef5261a,C_904977269f74,Pflichtschulungen PFK,2026-09-30 00:00:00,null,ACTIVE,false,false,null
A_af2abcea0854,C_904977269f74,Pflichtschulungen PK,2026-09-30 00:00:00,null,ACTIVE,false,false,null
A_3e752566b73c,C_904977269f74,allg. Pflichtfortbildungen ,2026-09-30 00:00:00,null,ACTIVE,false,false,null
A_f5bcd312600f,C_b54c3ef44d67,Leitung 2026,null,null,DRAFT,false,false,null
A_1ad900458cca,C_4d655a77b21d,Hygiene,2026-02-20 00:00:00,null,ACTIVE,false,false,null
A_61a75b26d861,C_4d655a77b21d,Expertenstandard Demenz,2026-03-20 00:00:00,null,ACTIVE,false,false,null
A_a678c60c6c32,C_4d655a77b21d,Expertenstandard Kontinenzförderung,2026-04-20 00:00:00,null,ACTIVE,false,false,null
A_dca141ea326a,C_4d655a77b21d,Expertenstandard Sturzprophylaxe,2026-05-20 00:00:00,null,ACTIVE,false,false,null
A_25f1869d0523,C_4d655a77b21d,Expertenstandard Haut,2026-06-19 00:00:00,null,ACTIVE,false,false,null
A_f0da21e45c0e,C_4d655a77b21d,Datenschutz,2026-01-20 00:00:00,null,COMPLETED,false,false,2026-01-20 09:59:32.39
A_6f6f96961e2e,C_4d655a77b21d,Arbeitsschutz,2026-02-06 00:00:00,null,ACTIVE,false,false,null
A_d6d917277063,C_4d655a77b21d,Sofortmaßnahmen in Notfällen,2026-07-20 00:00:00,null,ACTIVE,false,false,null
A_70a083c057f4,C_4d655a77b21d,Diabetes ,2026-08-20 00:00:00,null,ACTIVE,false,false,null
A_01007e9f23e7,C_4d655a77b21d,"BZ-Messung, s.c. (Insulin)-Injektion",2026-09-18 00:00:00,null,ACTIVE,false,false,null
A_cf96409f6570,C_4d655a77b21d,Medikamentengabe,2026-10-20 00:00:00,null,ACTIVE,false,false,null
A_e23d8a84a84d,C_4d655a77b21d,"Blutdruck, Kompressionsstrümpfe",2026-11-20 00:00:00,null,ACTIVE,false,false,null
A_ec7fa314121f,C_4d655a77b21d,Expertenstandard Ernährungsmanagement,2026-12-18 00:00:00,null,ACTIVE,false,false,null
A_56d30751da78,C_4d655a77b21d,Expertenstandard Schmerzmanagement,2026-11-06 00:00:00,null,ACTIVE,false,false,null
A_f87b69dee109,C_4d655a77b21d,Expertenstandard Dekubitusprophylaxe,2026-05-06 00:00:00,null,ACTIVE,false,false,null
A_ef1ea9bcb154,C_63ee5a9d9f7e,NURSE,null,null,DRAFT,false,false,null
A_794e77fc5bbb,C_63ee5a9d9f7e,DOMESTIC_SPECIALIST,2026-04-30 21:59:59,null,ACTIVE,false,false,null
A_8437335b0e23,C_63ee5a9d9f7e,CARE_ASSISTANT_NURSE,null,null,DRAFT,false,false,null
A_19e2ba5a0475,C_63ee5a9d9f7e,SUPPLEMENTARY_HELP,null,null,DRAFT,false,false,null
A_db91a03fda6b,C_63ee5a9d9f7e,NURSING_ASSISTANCE,null,null,DRAFT,false,false,null
A_42870e7399c4,C_63ee5a9d9f7e,NOT_RELEVANT,2026-04-30 21:59:59,null,ACTIVE,false,false,null
A_ace4ea2c4f59,C_4d655a77b21d,Brandschutz,null,null,DRAFT,false,false,null
A_75b3ab23a250,C_50fcf3195b21,Fortbildungsplan 2026,2026-12-31 00:00:00,null,ACTIVE,false,false,null
A_5b1d612589ae,C_50fcf3195b21,2026 Pflegefachkräfte,2026-12-31 00:00:00,null,ACTIVE,false,false,null
A_e26cd9ffdc3d,C_de32c45735b7,Pflichtschulungen,2026-03-31 00:00:00,null,ACTIVE,false,false,null
A_a6611f61eeb6,C_1a5e4035b242,Pflichtschulungen,null,null,DRAFT,false,false,null
A_e76bbc5d855e,C_57acfc538725,Hauswirtschaft und Küche ,2026-12-31 00:00:00,12M,ACTIVE,false,true,null
A_6bb82d3d76e7,C_57acfc538725,Plichtschulung Alle ,2026-12-31 00:00:00,24M,ACTIVE,false,true,null
A_5fbfe8a68497,C_6ad9f6324269,Betreuung und Demenz,2026-04-30 00:00:00,6M,ACTIVE,false,true,null
A_a6a2de2950ad,C_e45464b21247,Hygiene,2026-12-31 00:00:00,12M,ACTIVE,false,true,null
A_fcd300d16df6,C_7ffa9c8eacad,Expertenstandard 2026,2026-01-09 00:00:00,null,ACTIVE,false,false,null
A_0f1d914be3ab,C_7ffa9c8eacad,Pflichtfortbildungen ambulant 2026,2026-01-09 00:00:00,null,ACTIVE,false,false,null
A_fba8f36edfc1,C_697437901b85,NURSE,null,null,DRAFT,false,false,null
A_1802ba23887e,C_697437901b85,DOMESTIC_SPECIALIST,null,null,DRAFT,false,false,null
A_0e0efd1d3c22,C_697437901b85,CARE_ASSISTANT_NURSE,null,null,DRAFT,false,false,null
A_471fb82ce90e,C_697437901b85,SUPPLEMENTARY_HELP,null,null,DRAFT,false,false,null
A_ba4b7d5573c6,C_697437901b85,NURSING_ASSISTANCE,null,null,DRAFT,false,false,null
A_a8c796108dfb,C_697437901b85,NOT_RELEVANT,null,null,DRAFT,false,false,null
A_a1170241586f,C_811a8a5e87c5,Pflichtschulung Hygiene ,2026-02-16 00:00:00,null,ACTIVE,false,false,null
A_609e77d4a668,C_811a8a5e87c5,Rückengerechtes Arbeiten ,2026-02-23 00:00:00,null,ACTIVE,false,false,null
A_446a18c41462,C_0a331314796b,Test12345,null,12M,DRAFT,false,true,null
A_8106244187ab,C_811a8a5e87c5,Brandschutzmaßnahmen ,2026-02-28 00:00:00,null,ACTIVE,false,false,null
A_396cbd233a94,C_811a8a5e87c5,"Pflichtschulung 2026 Fachkräfte, GPA ",2026-12-31 00:00:00,null,ACTIVE,false,false,null
A_926cafb65e7f,C_811a8a5e87c5,Pflichtschulung 2026 Pflegehelfer ,2026-12-31 00:00:00,null,ACTIVE,false,false,null
A_8c97732d6dc7,C_7c2268eb6c42,PDL und stell. PDL,2026-10-31 00:00:00,12M,ACTIVE,false,true,null
A_78d7b64681ab,C_e268b2c34ab0,Pflichtschulung Hygiene,2026-02-01 00:00:00,12M,ACTIVE,false,true,null
A_a77b51e8e5c9,C_b477db1b8ef4,NURSE,null,null,DRAFT,false,false,null
A_8c2fb57a1ec2,C_b477db1b8ef4,DOMESTIC_SPECIALIST,null,null,DRAFT,false,false,null
A_e332e411eeef,C_b477db1b8ef4,CARE_ASSISTANT_NURSE,null,null,DRAFT,false,false,null
A_d31dd08520eb,C_b477db1b8ef4,SUPPLEMENTARY_HELP,null,null,DRAFT,false,false,null
A_ab09d847be44,C_b477db1b8ef4,NURSING_ASSISTANCE,null,null,DRAFT,false,false,null
A_9b074f43de8f,C_b477db1b8ef4,NOT_RELEVANT,null,null,DRAFT,false,false,null
A_ffc7b542fcc3,C_cb8d04e916c0,QM Onlineschulungen,null,null,DRAFT,false,false,null
A_2b7ee837e902,C_c3ac86ca5edd,NURSE,null,null,DRAFT,false,false,null
A_e7703810f3b1,C_c3ac86ca5edd,DOMESTIC_SPECIALIST,null,null,DRAFT,false,false,null
A_4e194fa6b96c,C_c3ac86ca5edd,CARE_ASSISTANT_NURSE,null,null,DRAFT,false,false,null
A_a4cbde8eb0cc,C_c3ac86ca5edd,SUPPLEMENTARY_HELP,null,null,DRAFT,false,false,null
A_afb198ca24ee,C_c3ac86ca5edd,NURSING_ASSISTANCE,null,null,DRAFT,false,false,null
A_6bec996b9736,C_c3ac86ca5edd,NOT_RELEVANT,null,null,DRAFT,false,false,null
A_9c5f0e9178fd,C_f86f77a40ecd,Pflichtschulung 2026,2026-05-31 00:00:00,12M,ACTIVE,false,true,null
A_2f40d895c348,C_a2ef2f4a65e7,Pflichtschulungen Büro,2026-12-31 00:00:00,null,ACTIVE,false,false,null
A_700cb6868cb2,C_a2ef2f4a65e7,Pflichtfortbildungen ,2026-12-31 00:00:00,null,ACTIVE,false,false,null
A_cd71df108d6b,C_46d814b5a375,Schulung Januar 2026,2026-01-31 00:00:00,null,ACTIVE,false,false,null
A_b5ac7c37978f,C_5199a6170070,Pflicht 2026 ,2026-06-30 00:00:00,null,ACTIVE,false,false,null
A_58957d1f126f,C_ead3542c8a1e,Pflichtfortbildungen,2026-12-31 00:00:00,12M,ACTIVE,false,true,null
A_1a0e1ecb36cc,C_8634c534e026,Pflichtschulungen,2026-12-31 00:00:00,null,ACTIVE,false,false,null
A_4a0a5defbf83,C_72b9bcbe44f9,Pflichtfortbildungen,2026-12-31 00:00:00,12M,ACTIVE,false,true,null
A_9634f585448d,C_3160ca82e1c1,Expertenstandards 2026 ,2026-12-31 00:00:00,null,ACTIVE,false,false,null
A_cd2eda128c56,C_534b9225f01a,blabla,null,12M,DRAFT,false,true,null
A_a253a417f021,C_ead3542c8a1e,Angebotsfortbildungen,2026-12-31 00:00:00,null,ACTIVE,false,false,null
A_5e131298e8ad,C_ead3542c8a1e,Ärztefortbildungen,2026-12-31 00:00:00,null,ACTIVE,false,false,null
A_a020cc25a8b0,C_0a331314796b,test,null,12M,DRAFT,false,true,null
A_ca5727e5a302,C_83cfe8e40e85,Behandlungspflege FAK,2026-02-16 00:00:00,null,ACTIVE,false,false,null
A_cf18b92e9186,C_83cfe8e40e85,Einarbeitung,null,null,DRAFT,false,false,null
A_ce5e18928120,C_909dc308ae96,Pflichtfortbildungen für das gesamte Team 1. Halbjahr ,2026-06-30 00:00:00,12M,ACTIVE,false,true,null
A_d77731ef4261,C_909dc308ae96,Schulungen für Hauswirtschaftskräfte 1. Halbjahr ,2026-06-30 00:00:00,12M,ACTIVE,false,true,null
A_b3b4195ef255,C_909dc308ae96,Expertenstandard für Pflegefachkräfte 1.Halbjahr ,2026-06-30 00:00:00,12M,ACTIVE,false,true,null
A_cb3fea18f52e,C_909dc308ae96,Schulungen Pflegefachkräfte 1.Halbjahr ,2026-06-30 00:00:00,12M,ACTIVE,false,true,null
A_7dce9136a40e,C_a39b4cb21056,Pflichtschulungen `26,2026-12-31 00:00:00,null,ACTIVE,false,false,null
A_9676fa9bedb3,C_4c68d4d4cfad,Pflichtschulung Hygiene,2026-02-28 00:00:00,12M,ACTIVE,false,true,null
A_0d1e87337122,C_4c68d4d4cfad,Pflichtschulung UVV / Arbeitsschutz,2026-03-31 00:00:00,12M,ACTIVE,false,true,null
A_d7b9ab4a44ab,C_4c68d4d4cfad,Pflichtschulung Sturz,2026-04-30 00:00:00,12M,ACTIVE,false,true,null
A_4dcd982f2316,C_4c68d4d4cfad,Pflichtschulung Dekubitus,2026-05-31 00:00:00,null,ACTIVE,false,false,null
A_c07199221148,C_4c68d4d4cfad,Pflichtschulung Notfallsituation,2026-06-30 00:00:00,null,ACTIVE,false,false,null
A_bc334ba21587,C_4c68d4d4cfad,Pflichtschulung Demenz,2026-07-31 00:00:00,null,ACTIVE,false,false,null
A_6e40b7b56073,C_4c68d4d4cfad,Pflichtschulung Mobilität,2026-08-31 00:00:00,null,ACTIVE,false,false,null
A_d54e90c91ebf,C_4c68d4d4cfad,Pflichtschulung Gefahrstoffe,2026-09-30 00:00:00,12M,ACTIVE,false,true,null
A_3ac1b9e327f3,C_4c68d4d4cfad,Pflichtschulung Mundgesundheit,2026-10-31 00:00:00,null,ACTIVE,false,false,null
A_d6a3c1d04a2c,C_4c68d4d4cfad,Pflichtschulung Hautintegrität,2026-11-30 00:00:00,null,ACTIVE,false,false,null
A_b87e016817a3,C_4c68d4d4cfad,Pflichtschulung UVV Auto,2026-12-31 00:00:00,12M,ACTIVE,false,true,null
A_c9c8c10d1572,C_dd7065b0c9e9,Verwaltung,2026-06-30 00:00:00,null,ACTIVE,false,false,null
A_70b0d9d60bf7,C_dd7065b0c9e9,Teamleitung,null,null,DRAFT,false,false,null
A_bd63bb4472fe,C_dd7065b0c9e9,Hausmeister,2026-03-31 00:00:00,null,ACTIVE,false,false,2026-01-26 11:43:14.917
A_6381a8ac35e6,C_dd7065b0c9e9,Hauswirtschaft,2026-03-31 00:00:00,null,ACTIVE,false,false,null
A_1609d08fa1db,C_496b031de967,Pflichtschulung,2026-03-31 00:00:00,null,ACTIVE,false,false,null
A_d6d86d7623e8,C_496b031de967,Pflichtschulung,2026-04-30 00:00:00,null,ACTIVE,false,false,null
A_e50af3c5a004,C_496b031de967,Expertenstandard,2026-04-30 00:00:00,null,ACTIVE,false,false,null
A_fb63e446e847,C_496b031de967,Expertenstandard,2026-05-31 00:00:00,null,ACTIVE,false,false,null
A_df1998305b73,C_496b031de967,Pflichtschulung,2026-06-30 00:00:00,null,ACTIVE,false,false,null
A_cdecf8a99c8a,C_dd7065b0c9e9,Schorfheide - Pfichtschulungen,2026-03-31 00:00:00,null,ACTIVE,false,false,null
A_598839aff093,C_dd7065b0c9e9,Biberbau - Pflichtschulungen,2026-03-31 00:00:00,null,ACTIVE,false,false,null
A_c64aa863e563,C_dd7065b0c9e9,Kranichzug - Pflichtschulungen,2026-03-31 00:00:00,null,ACTIVE,false,false,null
A_f617d5bba3db,C_dd7065b0c9e9,Heidereiter - Pflichtschulungen,2026-03-31 00:00:00,null,ACTIVE,false,false,null
A_7a3381be3525,C_dd7065b0c9e9,Adlerhorst - Pflichtschulungen,2026-03-31 00:00:00,null,ACTIVE,false,false,null
A_70f92feeb9c9,C_dd7065b0c9e9,Schönholzer Str - Pflichtschulungen,2026-03-31 00:00:00,null,ACTIVE,false,false,null
A_62a195a0ebcc,C_dd7065b0c9e9,Börnicker - Pflichtschulungen,2026-03-31 00:00:00,null,ACTIVE,false,false,null
A_6009df2953f3,C_dd7065b0c9e9,Arche - Pflichtschulungen,2026-03-31 00:00:00,null,ACTIVE,false,false,null
A_e548d243a4ae,C_dd7065b0c9e9,BEW Eberswalde,2026-03-31 00:00:00,null,ACTIVE,false,false,null
A_a4b90701758c,C_dd7065b0c9e9,WidZ - Pflichtschulungen,2026-03-31 00:00:00,null,ACTIVE,false,false,null
A_818de4ef5fbb,C_dd7065b0c9e9,Nachschulung,2026-06-30 00:00:00,null,ACTIVE,false,false,null
A_05a5e5da5f1c,C_496b031de967,Pflichtschulung,2026-07-31 00:00:00,null,ACTIVE,false,false,null
A_38133993b784,C_496b031de967,Pflichtschulung,2026-08-31 00:00:00,null,ACTIVE,false,false,null
A_27e6feb15516,C_496b031de967,Pflichtschulung,2026-09-30 00:00:00,null,ACTIVE,false,false,null
A_7fa60edbd7fe,C_49de493c248d,Pflegefachkräfte Pflichtschulungen,2026-05-31 00:00:00,6M,ACTIVE,false,true,null
A_adc82c025a5f,C_49de493c248d,Pflichtfortbildungen für nicht-pflegerisches Personal - SR-Gifhorn,2026-09-30 00:00:00,12M,ACTIVE,false,true,null
A_0c76e527fe95,C_49de493c248d,Pflegepersonal Pflichtschulungen,2026-05-31 00:00:00,6M,ACTIVE,false,true,null
A_c3b00106c60a,C_49de493c248d,"Pflichtfortbildungen stationär, Seniorenresidenz Gifhorn GmbH",2026-09-30 00:00:00,12M,ACTIVE,false,true,null
A_5bd7c1409108,C_90fd6dedc6a8,2026,2026-01-25 00:00:00,null,ACTIVE,false,false,null
A_ec7e038671f9,C_72b9bcbe44f9,Alle,2026-10-31 00:00:00,12M,ACTIVE,false,true,null
A_f2c6ea384fa0,C_83cfe8e40e85,Martina,null,null,DRAFT,false,false,null
A_91b5e11a597a,C_d75a91f8475f,PFK 26,2026-12-31 00:00:00,12M,ACTIVE,false,true,null
A_8d7af3c365f1,C_d75a91f8475f,Expertenstandard 26,2026-12-31 00:00:00,12M,ACTIVE,false,true,null
A_519492acfe74,C_d75a91f8475f,Pflichtschulungen 26,2026-12-31 00:00:00,12M,ACTIVE,false,true,null
A_65a91599f212,C_b54c3ef44d67,Schulungen 2026,2026-10-31 00:00:00,12M,ACTIVE,false,true,null
A_9a78fc202e82,C_8ab4a9125526,Pflichtvortbildung ,2026-12-07 00:00:00,null,ACTIVE,false,false,null
A_5fe5cb7e33c6,C_7e49a62fdfff,Pflichtschulung,2026-05-30 00:00:00,null,ACTIVE,false,false,null
A_8f7bcd197476,C_7e49a62fdfff,Pflichtschulung,2026-07-30 00:00:00,null,ACTIVE,false,false,null
A_46f6905c57c8,C_811a8a5e87c5,Schulungen Leitungskräfte,2026-01-27 00:00:00,12M,ACTIVE,false,true,null
A_394483c99088,C_87930d2c9f22,test,null,null,DRAFT,false,false,null
A_7a0f1e36988a,C_6a3c03674cf9,Pflichtschulungen,2026-02-01 00:00:00,null,ACTIVE,false,false,null
A_d8c3cce4faf9,C_72b9bcbe44f9,pflichtschulung,2026-09-30 00:00:00,12M,ACTIVE,false,true,null
A_f0d1cbc15adf,C_fcc053f19146,Pflichtschulung,2026-03-31 00:00:00,12M,ACTIVE,false,true,null
A_a0032dfcc28e,C_7e49a62fdfff,Pflichtfortbildung,2026-04-30 00:00:00,null,ACTIVE,false,false,null
A_b7eaa581e503,C_72b9bcbe44f9,Hygiene,2026-09-30 00:00:00,12M,ACTIVE,false,true,null
A_5015e4c2cbdf,C_57949f053487,NURSE,2026-03-21 22:59:59,null,ACTIVE,false,false,null
A_f292c8dc689f,C_57949f053487,DOMESTIC_SPECIALIST,null,null,DRAFT,false,false,null
A_eba052bc8e7a,C_57949f053487,CARE_ASSISTANT_NURSE,null,null,DRAFT,false,false,null
A_ae8123f14e35,C_57949f053487,SUPPLEMENTARY_HELP,null,null,DRAFT,false,false,null
A_02ad38eb444e,C_57949f053487,NURSING_ASSISTANCE,2026-03-31 21:59:59,null,ACTIVE,false,false,null
A_af4cd7cf37f7,C_57949f053487,NOT_RELEVANT,2026-03-21 22:59:59,null,ACTIVE,false,false,null
A_da10379e5df4,C_db485fc29389,Pflichtforbildungen,2026-12-31 00:00:00,12M,ACTIVE,false,true,null
A_cccfdf63f3f4,C_a2ef2f4a65e7,Pflichtschulung Hauswirtschaft,2026-12-31 00:00:00,null,ACTIVE,false,false,null
A_38c28cd7cd0c,C_83fad0ce8d09,Ärzte,2026-12-31 00:00:00,12M,COMPLETED,false,true,2026-02-08 20:53:49.813
A_fe7584aded03,C_6ad9f6324269,Unterweisungen,null,null,DRAFT,false,false,null
A_b70ee6010f46,C_6ad9f6324269,Unterweisung Büro,null,null,DRAFT,false,false,null
A_8e91cd4476cd,C_d7dc7f108df6,Hygiene amb. Pflege,2026-12-31 00:00:00,12M,ACTIVE,false,true,null
A_31714bf79f31,C_72b9bcbe44f9,Hauswirtschaft,2026-11-30 00:00:00,12M,ACTIVE,false,true,null
A_50c4d75acf5a,C_5c53d6f828d5,Wundversorgung,2026-03-31 00:00:00,null,ACTIVE,false,false,null
A_8618a576d65b,C_d354e35ca5aa,Schulungen Pflegefachkräfte,2026-07-04 00:00:00,12M,ACTIVE,false,true,null
A_ee4a4ac4f187,C_d7dc7f108df6,Führen von Fahrzeugen,2026-12-31 00:00:00,12M,ACTIVE,false,true,null
A_06f09bf1b175,C_d7dc7f108df6,Arbeitssicherheit P-Assistenz,2026-12-31 00:00:00,12M,ACTIVE,false,true,null
A_38f2f2a66687,C_d7dc7f108df6,Arbeitssicherheit Admin,2026-12-31 00:00:00,24M,ACTIVE,false,true,null
A_497b7221b263,C_d7dc7f108df6,Pflegebezogene Schulungen - Pro on the go,2026-12-31 00:00:00,null,ACTIVE,false,false,null
A_35a821333be3,C_d7dc7f108df6,Hygiene PFK,2026-12-31 00:00:00,24M,ACTIVE,false,true,null
A_4980ce8c2972,C_d7dc7f108df6,Arbeitssicherheit PFK,2026-12-31 00:00:00,12M,ACTIVE,false,true,null
A_df38d258a852,C_d7dc7f108df6,Ernährungsmanagement,2026-12-31 00:00:00,24M,ACTIVE,false,true,null
A_b81ed570a7bf,C_d7dc7f108df6,Schmerzmanagement,2026-12-31 00:00:00,24M,ACTIVE,false,true,null
A_a13acd026933,C_d7dc7f108df6,FEM,2026-12-31 00:00:00,24M,ACTIVE,false,true,null
A_4e820d9b9559,C_d7dc7f108df6,Medikamentenmanagement PFK,2026-12-31 00:00:00,24M,ACTIVE,false,true,null
A_eaaaffe616bb,C_d7dc7f108df6,Umgang Demenz,2026-12-31 00:00:00,24M,ACTIVE,false,true,null
A_ae3cf2a3d360,C_d7dc7f108df6,Perspektiven - Stimmen,2026-12-31 00:00:00,24M,ACTIVE,false,true,null
A_46644951c72b,C_d7dc7f108df6,Perspektiven - Bedürfnisse,2027-12-31 00:00:00,24M,ACTIVE,false,true,null
A_11b1544ad1ea,C_d7dc7f108df6,Leitung,2026-12-31 00:00:00,24M,ACTIVE,false,true,null
A_b184fa73ffa4,C_d7dc7f108df6,Umgang Suizid,2026-12-31 00:00:00,null,ACTIVE,false,false,null
A_90e082f00f60,C_86e6dd3c8be2,Pflichtfortbildungen,2026-06-30 00:00:00,12M,ACTIVE,false,true,null
A_886dae6e5c6a,C_0a331314796b,Test mathias 3,2026-02-06 00:00:00,null,ACTIVE,false,false,null
A_8eb4e538c616,C_9fe931b59b5e,Pflichtschulungen,null,null,DRAFT,false,false,null
A_6e700080a72a,C_72b9bcbe44f9,Pflichtschulung,2026-10-31 00:00:00,12M,ACTIVE,false,true,null
A_ca0be4aedbfd,C_9fe931b59b5e,Pflichtschulung,2026-10-31 00:00:00,12M,ACTIVE,false,true,null
A_7c0fb042ac70,C_83cfe8e40e85,Lehrplan Hygine ,2026-03-02 00:00:00,null,ACTIVE,false,false,null
A_f8304b84b75a,C_87930d2c9f22,Pflicht,2026-12-31 00:00:00,12M,ACTIVE,false,true,null
A_b897ba03e15c,C_15e105dfb1dd,Pflichtschulungen,2026-02-09 00:00:00,12M,ACTIVE,false,true,null
A_0eacfb4eb679,C_15e105dfb1dd,Pflichtschulung Ärzte,2026-02-09 00:00:00,12M,ACTIVE,false,true,null
A_e3da6cf68307,C_b058e0581c63,Pflichtschulung alle MA ,2026-12-31 00:00:00,12M,ACTIVE,false,true,null
A_f8a05eb2ae2b,C_b058e0581c63,Hilfskräfte/Betreuer/Hauswirtschaftskraft ,2026-12-31 00:00:00,12M,ACTIVE,false,true,null
A_b655ac761b00,C_b058e0581c63,PFK,2026-12-31 00:00:00,12M,ACTIVE,false,true,null
A_fe6f34b05be5,C_1adda2468d9f,Pflichtschulungen,2026-02-07 00:00:00,12M,ACTIVE,false,true,null
A_4487f9412fe2,C_e268b2c34ab0,Lebensmittelhygiene ,2026-04-30 00:00:00,null,ACTIVE,false,false,null
A_949b7198e6f1,C_e268b2c34ab0,Ethik in der Pflege,2026-05-31 00:00:00,null,ACTIVE,false,false,null
A_ab8d0962e7ff,C_e268b2c34ab0,Expertenstandards,2026-09-30 00:00:00,null,ACTIVE,false,false,null
A_2c6c49de9838,C_e268b2c34ab0,Fachwissen nach Expertenst.,2026-09-30 00:00:00,null,ACTIVE,false,false,null
A_2a84e2bbb560,C_0a331314796b,Test Swap - incomplete,2026-06-26 00:00:00,null,ACTIVE,false,false,null
A_5a5d2cd986c5,C_0a331314796b,Test Swap Complete,2026-05-21 00:00:00,null,ACTIVE,false,false,null
A_78181d77e0dd,C_15e105dfb1dd,Pflichtschulung HKL,2026-12-31 00:00:00,12M,ACTIVE,false,true,null
A_45b8b9dfc82a,C_98a2db58f3b8,Hauswirtschaft - Pflichtschulungen 2026,2026-02-16 00:00:00,12M,ACTIVE,false,true,null
A_4c437b1d9356,C_e45464b21247,Pflichtschulungen ambulant,null,12M,DRAFT,false,true,null
A_742234741dec,C_e45464b21247,Pflichtschulungen ambulant,2026-12-31 00:00:00,12M,ACTIVE,false,true,null
A_3c6d3f3c4c32,C_e45464b21247,Expertenstandards,2026-12-31 00:00:00,12M,ACTIVE,false,true,null
A_b249059ef23e,C_e45464b21247,Hygiene KRINKO,2026-12-31 00:00:00,12M,ACTIVE,false,true,null
A_0500944d6738,C_521e13132853,Pflichtfortbildung Haustechnik,2026-12-31 00:00:00,12M,ACTIVE,false,true,null
A_f900c80cf877,C_521e13132853,Pflichtfortbildung sozialer Dienst,2026-12-31 00:00:00,12M,ACTIVE,false,true,null
A_77df1c1fc6bb,C_521e13132853,Pflichtfortbildung Hauswirtschaft,2026-12-31 00:00:00,12M,ACTIVE,false,true,null
A_4b83cddc1f94,C_521e13132853,Pflichtfortbildung Pflege,2026-12-31 00:00:00,12M,ACTIVE,false,true,null
A_9dce429aeed2,C_49de493c248d,Hauswirtschaft Pflichtschulungen,2026-05-31 00:00:00,6M,ACTIVE,false,true,null
A_e1e4b56494e2,C_521e13132853,Pflichtfortbildungen Reinigungsservice 2026,2026-12-31 00:00:00,null,ACTIVE,false,false,null
A_0f916ae76066,C_72b9bcbe44f9,Ambulante Pflege Team Pflicht,2026-10-31 00:00:00,12M,ACTIVE,false,true,null
A_f2b2439de6d8,C_a2c87a68bfa1,jährliche Pflichtfortbildungen,2026-12-31 00:00:00,12M,ACTIVE,false,true,null
A_bb82324156dd,C_a2c87a68bfa1,Expertenstandards,2026-12-31 00:00:00,24M,ACTIVE,false,true,null
A_bf8c4f3f7d15,C_a2c87a68bfa1,Lehrplan für neue Mitarbeiter (nicht für bestehende),2028-12-31 00:00:00,null,ACTIVE,false,false,null
A_0e345c6a99df,C_72b9bcbe44f9,Expertenstandards,2026-11-30 00:00:00,12M,ACTIVE,false,true,null
A_13b7074a2bf4,C_72b9bcbe44f9,Pflicht,2026-02-28 00:00:00,12M,ACTIVE,false,true,null
A_3e1859d38987,C_c0238f1b43b5,Pflichtschulung 1.0 ,2026-12-31 00:00:00,12M,ACTIVE,false,true,null
A_815f5c491a57,C_21734d40d7da,Pflicht ,2026-02-28 00:00:00,12M,ACTIVE,false,true,null
A_2d90c06a143c,C_7c2268eb6c42,Hauswirtschaft/ Betreuung ,null,12M,DRAFT,false,true,null
A_4e317edd38e8,C_7c2268eb6c42,Pflegehilfskraft ,null,12M,DRAFT,false,true,null
A_8f861a48b8e6,C_72b9bcbe44f9,Expertstandard Fachpersonal,2026-10-30 00:00:00,12M,ACTIVE,false,true,null
A_0ca32d590f0b,C_72b9bcbe44f9,Pflegefachkräfte,2026-10-31 00:00:00,12M,ACTIVE,false,true,null
A_a157fedce164,C_82d82e50ffda,Pflicht,2026-02-27 00:00:00,12M,ACTIVE,false,true,null
A_9394e1e66115,C_1e37d3758775,Pflichtschulungen,2026-12-31 00:00:00,null,ACTIVE,false,false,null
A_d21b07a2a7ff,C_27f883a628af,Pflichtschulungen,2026-03-31 00:00:00,6M,ACTIVE,false,true,null
A_ac5c437b5b56,C_0a331314796b,TestMettmann,2026-03-01 00:00:00,null,ACTIVE,false,false,null
A_bec0c712d4dc,C_8634c534e026,Schulungen optional,2026-12-31 00:00:00,null,ACTIVE,false,false,null
A_1a430a975d21,C_8634c534e026,Expertenstandards 2026,2026-12-31 00:00:00,null,ACTIVE,false,false,null
A_6efff52d63df,C_8634c534e026,Schulungen optional,2026-12-31 00:00:00,null,ACTIVE,false,false,null
A_4f9ce3173d24,C_5d6a3c9c46f5,Pflegekräfte Niveau Q3/Q4,2026-12-31 00:00:00,12M,ACTIVE,false,true,null
A_0200c3fdfbde,C_5d6a3c9c46f5,Pflegekräfte Niveau Q2,2026-12-31 00:00:00,12M,ACTIVE,false,true,null
A_e603ee7839c2,C_72b9bcbe44f9,Pflichtschulungen,2026-09-30 00:00:00,12M,ACTIVE,false,true,null
A_311782b4e7ab,C_72b9bcbe44f9,Pflichtfortbildungen,2026-11-30 00:00:00,12M,ACTIVE,false,true,null
A_ab41bddcca76,C_83cfe8e40e85,Schmerzmanement,2026-04-30 00:00:00,null,ACTIVE,false,false,null
A_43138d83823c,C_5987be55c522,Pflicht | Arbeitsschutz,2026-02-27 00:00:00,12M,ACTIVE,false,true,null
A_7085808e61fb,C_fa3d67ac4eac,Pflegekräfte  Niveau Q3/Q4,2026-12-31 00:00:00,12M,ACTIVE,false,true,null
A_ac95ae10e492,C_fa3d67ac4eac,Pflegekräfte Niveau Q2,2026-12-31 00:00:00,12M,ACTIVE,false,true,null
A_42d0aa87e4be,C_f248bede29e2,Brandschutz,null,12M,DRAFT,false,true,null
A_6faadd5e0683,C_52a478ad447b,Neue Schulungen,2026-03-31 00:00:00,null,ACTIVE,false,false,null
A_db71070d4894,C_c399da126eb1,Nosokomiale Infektion,2026-03-31 00:00:00,null,ACTIVE,false,false,null
A_f9672d549a19,C_479b625b1bb5,Home Office,2026-12-31 00:00:00,null,ACTIVE,false,false,null
A_5ca8b888906f,C_abde3cca160a,Pflichtfortbildung,2026-03-14 00:00:00,null,ACTIVE,false,false,null
A_4239b0c2ce46,C_118cca37afad,MKG-Pflichtschulungen 2026,2026-10-31 00:00:00,12M,ACTIVE,false,true,null
A_0df93d06b03c,C_6a5b149856b0,1. Pflichtschulungen Pflegekräfte 2026,2026-11-30 00:00:00,null,ACTIVE,false,false,null
A_ed6845c283b3,C_09daf3bd3e48,Pflichtfortbildungen HW 1. Quartal 2026,2026-03-31 00:00:00,null,ACTIVE,false,false,null
A_3603c21f52b2,C_09daf3bd3e48,Pflichtfortbildungen HW 2. Quartal 2026,2026-06-30 00:00:00,null,ACTIVE,false,false,null
A_4192f22cb3c9,C_09daf3bd3e48,Pflichtfortbildungen HW 3. Quartal 2026,2026-09-30 00:00:00,null,ACTIVE,false,false,null
A_f8d545fb9c81,C_09daf3bd3e48,Pflichtfortbildungen HW 4. Quartal 2026,2026-12-31 00:00:00,null,ACTIVE,false,false,null
A_bfa375a973fd,C_a2c87a68bfa1,Leiterschein,2026-03-30 00:00:00,null,ACTIVE,false,false,null
A_8b19d2cf772b,C_0a331314796b,Pflichtfortbildungen,2026-07-31 00:00:00,12M,ACTIVE,false,true,null
A_18f6ea89a1db,C_abde3cca160a,Test,2026-03-10 00:00:00,null,ACTIVE,false,false,null
A_78ae4e37b4ba,C_72b9bcbe44f9,Expertenstandard,2026-11-30 00:00:00,12M,ACTIVE,false,true,null
A_617a56c96f1c,C_8b391db2f616,Pflichtschulung,2026-03-11 00:00:00,null,ACTIVE,false,false,null
A_4f67f513fa69,C_8b391db2f616,Pflichtschulung ,2026-03-25 00:00:00,null,ACTIVE,false,false,null
A_e55b98de2696,C_8b391db2f616,Fortbildung,2026-03-25 00:00:00,null,ACTIVE,false,false,null
A_819c3aa7ce1b,C_8b391db2f616,Pflichtschulung,2026-04-10 00:00:00,null,ACTIVE,false,false,null
A_625cd166cf64,C_8b391db2f616,Fortbildung,2026-04-17 00:00:00,null,ACTIVE,false,false,null
A_0e6ab899f243,C_8b391db2f616,Pflichtschulung,2026-04-24 00:00:00,null,ACTIVE,false,false,null
A_7a943ef1929e,C_534b9225f01a,Refresher-Kurse,null,24M,DRAFT,false,true,null
A_c21dfb628353,C_72b9bcbe44f9,Pflegefachkräfte,2026-11-30 00:00:00,12M,ACTIVE,false,true,null
A_b41e392091e1,C_6b8e4a0ff99f,Datenschutz,2026-03-11 00:00:00,null,ACTIVE,false,false,null
A_076efe6ddcc6,C_6b8e4a0ff99f,Pflichtschulung,2026-03-15 00:00:00,null,ACTIVE,false,false,null
A_caf7c566237f,C_7e49a62fdfff,Auffrischung ,2026-11-01 00:00:00,null,ACTIVE,false,false,null
A_45c4109ed275,C_2aa8ac9d2d8a,NURSE,2026-05-31 21:59:59,null,ACTIVE,false,false,null
A_6d54e8b55e4e,C_2aa8ac9d2d8a,DOMESTIC_SPECIALIST,2026-05-31 21:59:59,null,ACTIVE,false,false,null
A_12adf64a0057,C_2aa8ac9d2d8a,CARE_ASSISTANT_NURSE,null,null,DRAFT,false,false,null
A_cc333f366136,C_2aa8ac9d2d8a,SUPPLEMENTARY_HELP,null,null,DRAFT,false,false,null
A_7cacd2dcc923,C_2aa8ac9d2d8a,NURSING_ASSISTANCE,null,null,DRAFT,false,false,null
A_ca935a47dac8,C_2aa8ac9d2d8a,NOT_RELEVANT,2026-05-31 21:59:59,null,ACTIVE,false,false,null
A_a06694b66b0a,C_09daf3bd3e48,Belehrung - Gesundheitsschutz,2026-07-31 00:00:00,12M,ACTIVE,false,true,null
A_e69574b53502,C_09daf3bd3e48,Belehrung - Infektionsschutz,2026-08-31 00:00:00,12M,ACTIVE,false,true,null
A_915515d21f08,C_09daf3bd3e48,Belehrung - Hygiene,2026-09-30 00:00:00,12M,ACTIVE,false,true,null
A_fec8c6d94a56,C_09daf3bd3e48,Belehrung - Arbeitsschutz,2026-11-30 00:00:00,12M,ACTIVE,false,true,null
A_f10b0da3ddb1,C_09daf3bd3e48,Belehrung - Gefahrstoffe,2026-12-31 00:00:00,12M,ACTIVE,false,true,null
A_76ea6760ef70,C_a614c8a68c2e,Hauswirtschaftlicher Diest,2026-12-31 00:00:00,null,ACTIVE,false,false,null
A_91271fa26f71,C_a614c8a68c2e,Pflichtschulungen ,2026-03-12 00:00:00,null,ACTIVE,false,false,null
A_4d03855a3640,C_0f19951828e0,Sturzprophylaxe,2026-03-14 00:00:00,null,ACTIVE,false,false,null
A_4ccb6ab7a576,C_72b9bcbe44f9,Expertenstandards,2026-10-31 00:00:00,12M,ACTIVE,false,true,null
A_64c02429852e,C_72b9bcbe44f9,Hauswirtschaft Kurse,2026-08-31 00:00:00,12M,ACTIVE,false,true,null
A_8011fedd2997,C_fafd4788daf1,NURSE,null,null,DRAFT,false,false,null
A_019b1e3b1f1a,C_fafd4788daf1,DOMESTIC_SPECIALIST,null,null,DRAFT,false,false,null
A_28caf2617e88,C_fafd4788daf1,CARE_ASSISTANT_NURSE,null,null,DRAFT,false,false,null
A_55a5f782f7d8,C_fafd4788daf1,SUPPLEMENTARY_HELP,null,null,DRAFT,false,false,null
A_973aa8575cab,C_fafd4788daf1,NURSING_ASSISTANCE,null,null,DRAFT,false,false,null
A_45c9d395b537,C_fafd4788daf1,NOT_RELEVANT,null,null,DRAFT,false,false,null
A_f9bfcbe52a5a,C_72b9bcbe44f9,Expertenstandards,2026-10-31 00:00:00,null,ACTIVE,false,false,null
A_9ef918569929,C_61276d41e6ad,Pflichtunterweisungen,null,null,DRAFT,false,false,null
A_b02ed6c4213b,C_dd7065b0c9e9,Baerenbande - Pflichtschulungen,2026-03-31 00:00:00,null,ACTIVE,false,false,null
A_de73bb39d8bd,C_dd7065b0c9e9,Tagesgruppe - Pflichtschulungen ,2026-03-31 00:00:00,null,ACTIVE,false,false,null
A_dc4afcfc33a6,C_f47f26b6debc,NURSE,null,null,DRAFT,false,false,null
A_34865aee62d7,C_f47f26b6debc,DOMESTIC_SPECIALIST,null,null,DRAFT,false,false,null
A_98fc21804759,C_f47f26b6debc,CARE_ASSISTANT_NURSE,null,null,DRAFT,false,false,null
A_12e2e5574f20,C_f47f26b6debc,SUPPLEMENTARY_HELP,null,null,DRAFT,false,false,null
A_58f7436262d3,C_f47f26b6debc,NURSING_ASSISTANCE,null,null,DRAFT,false,false,null
A_55e33a7b64a0,C_1bc7be849fb2,Pflichtschulungen QN 1/2,2026-09-30 00:00:00,12M,ACTIVE,false,true,null
A_b99865960417,C_1bc7be849fb2,Pflichtschulungen Hauswirtschaft,2026-09-30 00:00:00,12M,ACTIVE,false,true,null
A_c836134e6002,C_72b9bcbe44f9,Pflegefachkräfte Pflichtunterweisungen,2026-09-30 00:00:00,12M,ACTIVE,false,true,null
A_038bb42c514f,C_1bc7be849fb2,Pflichtschulungen Sozialdienst,2026-09-30 00:00:00,12M,ACTIVE,false,true,null
A_3da2e2069ec1,C_1bc7be849fb2,Pflichtschulung Fahrdienst,2026-09-30 00:00:00,12M,ACTIVE,false,true,null
A_97da53e70e49,C_1bc7be849fb2,Pflichtschulung QN4,2026-09-30 00:00:00,12M,ACTIVE,false,true,null
A_82f7da3fa30f,C_1bc7be849fb2,Pflichtschulungen QN3,2026-09-30 00:00:00,12M,ACTIVE,false,true,null
A_484975022737,C_19a3712757ca,Expertenstandards Pflege,2026-12-31 00:00:00,12M,ACTIVE,false,true,null
A_3e5083de7934,C_19a3712757ca,Sicherheit und Datenschutz,2026-06-30 00:00:00,6M,ACTIVE,false,true,null
A_610f9e14f724,C_19a3712757ca,Pflichtschulung Küche und Service,2026-12-31 00:00:00,12M,ACTIVE,false,true,null
A_18155cf15932,C_19a3712757ca,Grundpflege und Pflegecharta,2026-10-31 00:00:00,12M,ACTIVE,false,true,null
A_b296f7659880,C_1bc7be849fb2,Pflichtschulung Administration,2026-09-30 00:00:00,12M,ACTIVE,false,true,null
A_d0ee9b227da7,C_1bc7be849fb2,Pflichtschulung QM,2026-09-30 00:00:00,12M,ACTIVE,false,true,null
A_b73bbb2d7632,C_d9f604b01c13,NURSE,2026-06-30 21:59:59,null,ACTIVE,false,false,null
A_fdccf5fea423,C_d9f604b01c13,DOMESTIC_SPECIALIST,null,null,DRAFT,false,false,null
A_f02c940a81de,C_d9f604b01c13,CARE_ASSISTANT_NURSE,null,null,DRAFT,false,false,null
A_add42af369d8,C_d9f604b01c13,SUPPLEMENTARY_HELP,null,null,DRAFT,false,false,null
A_13e5ab4bffd9,C_d9f604b01c13,NURSING_ASSISTANCE,null,null,DRAFT,false,false,null
A_5169acc3e594,C_d9f604b01c13,NOT_RELEVANT,null,null,DRAFT,false,false,null
A_cdb6d9b54d97,C_2553c0adbcf1,NURSE,null,null,DRAFT,false,false,null
A_a592f7f9e834,C_2553c0adbcf1,DOMESTIC_SPECIALIST,null,null,DRAFT,false,false,null
A_8a41d11a4396,C_2553c0adbcf1,CARE_ASSISTANT_NURSE,2026-04-09 21:59:59,null,ACTIVE,false,false,null
A_bf8e7b60c259,C_2553c0adbcf1,SUPPLEMENTARY_HELP,null,null,DRAFT,false,false,null
A_527e7730a536,C_2553c0adbcf1,NURSING_ASSISTANCE,null,null,DRAFT,false,false,null
A_eb9f86df88f7,C_2553c0adbcf1,NOT_RELEVANT,null,null,DRAFT,false,false,null
A_b851928f4fde,C_72b9bcbe44f9,Pflegefachkräfte,2027-01-01 00:00:00,12M,ACTIVE,false,true,null
A_de5f80f67a24,C_09daf3bd3e48,Benutzung Urinalkondom,2026-04-12 00:00:00,null,ACTIVE,false,false,null
A_fd345dec7d46,C_d75a91f8475f,Hauswirtschaft 26,2026-12-31 00:00:00,12M,ACTIVE,false,true,null
A_7b865c100885,C_cc91ae5f7c12,1,null,null,DRAFT,false,false,null
A_5c3d757b8ed1,C_72b9bcbe44f9,Pflege,2026-11-30 00:00:00,12M,ACTIVE,false,true,null
A_0a16a5d0a734,C_72b9bcbe44f9,Expertenstandards Pflege,2026-03-31 00:00:00,12M,ACTIVE,false,true,null
A_5328c2723e60,C_ddd7e8d138c7,Umgang mit Medikamenten,2026-05-31 00:00:00,null,ACTIVE,false,false,null
A_1763490fc4b5,C_2c1d54aa1f3d,NURSE,null,null,DRAFT,false,false,null
A_88dd09c08cd3,C_2c1d54aa1f3d,DOMESTIC_SPECIALIST,null,null,DRAFT,false,false,null
A_3821b22651ce,C_2c1d54aa1f3d,CARE_ASSISTANT_NURSE,null,null,DRAFT,false,false,null
A_0cea50532cb7,C_2c1d54aa1f3d,SUPPLEMENTARY_HELP,null,null,DRAFT,false,false,null
A_960d55b82a1c,C_2c1d54aa1f3d,NURSING_ASSISTANCE,null,null,DRAFT,false,false,null
A_130aabd7a3d8,C_2c1d54aa1f3d,NOT_RELEVANT,null,null,DRAFT,false,false,null
A_9b3546694c11,C_edddfbf6cf74,Pflichtschulung,2026-04-10 00:00:00,null,ACTIVE,false,false,null
A_231890bd1b38,C_edddfbf6cf74,Pflichtschulung,2026-04-10 00:00:00,null,ACTIVE,false,false,null
A_223e5e1be106,C_edddfbf6cf74,Pflichtschulung,2026-04-17 00:00:00,null,ACTIVE,false,false,null
A_33786ac4f92a,C_edddfbf6cf74,Pflichtschulung,2026-04-24 00:00:00,null,ACTIVE,false,false,null
A_8648766108aa,C_edddfbf6cf74,Pfichtschulung,2026-05-01 00:00:00,null,ACTIVE,false,false,null
A_9b787b0bd8c5,C_edddfbf6cf74,Pflichtschulung,2026-05-01 00:00:00,null,ACTIVE,false,false,null
A_ffa601365d6b,C_edddfbf6cf74,Pflichtschulung ,2026-05-08 00:00:00,null,ACTIVE,false,false,null
A_609efe3c6304,C_edddfbf6cf74,Pflichtschulung,2026-05-01 00:00:00,null,ACTIVE,false,false,null
A_ceac9dfc8adb,C_edddfbf6cf74,Pflichtschulung,2026-05-22 00:00:00,null,ACTIVE,false,false,null
A_b6b4444eb3a9,C_edddfbf6cf74,Pflichtschulung,2026-05-15 00:00:00,null,ACTIVE,false,false,null
A_e89fa31fb9da,C_114112f6dd0e,Pflichtfortbildugen - Pflegefachpersonal,null,null,DRAFT,false,false,null
A_0a30dd35b9d5,C_114112f6dd0e,Fachfortbildungen - Pflegehilfspersonal,null,null,DRAFT,false,false,null
A_732f6362ad2c,C_114112f6dd0e,Pflichtfortbildugen - Betreuungskräfte,null,null,DRAFT,false,false,null
A_bf52e9919cbc,C_114112f6dd0e,Fachfortbildungen - Betreuungskräfte,null,null,DRAFT,false,false,null
A_d55ed9ebfb68,C_83cfe8e40e85,Datenschutz und Schweigepflicht,2026-05-11 00:00:00,null,ACTIVE,false,false,null
A_c4d56cbf990c,C_83cfe8e40e85,Rückenschonendes Arbeiten,2026-06-15 00:00:00,null,ACTIVE,false,false,null
A_e633df8c043e,C_83cfe8e40e85,Dehydrationsprophylaxe,2026-07-15 00:00:00,null,ACTIVE,false,false,null
A_fcb9c33e268d,C_c433680f660b,Pflichtschulungen,null,null,DRAFT,false,false,null
A_952faa33a864,C_72b9bcbe44f9,Expertenstandard,2026-09-30 00:00:00,12M,ACTIVE,false,true,null
A_34b817711488,C_b4e035e5b1a7,Amb. Pflichtfortbildugen - Pflegefachpersonal,2026-04-03 00:00:00,null,ACTIVE,false,false,null
A_57254f6588ae,C_b4e035e5b1a7,Amb. Fachfortbildungen - Pflegefachpersonal,2026-04-03 00:00:00,null,ACTIVE,false,false,null
A_0ca1cc98d827,C_b4e035e5b1a7,Amb. Fachfortbildungen - Pflegehilfspersonal,2026-04-03 00:00:00,null,ACTIVE,false,false,null
A_a640851c7eab,C_b4e035e5b1a7,Amb. Pflichtfortbildugen - Pflegehilfspersonal,2026-04-02 00:00:00,null,ACTIVE,false,false,null
A_8112a67edd76,C_b4e035e5b1a7,Amb. Pflichtfortbildugen - Hauswirtschaftspersonal,2026-04-03 00:00:00,null,ACTIVE,false,false,null
A_d329263bea11,C_b4e035e5b1a7,Amb. Fachfortbildungen - Hauswirtschaftspersonal,2026-04-03 00:00:00,null,ACTIVE,false,false,null
A_b185544b8d31,C_b4e035e5b1a7,Sta. Pflichtfortbildugen - Pflegefachpersonal,2026-04-04 00:00:00,null,ACTIVE,false,false,null
A_48edaa7afd88,C_b4e035e5b1a7,Sta. Fachfortbildungen - Pflegefachpersonal,2026-04-04 00:00:00,null,ACTIVE,false,false,null
A_2ee05fba9059,C_b4e035e5b1a7,Sta. Pflichtfortbildugen - Pflegehilfspersonal,2026-04-04 00:00:00,null,ACTIVE,false,false,null
A_03d424388537,C_b4e035e5b1a7,Sta. Fachfortbildungen - Pflegehilfspersonal,2026-04-04 00:00:00,null,ACTIVE,false,false,null
A_66544bdfa24f,C_b4e035e5b1a7,Sta. Pflichtfortbildugen - Betreuungskräfte,2026-04-04 00:00:00,null,ACTIVE,false,false,null
A_b753210e03d0,C_b4e035e5b1a7,Sta. Fachfortbildungen - Betreuungskräfte,2026-04-04 00:00:00,null,ACTIVE,false,false,null
A_cb8172567fdf,C_b4e035e5b1a7,MVZ Pflichtfortbildungen - Ärztliches Personal,2026-04-05 00:00:00,null,ACTIVE,false,false,null
A_962a729e8b81,C_b4e035e5b1a7,MVZ Pflichtfortbildungen - Medizinische Fachangestellte,2026-04-05 00:00:00,null,ACTIVE,false,false,null
A_29fbcd9e5008,C_b4e035e5b1a7,MVZ Fachfortbildungen - Medizinische Fachangestellte,2026-04-05 00:00:00,null,ACTIVE,false,false,null
A_8edfe01abc92,C_1886e5e81228,Pflichtfortbildugen - Pflegefachpersonal,2026-04-01 00:00:00,null,ACTIVE,false,false,null
A_bdacbdfe0153,C_1886e5e81228,Fachfortbildungen - Pflegefachpersonal,2026-04-02 00:00:00,null,ACTIVE,false,false,null
A_c2111f3fe2da,C_1886e5e81228,Fachfortbildungen - Pflegehilfspersonal,2026-04-02 00:00:00,null,ACTIVE,false,false,null
A_cfc0c574beda,C_1886e5e81228,Pflichtfortbildugen - Pflegehilfspersonal,2026-04-01 00:00:00,null,ACTIVE,false,false,null
A_9abf08c89b2f,C_1886e5e81228,Pflichtfortbildugen - Hauswirtschaftspersonal,2026-04-04 00:00:00,null,ACTIVE,false,false,null
A_0a4df393a389,C_1886e5e81228,Fachfortbildungen - Hauswirtschaftspersonal,2026-03-31 00:00:00,null,ACTIVE,false,false,null
A_9cb9c3036849,C_9cf0740d13fc,Pflichtfortbildugen - Pflegefachpersonal,null,null,DRAFT,false,false,null
A_313878ca06ad,C_9cf0740d13fc,Pflichtfortbildugen - Pflegehilfspersonal,null,null,DRAFT,false,false,null
A_76147e70e820,C_9cf0740d13fc,Pflichtfortbildugen - Betreuungskräfte,null,null,DRAFT,false,false,null
A_e1df30262ef9,C_4e483ce5d93f,Pflichtfortbildugen - Pflegefachpersonal,null,null,DRAFT,false,false,null
A_6bbe7f137276,C_4e483ce5d93f,Fachfortbildungen - Pflegefachpersonal,null,null,DRAFT,false,false,null
A_4ee875a4479f,C_4e483ce5d93f,Fachfortbildungen - Pflegehilfspersonal,null,null,DRAFT,false,false,null
A_b8b2ff4db349,C_4e483ce5d93f,Pflichtfortbildugen - Pflegehilfspersonal,null,null,DRAFT,false,false,null
A_9a057d4f24c8,C_4e483ce5d93f,Pflichtfortbildugen - Hauswirtschaftspersonal,null,null,DRAFT,false,false,null
A_910ec449714d,C_4e483ce5d93f,Fachfortbildungen - Hauswirtschaftspersonal,null,null,DRAFT,false,false,null
A_64b761d59acb,C_9e03eaf0d00d,Pflichtfortbildungen - Ärztliches Personal,2026-05-01 00:00:00,null,ACTIVE,false,false,null
A_1938e273310c,C_9e03eaf0d00d,Pflichtfortbildungen - Medizinische Fachangestellte,2026-05-01 00:00:00,null,ACTIVE,false,false,null
A_b6301ff098a2,C_9e03eaf0d00d,Testschulungen,2026-05-01 00:00:00,12M,ACTIVE,false,true,null
A_6c22682ffec3,C_9e03eaf0d00d,IT Schulungen,2026-05-01 00:00:00,12M,ACTIVE,false,true,null
A_1cd22596485d,C_183ae2bd1b29,Pflichtfortbildugen - Pflegefachpersonal,null,null,DRAFT,false,false,null
A_5d382b1a0f4a,C_183ae2bd1b29,Fachfortbildungen - Pflegefachpersonal,null,null,DRAFT,false,false,null
A_d38bb08e29a7,C_183ae2bd1b29,Fachfortbildungen - Pflegehilfspersonal,null,null,DRAFT,false,false,null
A_b2907ed69dac,C_183ae2bd1b29,Pflichtfortbildugen - Pflegehilfspersonal,null,null,DRAFT,false,false,null
A_1f7d35946908,C_183ae2bd1b29,Pflichtfortbildugen - Hauswirtschaftspersonal,null,null,DRAFT,false,false,null
A_e014fddf83ae,C_183ae2bd1b29,Fachfortbildungen - Hauswirtschaftspersonal,null,null,DRAFT,false,false,null
A_3c8649602c5d,C_5199a6170070,2026 Hauswirtschaft,2026-06-30 00:00:00,null,ACTIVE,false,false,null
A_487546e1e0fb,C_72b9bcbe44f9,Expertenstandard,2026-10-31 00:00:00,12M,ACTIVE,false,true,null
A_55202fc09b8e,C_faf760da67e7,Pflichtfortbildugen - Betreuungskräfte,null,null,DRAFT,false,false,null
A_71db6beddbc2,C_faf760da67e7,Fachfortbildungen - Betreuungskräfte,null,null,DRAFT,false,false,null
A_5d9297268348,C_46d814b5a375,Schulung April 2026,2026-04-30 00:00:00,null,ACTIVE,false,false,null
A_622969eaa0a2,C_8b391db2f616,Pflichtschulung ,2026-05-09 00:00:00,null,ACTIVE,false,false,null
A_032696180062,C_8b391db2f616,Pflichtschulung ,2026-04-24 00:00:00,null,ACTIVE,false,false,null
A_8f515d318fb1,C_8b391db2f616,Pflichtschulung,2026-05-23 00:00:00,null,ACTIVE,false,false,null
A_4e5e070f339e,C_8b391db2f616,Pflichtschulung,2026-06-06 00:00:00,null,ACTIVE,false,false,null
A_ee77b7412868,C_8b391db2f616,Pflicht,2026-06-20 00:00:00,null,ACTIVE,false,false,null
A_d94db5fb8017,C_8b391db2f616,Pflicht,2026-07-04 00:00:00,null,ACTIVE,false,false,null
A_1844babe9d95,C_8b391db2f616,pflicht,2026-07-18 00:00:00,null,ACTIVE,false,false,null
A_f0d66ebd4008,C_8b391db2f616,Pflicht,2026-08-01 00:00:00,null,ACTIVE,false,false,null
A_8c4fe5c817ee,C_8b391db2f616,Pflicht,2026-08-15 00:00:00,null,ACTIVE,false,false,null
A_47678390fe70,C_8b391db2f616,pflicht,2026-08-29 00:00:00,null,ACTIVE,false,false,null
A_aa95cd2de5f4,C_8b391db2f616,pflicht,2026-09-12 00:00:00,null,ACTIVE,false,false,null
A_c6817114df8a,C_8b391db2f616,Pflicht,2026-09-26 00:00:00,null,ACTIVE,false,false,null
A_e47365940fb2,C_8b391db2f616,Pflicht,2026-10-10 00:00:00,null,ACTIVE,false,false,null
A_13519b592a79,C_8b391db2f616,Pflicht,2026-10-10 00:00:00,null,ACTIVE,false,false,null
A_62c288991e44,C_8b391db2f616,Pflicht,2026-10-24 00:00:00,null,ACTIVE,false,false,null
A_7951c5dace3c,C_8b391db2f616,Pflicht,2026-11-07 00:00:00,null,ACTIVE,false,false,null
A_5a753c788f81,C_8b391db2f616,Pflicht,2026-11-21 00:00:00,null,ACTIVE,false,false,null
A_a48d3bf367df,C_8b391db2f616,Pflicht,2026-05-16 00:00:00,null,ACTIVE,false,false,null
A_1b8fb3ab9774,C_8b391db2f616,Pflicht,2026-12-05 00:00:00,null,ACTIVE,false,false,null
A_1b44da10d403,C_8b391db2f616,Pflicht,2026-12-19 00:00:00,null,ACTIVE,false,false,null
A_2d1b11538ba8,C_a537a639af02,Pflichtfortbildugen - Pflegefachpersonal,null,null,DRAFT,false,false,null
A_098736a93ee3,C_a537a639af02,Fachfortbildungen - Pflegefachpersonal,null,null,DRAFT,false,false,null
A_426b3aa0fbb2,C_a537a639af02,Fachfortbildungen - Pflegehilfspersonal,null,null,DRAFT,false,false,null
A_2f46af0aba6d,C_a537a639af02,Pflichtfortbildugen - Pflegehilfspersonal,null,null,DRAFT,false,false,null
A_35758f3b271e,C_a537a639af02,Pflichtfortbildugen - Hauswirtschaftspersonal,null,null,DRAFT,false,false,null
A_f5d2c6ca426d,C_a537a639af02,Fachfortbildungen - Hauswirtschaftspersonal,null,null,DRAFT,false,false,null
A_d635de02ec54,C_0a331314796b,Pflichtfortbildungen,null,12M,DRAFT,false,true,null
A_38d4ad651260,C_369945e49cff,Fachfortbildungen - Pflegefachpersonal,2026-04-21 00:00:00,null,ACTIVE,false,false,null
A_af58582677e9,C_369945e49cff,Fachfortbildungen - Pflegehilfspersonal,null,null,DRAFT,false,false,null
A_33e4247e6796,C_8b4dbeb45293,Pflichtschulungen ,null,null,DRAFT,false,false,null
A_b2519a15f87a,C_59a46ab52210,Pflichtfortbildugen - Pflegefachpersonal,null,null,DRAFT,false,false,null
A_9b5c986b0770,C_59a46ab52210,Fachfortbildungen - Pflegefachpersonal,null,null,DRAFT,false,false,null
A_9e3a34e2c3d5,C_e164a919ea28,Pflichtfortbildugen - Pflegefachpersonal,null,null,DRAFT,false,false,null
A_bd37348e9aad,C_e164a919ea28,Fachfortbildungen - Pflegefachpersonal,null,null,DRAFT,false,false,null
A_5ba79b98082f,C_e164a919ea28,Fachfortbildungen - Pflegehilfspersonal,null,null,DRAFT,false,false,null
A_c4c1bd0e5004,C_e164a919ea28,Pflichtfortbildugen - Pflegehilfspersonal,null,null,DRAFT,false,false,null
A_7193b12b6388,C_da71e2b88763,Behandlungspflege,2026-12-31 00:00:00,null,ACTIVE,false,false,null
A_548a0b0e410f,C_da71e2b88763,Kommunikation,2026-08-31 00:00:00,null,ACTIVE,false,false,null
A_033b70ac15f4,C_da71e2b88763,Arbeitsschutz/Sicherheit,2026-10-31 00:00:00,null,ACTIVE,false,false,null
A_0a0c6433f4a0,C_da71e2b88763,Expertenstandard Kontinenzförderung in der Pflege,2026-05-06 00:00:00,null,ACTIVE,false,false,null
A_6742df5ed3d1,C_da71e2b88763,"Hygiene, Infektionsprävention und pflegerische Standards",2026-05-31 00:00:00,null,ACTIVE,false,false,null
A_d3afa384e1dd,C_da71e2b88763,Notfallmanagment/Krisensituationen,2026-07-31 00:00:00,null,ACTIVE,false,false,null
A_1f3a020f8900,C_da71e2b88763,Dokumentation/Datenschutz/QM,2026-09-30 00:00:00,null,ACTIVE,false,false,null
A_40ae01d2ed31,C_dbb3f915f473,Pflichtfortbildugen - Pflegefachpersonal,null,null,DRAFT,false,false,null
A_826f432132fa,C_dbb3f915f473,Fachfortbildungen - Pflegefachpersonal,null,null,DRAFT,false,false,null
A_0fd56ac735ef,C_dbb3f915f473,Fachfortbildungen - Pflegehilfspersonal,null,null,DRAFT,false,false,null
A_b60478f6bd36,C_dbb3f915f473,Pflichtfortbildugen - Pflegehilfspersonal,null,null,DRAFT,false,false,null
A_f06f9b2806fa,C_47b2e15eb70f,Wer kann der will,2026-12-31 00:00:00,null,ACTIVE,false,false,null
A_d447e7fd113c,C_840e836b13cb,Pflichtfortbildugen - Pflegefachpersonal,null,null,DRAFT,false,false,null
A_8d1a5dae839b,C_840e836b13cb,Fachfortbildungen - Pflegefachpersonal,null,null,DRAFT,false,false,null
A_92425f8c3dae,C_840e836b13cb,Fachfortbildungen - Pflegehilfspersonal,null,null,DRAFT,false,false,null
A_5726d7dfe1d4,C_840e836b13cb,Pflichtfortbildugen - Pflegehilfspersonal,null,null,DRAFT,false,false,null
A_c08c7b576aaa,C_840e836b13cb,Pflichtfortbildugen - Hauswirtschaftspersonal,null,null,DRAFT,false,false,null
A_19e6e15e063f,C_840e836b13cb,Fachfortbildungen - Hauswirtschaftspersonal,null,null,DRAFT,false,false,null
A_a2258a8e921d,C_4a1ac8b0a1b1,Pflichtschulungen Pflege,null,null,DRAFT,false,false,null
A_a4f393e90701,C_da71e2b88763,Pflegefachliche Standards/Expertenstandards,2026-06-30 00:00:00,null,ACTIVE,false,false,null
A_dd63440da4b2,C_a537a639af02,Expertenstandard Demenz,2026-05-08 00:00:00,12M,ACTIVE,false,true,null
A_d0a04b0f4c75,C_a537a639af02,Expertenstandard Ernährung,2026-05-29 00:00:00,12M,ACTIVE,false,true,null
A_f9b946eb2a3b,C_a537a639af02,Expertenstandard Mundgesundheit,2026-05-29 00:00:00,12M,ACTIVE,false,true,null
A_4798219a5c8e,C_a537a639af02,Expertenstandard Sturz,2026-06-24 00:00:00,12M,ACTIVE,false,true,null
A_46bfe1bb3416,C_a537a639af02,Expertenstandard Mobilität,2026-06-24 00:00:00,12M,ACTIVE,false,true,null
A_5728b8afb1b6,C_a537a639af02,Expertenstandard Kontinenz,2026-08-28 00:00:00,12M,ACTIVE,false,true,null
A_ff14f833bc45,C_a537a639af02,Expertenstandard Entlassmanagement,2026-09-25 00:00:00,12M,ACTIVE,false,true,null
A_21cc274245d6,C_a537a639af02,Expertenstandard Schmerz,2027-01-22 00:00:00,12M,ACTIVE,false,true,null
A_fbba51c0648b,C_a537a639af02,Expertenstandard Dekubitus und chronische Wunden,2027-02-26 00:00:00,12M,ACTIVE,false,true,null
A_f7f89f58aefb,C_a537a639af02,Expertenstandard Hautintegrität,2027-02-26 00:00:00,12M,ACTIVE,false,true,null
A_b1c8630a18b4,C_98a2db58f3b8,Pflegefachkräfte und Pflegehilfskräfte 2. Quartal ,2026-06-30 00:00:00,null,ACTIVE,false,false,null
A_2d3ae3499fec,C_a537a639af02,Arzneimittel + BTM,2026-05-21 00:00:00,12M,ACTIVE,false,true,null
A_25e00d10e075,C_a537a639af02,Kommunikation,2026-10-14 00:00:00,12M,ACTIVE,false,true,null
A_406441b8861c,C_a537a639af02,Patientendokumentation,2026-11-17 00:00:00,12M,ACTIVE,false,true,null
A_d89712555dee,C_a537a639af02,Diabetes mellitus - Typ 2,2026-07-31 00:00:00,12M,ACTIVE,false,true,null
A_9b39f08b8ced,C_fcc053f19146,Schulung Demenz,2026-08-31 00:00:00,null,ACTIVE,false,false,null
A_88aa090ca44b,C_fcc053f19146,Expertenstandard,2026-06-30 00:00:00,null,ACTIVE,false,false,null
A_29515c170fb6,C_76b120f0317e,Pflichtfortbildungen - Ärztliches Personal,2026-05-17 00:00:00,null,ACTIVE,false,false,null
A_559e5e6506e4,C_76b120f0317e,Pflichtfortbildungen - Medizinische Fachangestellte,2026-05-17 00:00:00,null,ACTIVE,false,false,null
A_9bc197915295,C_76b120f0317e,Fachfortbildungen - Medizinische Fachangestellte,null,null,DRAFT,false,false,null
A_7c7318a8074e,C_114112f6dd0e,Deutschkurse,2026-11-30 00:00:00,null,ACTIVE,false,false,null
A_f6634986e82d,C_114112f6dd0e,Pflichtkurse Pflegehilfskräfte,2026-11-30 00:00:00,null,ACTIVE,false,false,null
A_cad30be8e62f,C_76b120f0317e,Pflichtschulungen,null,12M,DRAFT,false,true,null
A_3df3a91423bb,C_ee497ffbb6f4,Pflichtschulungen,null,null,DRAFT,false,false,null
A_43158855011e,C_3c974d765357,Pflichtfortbildungen - Ärztliches Personal,null,null,DRAFT,false,false,null
A_c8b9b021279c,C_3c974d765357,Unterweisung,2026-12-31 00:00:00,12M,ACTIVE,false,true,null
A_84689cb5ca4c,C_eb180882944c,NURSE,null,null,DRAFT,false,false,null
A_04f43b8ceddd,C_eb180882944c,DOMESTIC_SPECIALIST,null,null,DRAFT,false,false,null
A_577b93e1d254,C_eb180882944c,CARE_ASSISTANT_NURSE,null,null,DRAFT,false,false,null
A_23afd7b5b0ca,C_eb180882944c,SUPPLEMENTARY_HELP,null,null,DRAFT,false,false,null
A_c7c00a7bdb62,C_eb180882944c,NURSING_ASSISTANCE,null,null,DRAFT,false,false,null
A_104debcc0941,C_eb180882944c,NOT_RELEVANT,null,null,DRAFT,false,false,null
A_67d1ef625dee,C_09bbcacd93f2,Pflichtfortbildugen - Pflegefachpersonal,null,null,DRAFT,false,false,null
A_67a1b77a6673,C_09bbcacd93f2,Pflichtfortbildugen - Pflegehilfspersonal,null,null,DRAFT,false,false,null
A_d62815eb5ba2,C_09bbcacd93f2,Pflichtfortbildugen - Hauswirtschaftspersonal,2026-05-10 00:00:00,null,ACTIVE,false,false,null
A_654c3b9bf1d7,C_0a331314796b,test,2026-12-31 00:00:00,null,ACTIVE,false,false,null
A_397110d4115a,C_0a331314796b,test123231,2026-05-05 00:00:00,6M,ACTIVE,false,true,null
A_0b0726fc741e,C_8de6a2f81ec0,Onboarding,2026-05-13 00:00:00,null,ACTIVE,false,false,null
A_9b34745d5454,C_ca3f83668896,Pflichtfortbildung AKI,2026-11-15 00:00:00,12M,ACTIVE,false,true,null
A_c43d21341cba,C_e268b2c34ab0,Wissenswertes,null,null,DRAFT,false,false,null
A_7ebe5c37eaf9,C_e268b2c34ab0,Wissenswertes ,2026-10-31 00:00:00,null,ACTIVE,false,false,null
A_6e843ff48c6d,C_acb4a4801c63,Pflichtfortbildugen - Pflegefachpersonal,null,null,DRAFT,false,false,null
A_16560416925b,C_acb4a4801c63,Fachfortbildungen - Pflegefachpersonal,null,null,DRAFT,false,false,null
A_37cd47a612f3,C_acb4a4801c63,Pflichtfortbildugen - Pflegehilfspersonal,null,null,DRAFT,false,false,null
A_b46c4f586469,C_acb4a4801c63,Fachfortbildungen - Pflegehilfspersonal,null,null,DRAFT,false,false,null
A_f0423ea9d8ea,C_acb4a4801c63,Pflichtfortbildugen - Betreuungskräfte,null,null,DRAFT,false,false,null
A_05296c70333f,C_acb4a4801c63,Fachfortbildungen - Betreuungskräfte,null,null,DRAFT,false,false,null
A_a2d5b776a933,C_4a1ac8b0a1b1,Beschwerdemanagement Konzept,null,null,DRAFT,false,false,null
A_19ceab825759,C_6ad9f6324269,Brandschutz,2026-09-30 00:00:00,null,ACTIVE,false,false,null
A_3e664f3b0b7e,C_0a331314796b,tptptptptptptp,2026-05-15 00:00:00,24M,ACTIVE,false,true,null
A_b6ef42605790,C_2f858ff5d325,NURSE,null,null,DRAFT,false,false,null
A_db5d24ff5e04,C_2f858ff5d325,DOMESTIC_SPECIALIST,null,null,DRAFT,false,false,null
A_ae8577a1535b,C_2f858ff5d325,CARE_ASSISTANT_NURSE,null,null,DRAFT,false,false,null
A_eaa1f86e4c33,C_2f858ff5d325,SUPPLEMENTARY_HELP,null,null,DRAFT,false,false,null
A_980ec15fc358,C_2f858ff5d325,NURSING_ASSISTANCE,null,null,DRAFT,false,false,null
A_efb19bfaeb47,C_2f858ff5d325,NOT_RELEVANT,null,null,DRAFT,false,false,null
A_5d3ab18fbcbc,C_21734d40d7da,Pflicht,2026-05-17 00:00:00,null,ACTIVE,false,false,null
A_90829a3502f8,C_21734d40d7da,pflicht,2026-05-31 00:00:00,null,ACTIVE,false,false,null
A_1d6ccfb7e2e4,C_21734d40d7da,pflicht,2026-05-31 00:00:00,null,ACTIVE,false,false,null
A_e6eb812e6202,C_21734d40d7da,pflicht,2026-07-12 00:00:00,12M,ACTIVE,false,true,null
A_51fe7e033b3f,C_21734d40d7da,pflicht,2026-05-31 00:00:00,null,ACTIVE,false,false,null
A_ed5cc2ff3c03,C_6a5b149856b0,Pflichtschulung Hauswirtschaft 2026,2026-11-30 00:00:00,null,ACTIVE,false,false,null
A_8ddb6b05c94b,C_db485fc29389,Behandlungspflege,2027-12-31 00:00:00,24M,ACTIVE,false,true,null
A_4dcaf8c5b856,C_db485fc29389,Außerklinische Intensivpflege,2027-12-31 00:00:00,24M,ACTIVE,false,true,null
A_c24806faf4c8,C_db485fc29389,Hygiene,2027-12-31 00:00:00,24M,ACTIVE,false,true,null
A_981be60a1dc0,C_9d73330ca832,Pflichtfortbildugen - Pflegefachpersonal,null,null,DRAFT,false,false,null
A_01865a556b9d,C_9d73330ca832,Fachfortbildungen - Pflegefachpersonal,null,null,DRAFT,false,false,null
A_877b034341a2,C_9d73330ca832,Fachfortbildungen - Pflegehilfspersonal,null,null,DRAFT,false,false,null
A_5d07e4792d18,C_9d73330ca832,Pflichtfortbildugen - Pflegehilfspersonal,null,null,DRAFT,false,false,null
A_621ea8719d78,C_9d73330ca832,Pflichtfortbildugen - Hauswirtschaftspersonal,null,null,DRAFT,false,false,null
A_f0253b266fe5,C_9d73330ca832,Fachfortbildungen - Hauswirtschaftspersonal,null,null,DRAFT,false,false,null
A_e40c0726baaf,C_9d73330ca832,Pflichtschulung Erste Hilfe,2026-05-16 00:00:00,null,ACTIVE,false,false,null
A_c0a2ac8ea107,C_0a331314796b,test Pflichtfortbildung,2026-08-31 00:00:00,null,ACTIVE,false,false,null
A_59d9600a8fbc,C_6e562c41d91c,NURSING_ASSISTANCE,null,null,DRAFT,false,false,null
A_bf86169bf9e1,C_6e562c41d91c,SUPPLEMENTARY_HELP,null,null,DRAFT,false,false,null
A_3ac0b3c6dc9a,C_6e562c41d91c,CARE_ASSISTANT_NURSE,null,null,DRAFT,false,false,null
A_68bd14c2455f,C_6e562c41d91c,DOMESTIC_SPECIALIST,null,null,DRAFT,false,false,null
A_89298c17697c,C_6e562c41d91c,NURSE,null,null,DRAFT,false,false,null
A_8d3b97bb73b2,C_76b120f0317e,Pflichtfortbildung,2026-06-08 00:00:00,12M,ACTIVE,false,true,null
A_1822c078f2cd,C_76b120f0317e,Pflichtfortbildung,2026-06-08 00:00:00,12M,ACTIVE,false,true,null
A_ab8a1177ac0a,C_da71e2b88763,Pflegepraxis/Prophylaxen,2026-11-30 00:00:00,null,ACTIVE,false,false,null
A_889c3e60d0d7,C_9d73330ca832,"Medikamentengabe, Kompressionsstrümpfe, Insulininjektion, ",2026-05-28 00:00:00,6M,ACTIVE,false,true,null
A_8babab09980a,C_9d73330ca832,"Medigabe, Kompressionsstrümpfe, Schmerzpflaster",2026-05-22 00:00:00,null,ACTIVE,false,false,null
A_7a6c92cd0cc0,C_9d73330ca832,"Kompressionsstrümpfe, Medigabe, Schmerzpflaster",null,null,DRAFT,false,false,null
A_ed4b7322b213,C_9d73330ca832,"Demenz, chronische Wunden",2026-05-22 00:00:00,null,ACTIVE,false,false,null
A_fcdd46bc40ec,C_6e562c41d91c,NOT_RELEVANT,2026-09-30 21:59:59,null,ACTIVE,false,false,null
A_3b25b5b7895b,C_6ace543b5f9e,NURSING_ASSISTANCE,null,null,DRAFT,false,false,null
A_2fe17a19297e,C_6ace543b5f9e,CARE_ASSISTANT_NURSE,null,null,DRAFT,false,false,null
A_980f4493f8a6,C_199ad359152d,NOT_RELEVANT,null,null,DRAFT,false,false,null
A_e4d4b71b6083,C_199ad359152d,NURSING_ASSISTANCE,null,null,DRAFT,false,false,null
A_a4e18f7dde4b,C_199ad359152d,SUPPLEMENTARY_HELP,null,null,DRAFT,false,false,null
A_fdf8c10b3759,C_199ad359152d,CARE_ASSISTANT_NURSE,null,null,DRAFT,false,false,null
A_16eb6ced44f9,C_199ad359152d,DOMESTIC_SPECIALIST,null,null,DRAFT,false,false,null
A_2878be31f062,C_887586981578,Fachfortbildungen - Medizinische Fachangestellte,null,null,DRAFT,false,false,null
A_50b01d413256,C_887586981578,Pflichtfortbildungen - Medizinische Fachangestellte,null,null,DRAFT,false,false,null
A_99121d7eea70,C_887586981578,Pflichtfortbildungen - Ärztliches Personal,null,null,DRAFT,false,false,null
A_9b216d110fd0,C_9d73330ca832,Diabetes ,2026-07-31 00:00:00,6M,ACTIVE,false,true,null
A_ffbe7d67426d,C_9eaa03b8ffe0,Fachfortbildungen - Hauswirtschaftspersonal,null,null,DRAFT,false,false,null
A_bbfa4441caa0,C_9eaa03b8ffe0,Pflichtfortbildugen - Hauswirtschaftspersonal,null,null,DRAFT,false,false,null
A_75003247d16f,C_9eaa03b8ffe0,Pflichtfortbildugen - Pflegehilfspersonal,null,null,DRAFT,false,false,null
A_6856e415452e,C_9eaa03b8ffe0,Fachfortbildungen - Pflegehilfspersonal,null,null,DRAFT,false,false,null
A_e5fe7e7300f9,C_9eaa03b8ffe0,Fachfortbildungen - Pflegefachpersonal,null,null,DRAFT,false,false,null
A_1dac5f7eb279,C_9eaa03b8ffe0,Pflichtfortbildugen - Pflegefachpersonal,null,null,DRAFT,false,false,null
A_b0f4063e3545,C_83cfe8e40e85,DNQP Förderung der Hautintegrität in der Pflege,2026-09-15 00:00:00,null,ACTIVE,false,false,null
A_2bb91e33dea6,C_83cfe8e40e85,Sterbebegleitung,2026-12-15 00:00:00,null,ACTIVE,false,false,null
A_2d8500937aa5,C_83cfe8e40e85,Diabetes Mellitus,2026-11-15 00:00:00,null,ACTIVE,false,false,null
A_2fc0636f810b,C_83cfe8e40e85,DNQP Beziehungsgestaltung im Umgang mit demenziell erkrankten Menschen,2026-10-15 00:00:00,null,ACTIVE,false,false,null
A_cce75c547564,C_83cfe8e40e85,DNQP Sicherstellung und Förderung der oralen Ernährung,2026-09-15 00:00:00,null,ACTIVE,false,false,null
A_f23c680655c7,C_83188b96eba5,Pflichtschulungen,null,null,DRAFT,false,false,null
A_de726f96a115,C_83188b96eba5,Fachfortbildungen - Hauswirtschaftspersonal,null,null,DRAFT,false,false,null
A_20f1322e993c,C_83188b96eba5,Fachfortbildungen - Pflegehilfspersonal,null,null,DRAFT,false,false,null
A_e349e492dc29,C_83188b96eba5,Fachfortbildungen - Pflegefachpersonal,2026-09-30 00:00:00,null,ACTIVE,false,false,null
A_889c07b3d11f,C_83188b96eba5,Pflichtfortbildugen - Pflegefachpersonal,2026-09-30 00:00:00,null,ACTIVE,false,false,null
A_8f040755ab44,C_0a331314796b,test,2026-05-28 00:00:00,null,ACTIVE,false,false,null
A_8045c1eb9c3c,C_9d73330ca832,Pflichtschulungen (Fachpersonal),2026-09-30 00:00:00,6M,ACTIVE,false,true,null
A_a0d536bceb9b,C_9d73330ca832,Pflichtschulungen (Pflegeassistenten),2026-09-30 00:00:00,6M,ACTIVE,false,true,null
A_b9042913b51d,C_0a331314796b,Leichte Sprache,2024-12-31 00:00:00,12M,ARCHIVED,false,true,null
A_b9042913b51d,C_0a331314796b,Leichte Sprache,2024-12-31 00:00:00,12M,ACTIVE,false,true,null
A_ba73eb02e59b,C_0a331314796b,Test Andre,2024-12-27 00:00:00,null,ARCHIVED,false,false,null
A_ba73eb02e59b,C_0a331314796b,Test Andre,2024-12-27 00:00:00,null,ACTIVE,false,false,null
A_176ba5ddaa00,C_0a331314796b,Schmerzbeurteilung,2024-10-22 00:00:00,null,ARCHIVED,false,false,null
A_176ba5ddaa00,C_0a331314796b,Schmerzbeurteilung,2024-10-22 00:00:00,null,ACTIVE,false,false,null
A_8de8d4df17d2,C_0a331314796b,Test,2024-12-31 00:00:00,12M,ARCHIVED,false,true,null
A_8de8d4df17d2,C_0a331314796b,Test,2024-12-31 00:00:00,12M,ACTIVE,false,true,null
A_c6260928ec0f,C_0a331314796b,Alle Ärzte Pflichtfortbildungen,2024-12-31 00:00:00,12M,ARCHIVED,false,true,null
A_c6260928ec0f,C_0a331314796b,Alle Ärzte Pflichtfortbildungen,2024-12-31 00:00:00,12M,ACTIVE,false,true,null
A_7370fe0e05ac,C_0a331314796b,18.09.2024 CM,2024-12-31 00:00:00,null,ARCHIVED,false,false,null
A_7370fe0e05ac,C_0a331314796b,18.09.2024 CM,2024-12-31 00:00:00,null,ACTIVE,false,false,null
A_270a1af2e442,C_0a331314796b,test file ,2024-10-04 00:00:00,null,ARCHIVED,false,false,null
A_270a1af2e442,C_0a331314796b,test file ,2024-10-04 00:00:00,null,ACTIVE,false,false,null
A_c0dee01576b8,C_0a331314796b,te,2024-08-29 00:00:00,6M,ARCHIVED,false,true,null
A_c0dee01576b8,C_0a331314796b,te,2024-08-29 00:00:00,6M,ACTIVE,false,true,null
A_938410c44da7,C_0a331314796b,test feedback,2024-10-04 00:00:00,null,ARCHIVED,false,false,null
A_938410c44da7,C_0a331314796b,test feedback,2024-10-04 00:00:00,null,ACTIVE,false,false,null
A_4d19f8e9d644,C_0a331314796b,xyz,2025-01-24 00:00:00,null,ARCHIVED,false,false,null
A_4d19f8e9d644,C_0a331314796b,xyz,2025-01-24 00:00:00,null,ACTIVE,false,false,null
A_a6715e4cd422,C_0a331314796b,Pflichtfortbildungen ambulant,2024-12-31 00:00:00,12M,ARCHIVED,false,true,null
A_a6715e4cd422,C_0a331314796b,Pflichtfortbildungen ambulant,2024-12-31 00:00:00,12M,ACTIVE,false,true,null
A_676d5641c80f,C_0a331314796b,Attachment Test,2024-09-30 00:00:00,null,ARCHIVED,false,false,null
A_676d5641c80f,C_0a331314796b,Attachment Test,2024-09-30 00:00:00,null,ACTIVE,false,false,null
A_aad3921632b5,C_0a331314796b,Test Bärcare,2024-12-31 00:00:00,12M,ARCHIVED,false,true,null
A_aad3921632b5,C_0a331314796b,Test Bärcare,2024-12-31 00:00:00,12M,ACTIVE,false,true,null
A_b735c120c53a,C_0a331314796b,Expertenstandards,2023-09-15 02:00:00,6M,ARCHIVED,false,true,null
A_b735c120c53a,C_0a331314796b,Expertenstandards,2023-09-15 02:00:00,6M,ACTIVE,false,true,null
A_f3a08fd378f3,C_0a331314796b,Pflichtfortbildungen,2023-06-28 00:00:00,null,ARCHIVED,false,false,null
A_f3a08fd378f3,C_0a331314796b,Pflichtfortbildungen,2023-06-28 00:00:00,null,ACTIVE,false,false,null
A_f78ba99eca5c,C_723929274eed,Fachfortbildungen - Betreuungskräfte,null,null,DRAFT,false,false,null
A_57db64a43c87,C_723929274eed,Pflichtfortbildugen - Betreuungskräfte,null,null,DRAFT,false,false,null
A_9cef9ddcdab5,C_723929274eed,Fachfortbildungen - Pflegehilfspersonal,null,null,DRAFT,false,false,null
A_2611debc779f,C_723929274eed,Pflichtfortbildugen - Pflegehilfspersonal,null,null,DRAFT,false,false,null
A_1ad5b0eb322b,C_723929274eed,Fachfortbildungen - Pflegefachpersonal,null,null,DRAFT,false,false,null
A_0e0883e8f686,C_723929274eed,Pflichtfortbildugen - Pflegefachpersonal,null,null,DRAFT,false,false,null
A_facef72694b7,C_0a331314796b,test Mathias,2026-12-31 00:00:00,null,ACTIVE,false,false,null
A_dabf974d5ced,C_0a331314796b,Kontiförderung Test,2026-06-30 00:00:00,null,ACTIVE,false,false,null
A_a98a0b3b7ec2,C_c399da126eb1,Expertenstandard Schmerz,2026-07-31 00:00:00,null,ACTIVE,false,false,null
A_fa75556e3bd1,C_c399da126eb1,Expertenstandard Demenz,2026-06-30 00:00:00,null,ACTIVE,false,false,null
A_ac992be8adb1,C_9e880dcac359,Fachfortbildungen - Betreuungskräfte,null,null,DRAFT,false,false,null
A_5b0064d420e7,C_9e880dcac359,Pflichtfortbildugen - Betreuungskräfte,null,null,DRAFT,false,false,null
A_8d27dfcd81f7,C_9e880dcac359,Fachfortbildungen - Pflegehilfspersonal,null,null,DRAFT,false,false,null
A_400c273a629f,C_9e880dcac359,Pflichtfortbildugen - Pflegehilfspersonal,null,null,DRAFT,false,false,null
A_1f21f502863f,C_9e880dcac359,Fachfortbildungen - Pflegefachpersonal,2026-06-09 00:00:00,null,ACTIVE,false,false,null
A_df2caecee1fa,C_9e880dcac359,Pflichtfortbildugen - Pflegefachpersonal,null,null,DRAFT,false,false,null
A_720181b2bf66,C_8de6a2f81ec0,Expertenstandards 2026,2026-07-12 00:00:00,12M,ACTIVE,false,true,null
A_cf0e3f460853,C_9d73330ca832,Blutdruck,2026-11-30 00:00:00,6M,ACTIVE,false,true,null
A_90e1a95ba464,C_f0f4a08afe1e,Leitungen Pflichtschulungen,2026-11-30 00:00:00,null,ACTIVE,false,false,null
A_17642fcc17d5,C_f0f4a08afe1e,Reinigung Pflichtschulungen,2026-11-30 00:00:00,null,ACTIVE,false,false,null
A_6db5cf28b90a,C_f0f4a08afe1e,Verwaltung Pflichtschulung,2026-11-30 00:00:00,null,ACTIVE,false,false,null
A_6b5535b69e96,C_f0f4a08afe1e,Beschäftigung Pflichtschulungen,2026-11-30 00:00:00,null,ACTIVE,false,false,null
A_c0d3656c92c2,C_f0f4a08afe1e,Pflege Pflichtschulungen,2026-11-30 00:00:00,null,ACTIVE,false,false,null
A_83af5308358e,C_f0f4a08afe1e,WBH Pflichtschulungen,2026-11-30 00:00:00,null,ACTIVE,false,false,null
A_37207ea0bb0b,C_f0f4a08afe1e,Küche Pflichtschulungen,2026-11-30 00:00:00,null,ACTIVE,false,false,null
A_98fb52a8c505,C_7ce6d7defeee,NOT_RELEVANT,null,null,DRAFT,false,false,null
A_e228b90cbb1f,C_7ce6d7defeee,SUPPLEMENTARY_HELP,null,null,DRAFT,false,false,null
A_db3d2b2a2c17,C_7ce6d7defeee,CARE_ASSISTANT_NURSE,null,null,DRAFT,false,false,null
A_6c775ddfb051,C_7ce6d7defeee,DOMESTIC_SPECIALIST,null,null,DRAFT,false,false,null
A_e01069536f29,C_7ce6d7defeee,NURSE,null,null,DRAFT,false,false,null
A_9d964e812dc2,C_99d69ff75bd5,NOT_RELEVANT,null,null,DRAFT,false,false,null
A_903adf9c4d70,C_99d69ff75bd5,NURSING_ASSISTANCE,null,null,DRAFT,false,false,null
A_7b4619f7d4a2,C_99d69ff75bd5,SUPPLEMENTARY_HELP,null,null,DRAFT,false,false,null
A_2185c0a51ddc,C_99d69ff75bd5,CARE_ASSISTANT_NURSE,null,null,DRAFT,false,false,null
A_e361bb9fb081,C_99d69ff75bd5,DOMESTIC_SPECIALIST,null,null,DRAFT,false,false,null
A_0b1b7203442f,C_485c80826dc0,Pflichtfortbildugen - Hauswirtschaftspersonal,null,null,DRAFT,false,false,null
A_009c229e7555,C_485c80826dc0,Pflichtfortbildugen - Pflegefachpersonal,null,null,DRAFT,false,false,null
A_a74a4503a9d9,C_f0f4a08afe1e,Beschäftigungstherape Pflichtschulungen,2025-12-31 00:00:00,12M,ARCHIVED,false,true,null
A_a74a4503a9d9,C_f0f4a08afe1e,Beschäftigungstherape Pflichtschulungen,2025-12-31 00:00:00,12M,ACTIVE,false,true,null
A_8c21398d029c,C_f0f4a08afe1e,Reinigung,2025-12-31 00:00:00,12M,ARCHIVED,false,true,null
A_8c21398d029c,C_f0f4a08afe1e,Reinigung,2025-12-31 00:00:00,12M,ACTIVE,false,true,null
A_f605cc4881b7,C_f0f4a08afe1e,Pflichtfortbildungen Küche,2025-11-30 00:00:00,12M,ARCHIVED,false,true,null
A_f605cc4881b7,C_f0f4a08afe1e,Pflichtfortbildungen Küche,2025-11-30 00:00:00,12M,ACTIVE,false,true,null
A_1ffb1195619f,C_f0f4a08afe1e,Pflichtfortbildungen Pflegefachkraft,2025-11-30 00:00:00,12M,ARCHIVED,false,true,null
A_1ffb1195619f,C_f0f4a08afe1e,Pflichtfortbildungen Pflegefachkraft,2025-11-30 00:00:00,12M,ACTIVE,false,true,null
A_096770366ce6,C_f0f4a08afe1e,Pflichtfortbildungen Wohnbereichshilfe,2025-11-30 00:00:00,12M,ARCHIVED,false,true,null
A_096770366ce6,C_f0f4a08afe1e,Pflichtfortbildungen Wohnbereichshilfe,2025-11-30 00:00:00,12M,ACTIVE,false,true,null
A_7bd497d0514a,C_8de6a2f81ec0,Pro on the Go,2024-10-17 00:00:00,null,ACTIVE,false,false,null
A_7bd497d0514a,C_8de6a2f81ec0,Pro on the Go,2024-10-17 00:00:00,null,ACTIVE,false,false,null
A_f155064719b5,C_713ed33429aa,LKS,2026-06-16 00:00:00,null,ACTIVE,false,false,null
A_cc3da147ddd2,C_713ed33429aa,Fachfortbildungen - Hauswirtschaftspersonal,null,null,DRAFT,false,false,null
A_80f3ef357111,C_713ed33429aa,Pflichtfortbildugen - Hauswirtschaftspersonal,null,null,DRAFT,false,false,null
A_94898068fdec,C_713ed33429aa,Pflichtfortbildugen - Pflegehilfspersonal,null,null,DRAFT,false,false,null
A_772241711157,C_713ed33429aa,Fachfortbildungen - Pflegehilfspersonal,null,null,DRAFT,false,false,null
A_d069fa5b02a2,C_713ed33429aa,Fachfortbildungen - Pflegefachpersonal,2026-06-20 00:00:00,null,ACTIVE,false,false,null
A_fee6dce2a9f3,C_713ed33429aa,Pflichtfortbildugen - Pflegefachpersonal,null,null,DRAFT,false,false,null
A_b1f49ea09883,C_cf4202e08da5,NOT_RELEVANT,null,null,DRAFT,false,false,null
A_6e2a527a9f37,C_cf4202e08da5,NURSING_ASSISTANCE,null,null,DRAFT,false,false,null
A_2352db9e2a26,C_cf4202e08da5,SUPPLEMENTARY_HELP,null,null,DRAFT,false,false,null
A_045c24748be8,C_cf4202e08da5,CARE_ASSISTANT_NURSE,null,null,DRAFT,false,false,null
A_99b78eff2ee2,C_cf4202e08da5,DOMESTIC_SPECIALIST,null,null,DRAFT,false,false,null
A_35fc3f7456e2,C_cf4202e08da5,NURSE,null,null,DRAFT,false,false,null
A_7aeaa28d87c7,C_a537a639af02,Expertenstandard Demenz - Kopie,null,12M,DRAFT,false,true,null
A_461af68989c7,C_a537a639af02,Expertenstandard Demenz,2026-06-30 00:00:00,null,ACTIVE,false,false,null
A_3d3306fb0c51,C_44c839f91aa9,Fachfortbildungen - Betreuungskräfte,null,null,DRAFT,false,false,null
A_01b73cde1e0c,C_44c839f91aa9,Pflichtfortbildugen - Betreuungskräfte,null,null,DRAFT,false,false,null
A_4a44e70dc951,C_44c839f91aa9,Pflichtfortbildugen - Pflegehilfspersonal,null,null,DRAFT,false,false,null
A_9db79632f3a7,C_44c839f91aa9,Fachfortbildungen - Pflegefachpersonal,null,null,DRAFT,false,false,null
A_079095e8fc6b,C_44c839f91aa9,Pflichtfortbildugen - Pflegefachpersonal,null,null,DRAFT,false,false,null
A_78df0f7e5466,C_6ecab3a3b120,Fachfortbildungen - Betreuungskräfte,null,null,DRAFT,false,false,null
A_ea0faafb7941,C_6ecab3a3b120,Pflichtfortbildugen - Betreuungskräfte,null,null,DRAFT,false,false,null
A_790723d2cc39,C_6ecab3a3b120,Pflichtfortbildugen - Pflegehilfspersonal,null,null,DRAFT,false,false,null
A_b2fa6fc5a21c,C_0a331314796b,test test test,2026-06-30 00:00:00,null,ARCHIVED,false,false,null
A_cf6ccd3fae3b,C_0a331314796b,Test-ANT-1313 - Kopie,null,6M,DRAFT,false,true,null
A_1079be6cca41,C_acb4a4801c63,Leitung,null,null,DRAFT,false,false,null
A_8add4748fa5d,C_acb4a4801c63,Gesamte Praxis,2026-09-30 00:00:00,null,DRAFT,false,false,null
A_fd5d48ec5c93,C_f47f26b6debc,NOT_RELEVANT,2027-01-31 22:59:59,null,ACTIVE,false,false,null
A_fd5d48ec5c93,C_f47f26b6debc,NOT_RELEVANT,null,null,DRAFT,false,false,null
A_1a4260f5bdee,C_4a1ac8b0a1b1,Pflichtfortbildung Lebensmittelhygiene,2026-05-31 00:00:00,12M,ACTIVE,false,true,null
A_0ed3cbd11c06,C_4a1ac8b0a1b1,Pflichtschulung Lebensmittelhygiene HW,2026-04-30 00:00:00,12M,ARCHIVED,false,true,null
A_0ed3cbd11c06,C_4a1ac8b0a1b1,Pflichtschulung Lebensmittelhygiene HW,2026-04-30 00:00:00,12M,ACTIVE,false,true,null
A_ef280a68e725,C_6a5b149856b0,Pflichtschulungen 2025,2025-12-31 00:00:00,null,ARCHIVED,false,false,null
A_ef280a68e725,C_6a5b149856b0,Pflichtschulungen 2025,2025-12-31 00:00:00,null,ACTIVE,false,false,null
A_3a8986e4286e,C_37b106e2eb20,Pflegedienst Hand und Fuß,2025-12-31 00:00:00,12M,ARCHIVED,false,true,null
A_3a8986e4286e,C_37b106e2eb20,Pflegedienst Hand und Fuß,2025-12-31 00:00:00,12M,ACTIVE,false,true,null
A_f86e3c84a963,C_6a5b149856b0,Freiwillige Kursangebote 2025,2025-12-31 00:00:00,null,ARCHIVED,false,false,null
A_f86e3c84a963,C_6a5b149856b0,Freiwillige Kursangebote 2025,2025-12-31 00:00:00,null,ACTIVE,false,false,null
A_7a7f8cc18f67,C_6a5b149856b0,1.Pflichtschulungen 2025 ,2025-11-30 00:00:00,null,ARCHIVED,false,false,null
A_7a7f8cc18f67,C_6a5b149856b0,1.Pflichtschulungen 2025 ,2025-11-30 00:00:00,null,ACTIVE,false,false,null
A_a199d1f4f191,C_37b106e2eb20,Test Arbeitsschutz,2025-12-01 00:00:00,12M,ARCHIVED,false,true,null
A_a199d1f4f191,C_37b106e2eb20,Test Arbeitsschutz,2025-12-01 00:00:00,12M,ACTIVE,false,true,null
A_b8e2fdbf6242,C_37b106e2eb20,Soziale Betreuung Pflicht ,2025-02-01 00:00:00,12M,ARCHIVED,false,true,null
A_b8e2fdbf6242,C_37b106e2eb20,Soziale Betreuung Pflicht ,2025-02-01 00:00:00,12M,ACTIVE,false,true,null
A_ab2a355efc42,C_37b106e2eb20,Hauswirtschaft ambulant,2024-12-31 00:00:00,null,ARCHIVED,false,false,null
A_ab2a355efc42,C_37b106e2eb20,Hauswirtschaft ambulant,2024-12-31 00:00:00,null,ACTIVE,false,false,null
A_55326ff6b569,C_37b106e2eb20,Pflegehelfer ambulant,2024-12-31 00:00:00,null,ARCHIVED,false,false,null
A_55326ff6b569,C_37b106e2eb20,Pflegehelfer ambulant,2024-12-31 00:00:00,null,ACTIVE,false,false,null
A_4edd5da141a8,C_37b106e2eb20,Pflegefachkräfte ambulant,2024-12-31 00:00:00,null,ARCHIVED,false,false,null
A_4edd5da141a8,C_37b106e2eb20,Pflegefachkräfte ambulant,2024-12-31 00:00:00,null,ACTIVE,false,false,null
A_df9b69e4a61c,C_4fdb7f7db38c,NOT_RELEVANT,null,null,DRAFT,false,false,null
A_9cac19221af5,C_4fdb7f7db38c,NURSING_ASSISTANCE,null,null,DRAFT,false,false,null
A_d79f43d59f85,C_4fdb7f7db38c,SUPPLEMENTARY_HELP,null,null,DRAFT,false,false,null
A_303b48ef21b1,C_4fdb7f7db38c,CARE_ASSISTANT_NURSE,null,null,DRAFT,false,false,null
A_bbab5960d41c,C_4fdb7f7db38c,DOMESTIC_SPECIALIST,null,null,DRAFT,false,false,null
A_05b8738ea044,C_4fdb7f7db38c,NURSE,2026-06-17 21:59:59,null,ACTIVE,false,false,null
A_c4038f351a11,C_0f19951828e0,Pflichtschulungen,2026-12-21 00:00:00,null,ACTIVE,false,false,null
A_43bc830a2b9e,C_4a1ac8b0a1b1,Pflichtfortbildung Pflege,2026-12-20 00:00:00,null,ACTIVE,false,false,null
A_228dc6631139,C_9b26a56b7fc6,Fachfortbildungen - Betreuungskräfte,null,null,DRAFT,false,false,null
A_798035b31729,C_9b26a56b7fc6,Pflichtfortbildugen - Betreuungskräfte,null,null,DRAFT,false,false,null
A_9913486ae0e7,C_9b26a56b7fc6,Fachfortbildungen - Pflegehilfspersonal,null,null,DRAFT,false,false,null
A_16e365f67b16,C_9b26a56b7fc6,Pflichtfortbildugen - Pflegehilfspersonal,null,null,DRAFT,false,false,null
A_84477b1cdcea,C_9b26a56b7fc6,Fachfortbildungen - Pflegefachpersonal,2026-11-30 00:00:00,null,ACTIVE,false,false,null
A_03f84a3aa37e,C_9b26a56b7fc6,Pflichtfortbildugen - Pflegefachpersonal,null,null,DRAFT,false,false,null
A_64c940830124,C_ad4d13dc49f0,Arbeitsschutz - Kopie,null,12M,DRAFT,false,true,null
A_b8575c28e1e5,C_7ce6d7defeee,FEDERAL_VOLUNTEER_SERVICE,null,null,DRAFT,false,false,null
A_3369eeabff7f,C_7ce6d7defeee,COMPLEMENTARY_HELP,null,null,DRAFT,false,false,null
A_420ccc49aa7d,C_99d69ff75bd5,COMPLEMENTARY_HELP,null,null,DRAFT,false,false,null
A_a22a5e1095cc,C_46d814b5a375,Schulung Juli 2026,2026-07-31 00:00:00,null,ACTIVE,false,false,null
A_a2c2fec72a37,C_9d73330ca832,Umgang mit Medikamenten,2026-10-31 00:00:00,null,ACTIVE,false,false,null
A_3d39c5889293,C_a537a639af02,Expertenstandard Mobilität,2026-08-31 00:00:00,12M,ACTIVE,false,true,null
A_faf276c87103,C_a537a639af02,Diabetes mellitus - Typ 2,2026-08-14 00:00:00,12M,ACTIVE,false,true,null
A_34fff3cc811e,C_a537a639af02,Expertenstandard Hautintegrität,2027-02-26 00:00:00,12M,ACTIVE,false,true,null
A_f5b5ffe666d5,C_a537a639af02,Expertenstandard Dekubitus und chronische Wunden,2027-02-26 00:00:00,12M,ACTIVE,false,true,null
A_be055531c37b,C_a537a639af02,Expertenstandard Schmerz,2027-01-22 00:00:00,12M,ACTIVE,false,true,null
A_6526fbbf0806,C_a537a639af02,Patientendokumentation,2026-11-17 00:00:00,12M,ACTIVE,false,true,null
A_c412a15e9343,C_a537a639af02,Kommunikation,2026-10-14 00:00:00,12M,ACTIVE,false,true,null
A_d7f72d841595,C_a537a639af02,Expertenstandard Entlassmanagement,2026-09-25 00:00:00,12M,ACTIVE,false,true,null
A_5c684866e5ac,C_a537a639af02,Expertenstandard Kontinenz,2026-08-28 00:00:00,12M,ACTIVE,false,true,null
A_7a2aa4cc5fa1,C_a537a639af02,Expertenstandard Sturz,2026-08-14 00:00:00,12M,ACTIVE,false,true,null
A_37bcda71bc69,C_a537a639af02,Expertenstandard Mundgesundheit,2026-07-17 00:00:00,12M,ACTIVE,false,true,null
A_ece0d312e0de,C_a537a639af02,Expertenstandard Ernährung,2026-07-17 00:00:00,12M,ACTIVE,false,true,null
A_1ec8ecbd6923,C_3555dd873593,Fachfortbildungen - Betreuungskräfte,null,null,DRAFT,false,false,null
A_e37986358fea,C_3555dd873593,Pflichtfortbildugen - Betreuungskräfte,null,null,DRAFT,false,false,null
A_7ccde7d8842b,C_3555dd873593,Fachfortbildungen - Pflegehilfspersonal,null,null,DRAFT,false,false,null
A_06538d5ee91f,C_3555dd873593,Pflichtfortbildugen - Pflegehilfspersonal,null,null,DRAFT,false,false,null
A_d2727da7afe1,C_3555dd873593,Fachfortbildungen - Pflegefachpersonal,null,null,DRAFT,false,false,null
A_bc5e4e0f4714,C_3555dd873593,Pflichtfortbildugen - Pflegefachpersonal,null,null,DRAFT,false,false,null
A_22e95369ddb5,C_a537a639af02,Arzneimittel + BTM,2026-06-30 00:00:00,12M,ACTIVE,false,true,null
A_d610ef9aafb2,C_acb4a4801c63,Gesamte Praxis - Kopie,null,null,DRAFT,false,false,null
A_82c294ad0085,C_acb4a4801c63,Ärzte,null,null,DRAFT,false,false,null
A_51e99bab5f9b,C_37b106e2eb20,Pflegedienst Hand&Fuß,2027-05-31 00:00:00,null,ACTIVE,false,false,null
A_307cbe7fd514,C_acb4a4801c63,MFA,2026-06-30 00:00:00,null,DRAFT,false,false,null
A_307cbe7fd514,C_acb4a4801c63,MFA,2026-09-30 00:00:00,null,DRAFT,false,false,null
A_26a193b9ad2a,C_114112f6dd0e,Fachfortbildungen - Pflegefachpersonal,2026-12-18 00:00:00,null,ACTIVE,false,false,null
A_26a193b9ad2a,C_114112f6dd0e,Fachfortbildungen - Pflegefachpersonal,null,null,DRAFT,false,false,null
A_1a4260f5bdee,C_4a1ac8b0a1b1,Pflichtfortbildung Lebensmittelhygiene,2026-05-31 00:00:00,12M,ACTIVE,false,true,null
A_1a4260f5bdee,C_4a1ac8b0a1b1,Pflichtfortbildung Lebensmittelhygiene,2026-05-31 00:00:00,12M,ACTIVE,false,true,null
A_48c262c6163b,C_7e49a62fdfff,Auffrischung,2026-11-01 00:00:00,null,ACTIVE,false,false,null
A_48c262c6163b,C_7e49a62fdfff,Auffrischung ,2026-11-01 00:00:00,null,ACTIVE,false,false,null
A_f463b984ca85,C_de32c45735b7,Pflichtschulungen Büro,2026-08-28 00:00:00,null,ACTIVE,false,false,null
A_f463b984ca85,C_de32c45735b7,Pflichtschulungen Büro,null,null,DRAFT,false,false,null
A_0c0dda2664a7,C_fed63aad3c56,Basis in der Praxis,2025-12-31 00:00:00,null,ARCHIVED,false,false,null
A_0c0dda2664a7,C_fed63aad3c56,Basis in der Praxis,2025-12-31 00:00:00,null,ACTIVE,false,false,null
A_fe5819e25df7,C_fed63aad3c56,Pflichtschulungen,2025-12-31 00:00:00,12M,ARCHIVED,false,true,null
A_fe5819e25df7,C_fed63aad3c56,Pflichtschulungen,2025-12-31 00:00:00,12M,ACTIVE,false,true,null
A_f22576c071c0,C_0a331314796b,Exam Bug Test,2026-06-27 00:00:00,null,ACTIVE,false,false,null
A_88037f8a692d,C_80e0c66db083,Pflicht,2026-06-26 00:00:00,null,ACTIVE,false,false,null
A_bd26949ef106,C_e2cb118c9a7e,NOT_RELEVANT,null,null,DRAFT,false,false,null
A_66198422b6d1,C_e2cb118c9a7e,NURSING_ASSISTANCE,null,null,DRAFT,false,false,null
A_3bad4cd26cb1,C_e2cb118c9a7e,SUPPLEMENTARY_HELP,null,null,DRAFT,false,false,null
A_8258e8d95c35,C_e2cb118c9a7e,DOMESTIC_SPECIALIST,null,null,DRAFT,false,false,null
A_4f7d4c834979,C_e2cb118c9a7e,NURSE,null,null,DRAFT,false,false,null
A_4f2253877724,C_728a4117ee9e,Hauswirtschaft,2027-06-30 00:00:00,null,ACTIVE,false,false,null
A_abcc93122b44,C_728a4117ee9e,Pflege,2027-06-30 00:00:00,null,ACTIVE,false,false,null
A_4894ab34309f,C_6b82508bb727,Fachfortbildungen - Betreuungskräfte,null,null,DRAFT,false,false,null
A_fced5e316ebb,C_6b82508bb727,Pflichtfortbildugen - Betreuungskräfte,null,null,DRAFT,false,false,null
A_3fcb64f085d3,C_6b82508bb727,Fachfortbildungen - Pflegehilfspersonal,null,null,DRAFT,false,false,null
A_665882bb615f,C_6b82508bb727,Pflichtfortbildugen - Pflegehilfspersonal,null,null,DRAFT,false,false,null
A_829e34e1fd18,C_6b82508bb727,Fachfortbildungen - Pflegefachpersonal,null,null,DRAFT,false,false,null
A_54ed13309b7c,C_6b82508bb727,Pflichtfortbildugen - Pflegefachpersonal,null,null,DRAFT,false,false,null
A_f8f1c5d0a204,C_ad4d13dc49f0,Expertenstandard,2026-07-24 00:00:00,null,ACTIVE,false,false,null
A_6385a82a9b94,C_ad4d13dc49f0,Prophylaxen,2026-07-01 00:00:00,null,ACTIVE,false,false,null
A_78a232f74c05,C_75729e1f8993,Pflichtfortbildungen MFA Team,2026-12-31 00:00:00,null,ACTIVE,false,false,null
A_9e54128ac17f,C_32d694a113c9,Hygiene,2026-06-20 00:00:00,null,ACTIVE,false,false,null
A_6b8d1cfc3fc3,C_32d694a113c9,Fachfortbildungen - Betreuungskräfte,null,null,DRAFT,false,false,null
A_b70601109945,C_32d694a113c9,Pflichtfortbildugen - Betreuungskräfte,null,null,DRAFT,false,false,null
A_3b27b9b00b30,C_32d694a113c9,Fachfortbildungen - Pflegehilfspersonal,null,null,DRAFT,false,false,null
A_c81af81ac06b,C_32d694a113c9,Pflichtfortbildugen - Pflegehilfspersonal,null,null,DRAFT,false,false,null
A_5a0259161387,C_32d694a113c9,Fachfortbildungen - Pflegefachpersonal,null,null,DRAFT,false,false,null
A_1b0216d05f61,C_32d694a113c9,Pflichtfortbildugen - Pflegefachpersonal,null,null,DRAFT,false,false,null
A_ef2c4be219af,C_f248bede29e2,Kurs 2026 HW,2026-12-31 00:00:00,null,ACTIVE,false,false,null
A_602fa725596c,C_f248bede29e2,Kurs 2026 Betr.,2026-12-31 00:00:00,null,ACTIVE,false,false,null
A_e6febcb150d8,C_f248bede29e2,Kurs 2026 Allg.,2026-12-31 00:00:00,null,ACTIVE,false,false,null
A_e7a369e88ecb,C_0fdd3d20c77d,FEDERAL_VOLUNTEER_SERVICE,null,null,DRAFT,false,false,null
A_502bce64b49d,C_0fdd3d20c77d,COMPLEMENTARY_HELP,null,null,DRAFT,false,false,null
A_0b09188bef42,C_09daf3bd3e48,Fortbildung Kompressionsstrümpfe,2026-02-28 00:00:00,null,ARCHIVED,false,false,null
A_0b09188bef42,C_09daf3bd3e48,Fortbildung Kompressionsstrümpfe,2026-02-28 00:00:00,null,ACTIVE,false,false,null
A_0621c6d55a0b,C_09daf3bd3e48,Bolusgabe,2026-02-06 00:00:00,null,ARCHIVED,false,false,null
A_0621c6d55a0b,C_09daf3bd3e48,Bolusgabe,2026-02-06 00:00:00,null,ACTIVE,false,false,null
A_6f949e84aa4f,C_09daf3bd3e48,PEG-Sonde,2026-01-25 00:00:00,null,ARCHIVED,false,false,null
A_6f949e84aa4f,C_09daf3bd3e48,PEG-Sonde,2026-01-25 00:00:00,null,ACTIVE,false,false,null
A_2aad859ba745,C_46d814b5a375,Schulung November 2025,2025-11-30 00:00:00,null,ARCHIVED,false,false,null
A_2aad859ba745,C_46d814b5a375,Schulung November 2025,2025-11-30 00:00:00,null,ACTIVE,false,false,null
A_643cf08a15c2,C_57acfc538725,Hauswirtschaft und Küche,2025-12-31 00:00:00,12M,ARCHIVED,false,true,null
A_643cf08a15c2,C_57acfc538725,Hauswirtschaft und Küche,2025-12-31 00:00:00,12M,ACTIVE,false,true,null
A_f6ca3c422b63,C_46d814b5a375,Schulung August 2025,2025-08-31 00:00:00,null,ARCHIVED,false,false,null
A_f6ca3c422b63,C_46d814b5a375,Schulung August 2025,2025-08-31 00:00:00,null,ACTIVE,false,false,null
A_5b8e797d555f,C_728a4117ee9e,Hauswirtschaft-Fortbildungen in der ambulanten Pflege,2026-07-31 00:00:00,12M,ARCHIVED,false,true,null
A_5b8e797d555f,C_728a4117ee9e,Hauswirtschaft-Fortbildungen in der ambulanten Pflege,2026-07-31 00:00:00,12M,ACTIVE,false,true,null
A_989f6dad531f,C_46d814b5a375,Schulung Juli 2025,2025-07-31 00:00:00,null,ARCHIVED,false,false,null
A_989f6dad531f,C_46d814b5a375,Schulung Juli 2025,2025-07-31 00:00:00,null,ACTIVE,false,false,null
A_889d4bd60ac7,C_46d814b5a375,Schulung Mai 2025,2025-05-31 00:00:00,null,ARCHIVED,false,false,null
A_889d4bd60ac7,C_46d814b5a375,Schulung Mai 2025,2025-05-31 00:00:00,null,ACTIVE,false,false,null
A_9e768d17130d,C_728a4117ee9e,Verwaltung-Fortbildung,2025-07-31 00:00:00,12M,ARCHIVED,false,true,null
A_9e768d17130d,C_728a4117ee9e,Verwaltung-Fortbildung,2025-07-31 00:00:00,12M,ACTIVE,false,true,null
A_edd81b6e5375,C_728a4117ee9e,Pflege-Fortbildung im ambulanten Pflegedienst,2025-07-31 00:00:00,12M,ARCHIVED,false,true,null
A_edd81b6e5375,C_728a4117ee9e,Pflege-Fortbildung im ambulanten Pflegedienst,2025-07-31 00:00:00,12M,ACTIVE,false,true,null
A_80318fdc7b46,C_728a4117ee9e, Hauswirtschaft-Fortbildungen in der ambulanten Pflege,2025-07-31 00:00:00,null,ARCHIVED,true,false,null
A_80318fdc7b46,C_728a4117ee9e, Hauswirtschaft-Fortbildungen in der ambulanten Pflege,2025-07-31 00:00:00,null,ACTIVE,true,false,null
A_a085a0d378a0,C_d338ffa6e4b8,Fachfortbildungen - Medizinische Fachangestellte,null,null,DRAFT,false,false,null
A_238bbd4eea1f,C_4fdb7f7db38c,FEDERAL_VOLUNTEER_SERVICE,null,null,DRAFT,false,false,null
A_b2b609bc0dc4,C_4fdb7f7db38c,COMPLEMENTARY_HELP,null,null,DRAFT,false,false,null
A_a18deab0a392,C_83cfe8e40e85,Behandlungspflege,2026-09-30 00:00:00,null,ACTIVE,false,false,null
A_c52377d93e21,C_0a331314796b,Translation Stats Bug,2026-07-12 00:00:00,null,ACTIVE,false,false,null
A_1d5ea8a3f657,C_99d69ff75bd5,FEDERAL_VOLUNTEER_SERVICE,null,null,DRAFT,false,false,null
A_1d5ea8a3f657,C_99d69ff75bd5,FEDERAL_VOLUNTEER_SERVICE,null,null,DRAFT,false,false,null
A_e7f52b97a0b4,C_09daf3bd3e48,Einstellung neuer MA,2026-08-31 00:00:00,null,ACTIVE,false,false,null
A_e7f52b97a0b4,C_09daf3bd3e48,Einstellung neuer MA,null,null,DRAFT,false,false,null
A_2378f6ef5366,C_c05125da4b5b,Röntgenunterweisung,2026-06-29 00:00:00,null,ACTIVE,false,false,null
A_62a720869b2b,C_c05125da4b5b,Fachfortbildungen - Medizinische Fachangestellte,null,null,DRAFT,false,false,null
A_a62e8a3e6b80,C_c05125da4b5b,Pflichtfortbildungen - Medizinische Fachangestellte,null,null,DRAFT,false,false,null
A_cb5e23d6ceda,C_787aa70f4721,FEDERAL_VOLUNTEER_SERVICE,null,null,DRAFT,false,false,null
A_1c7245be39fb,C_787aa70f4721,COMPLEMENTARY_HELP,null,null,DRAFT,false,false,null
A_23f70e125204,C_787aa70f4721,NURSE,null,null,DRAFT,false,false,null
A_b7529172c181,C_787aa70f4721,DOMESTIC_SPECIALIST,null,null,DRAFT,false,false,null
A_9db19addad5c,C_787aa70f4721,SUPPLEMENTARY_HELP,null,null,DRAFT,false,false,null
A_f413f60c2bf0,C_787aa70f4721,NURSING_ASSISTANCE,null,null,DRAFT,false,false,null
A_6ed41821ab7a,C_787aa70f4721,CARE_ASSISTANT_NURSE,null,null,DRAFT,false,false,null
A_8c2741405427,C_787aa70f4721,NOT_RELEVANT,null,null,DRAFT,false,false,null
A_678287b9ff10,C_d338ffa6e4b8,Wissenstraining - Schwerpunkte,2026-12-31 00:00:00,null,ACTIVE,false,false,null
A_73e42cbc29ed,C_d338ffa6e4b8,Pflichtfortbildungen - Ärztliches Personal,2026-12-31 00:00:00,null,ACTIVE,false,false,null
A_e84d95a9d82b,C_6ad9f6324269,Behandlungspflege PK WG,2026-12-31 00:00:00,null,ACTIVE,false,false,null
A_e84d95a9d82b,C_6ad9f6324269,Behandlungspflege PK WG,2026-12-31 00:00:00,null,DRAFT,false,false,null
A_f1e4474e789b,C_48bfc1cb1fb6,FEDERAL_VOLUNTEER_SERVICE,null,null,DRAFT,false,false,null
A_9640a236e28b,C_48bfc1cb1fb6,COMPLEMENTARY_HELP,null,null,DRAFT,false,false,null
A_b7fe7ff550aa,C_f5765b5c4c31,FEDERAL_VOLUNTEER_SERVICE,null,null,DRAFT,false,false,null
A_0bc11d1e7e19,C_f5765b5c4c31,COMPLEMENTARY_HELP,null,null,DRAFT,false,false,null
A_0e54ded0f905,C_637e63e85cd5,FEDERAL_VOLUNTEER_SERVICE,null,null,DRAFT,false,false,null
A_1804952fecf4,C_637e63e85cd5,COMPLEMENTARY_HELP,null,null,DRAFT,false,false,null
A_a35e51a7b5c3,C_f47f26b6debc,FEDERAL_VOLUNTEER_SERVICE,null,null,DRAFT,false,false,null
A_7a5ab85ffce9,C_f47f26b6debc,COMPLEMENTARY_HELP,null,null,DRAFT,false,false,null
A_cff8638fcdff,C_8031f523ce14,FEDERAL_VOLUNTEER_SERVICE,null,null,DRAFT,false,false,null
A_15de588ac6f6,C_8031f523ce14,COMPLEMENTARY_HELP,null,null,DRAFT,false,false,null
A_d50c16fe45db,C_e84f52ae5bbf,Pflichtfortbildungen - Medizinische Fachangestellte,null,null,DRAFT,false,false,null
A_1e8e4c32023f,C_e84f52ae5bbf,Pflichtfortbildungen - Ärztliches Personal,null,null,DRAFT,false,false,null
A_1d0b1baa748b,C_63ee5a9d9f7e,FEDERAL_VOLUNTEER_SERVICE,null,null,DRAFT,false,false,null
A_16473bc4974c,C_63ee5a9d9f7e,COMPLEMENTARY_HELP,null,null,DRAFT,false,false,null
A_b3877e9469c3,C_57949f053487,FEDERAL_VOLUNTEER_SERVICE,null,null,DRAFT,false,false,null
A_4b559fb37973,C_57949f053487,COMPLEMENTARY_HELP,null,null,DRAFT,false,false,null
A_3b8078b07726,C_a0a75becc2ce,FEDERAL_VOLUNTEER_SERVICE,null,null,DRAFT,false,false,null
A_8a0331359010,C_a0a75becc2ce,COMPLEMENTARY_HELP,null,null,DRAFT,false,false,null
A_b2ca1810f6cb,C_6ace543b5f9e,FEDERAL_VOLUNTEER_SERVICE,null,null,DRAFT,false,false,null
A_cf27af61df27,C_6ace543b5f9e,COMPLEMENTARY_HELP,null,null,DRAFT,false,false,null
A_9d31a19bef05,C_99a66dce03ae,FEDERAL_VOLUNTEER_SERVICE,null,null,DRAFT,false,false,null
A_24fc1e3f87be,C_99a66dce03ae,COMPLEMENTARY_HELP,null,null,DRAFT,false,false,null
A_c67098f0ce53,C_cf4202e08da5,FEDERAL_VOLUNTEER_SERVICE,null,null,DRAFT,false,false,null
A_a41000b94aa7,C_cf4202e08da5,COMPLEMENTARY_HELP,null,null,DRAFT,false,false,null
A_190e832ab0db,C_6594d785bfb3,FEDERAL_VOLUNTEER_SERVICE,null,null,DRAFT,false,false,null
A_50d84dda620f,C_6594d785bfb3,COMPLEMENTARY_HELP,null,null,DRAFT,false,false,null
A_e7f59253d4fb,C_2f858ff5d325,FEDERAL_VOLUNTEER_SERVICE,null,null,DRAFT,false,false,null
A_5c51ccb81cdb,C_2f858ff5d325,COMPLEMENTARY_HELP,null,null,DRAFT,false,false,null
A_6fd4c5fe927c,C_947678cae8ea,Pflichtfortbildugen - Betreuungskräfte,null,null,DRAFT,false,false,null
A_c639bf2d5cec,C_947678cae8ea,Pflichtfortbildugen - Pflegehilfspersonal,null,null,DRAFT,false,false,null
A_ea2f021a21d1,C_947678cae8ea,Pflichtfortbildugen - Pflegefachpersonal,null,null,DRAFT,false,false,null
A_015950b5e12b,C_2553c0adbcf1,FEDERAL_VOLUNTEER_SERVICE,null,null,DRAFT,false,false,null
A_912ed8a1d6ac,C_2553c0adbcf1,COMPLEMENTARY_HELP,null,null,DRAFT,false,false,null
A_597d182462e3,C_e2cb118c9a7e,FEDERAL_VOLUNTEER_SERVICE,null,null,DRAFT,false,false,null
A_b692116f480d,C_e2cb118c9a7e,COMPLEMENTARY_HELP,null,null,DRAFT,false,false,null
A_d2fc6f92bdb8,C_6ad9f6324269,"Diabetes und BZ Messung , Blutdruck ambulant",2026-09-30 00:00:00,null,ACTIVE,false,false,null
A_d2fc6f92bdb8,C_6ad9f6324269,Diabetes und BZ Messung ambulant,2026-09-30 00:00:00,null,ACTIVE,false,false,null
A_959351038dd8,C_0e837511a16c,FEDERAL_VOLUNTEER_SERVICE,null,null,DRAFT,false,false,null
A_b8b7dd388aed,C_0e837511a16c,COMPLEMENTARY_HELP,null,null,DRAFT,false,false,null
A_6dcc1764ccd9,C_060cb97bfdc0,Pflichtfortbildungen - Medizinische Fachangestellte,null,null,DRAFT,false,false,null
A_3c00ab89e213,C_060cb97bfdc0,Pflichtfortbildungen - Ärztliches Personal,null,null,DRAFT,false,false,null
A_cc7b69fed4ec,C_c3ac86ca5edd,FEDERAL_VOLUNTEER_SERVICE,null,null,DRAFT,false,false,null
A_10a176e76df8,C_c3ac86ca5edd,COMPLEMENTARY_HELP,null,null,DRAFT,false,false,null
A_95114f6f9e77,C_9dcf7aa29eb8,Pflichtfortbildungen - Ärztliches Personal,null,null,DRAFT,false,false,null
A_c807c2b013a3,C_44c839f91aa9,"Fachfortbildung APD-GF, Pflegefachpersonal",2026-09-30 00:00:00,null,ACTIVE,false,false,null
A_25baf5a163a7,C_44c839f91aa9,"Pflichtfortbildung APD-GF, Pflegefach-, Pflegehilfspersonal",2026-07-31 00:00:00,null,ACTIVE,false,false,null
A_6661ac2e7eb3,C_bac6358b32b5,FEDERAL_VOLUNTEER_SERVICE,null,null,DRAFT,false,false,null
A_6d5412741b15,C_bac6358b32b5,COMPLEMENTARY_HELP,null,null,DRAFT,false,false,null
A_aab763be21cb,C_57aa87d7a885,FEDERAL_VOLUNTEER_SERVICE,null,null,DRAFT,false,false,null
A_a79be560ea85,C_57aa87d7a885,COMPLEMENTARY_HELP,null,null,DRAFT,false,false,null
A_e9e2af52d0ee,C_2aa8ac9d2d8a,FEDERAL_VOLUNTEER_SERVICE,null,null,DRAFT,false,false,null
A_26f470a81c79,C_2aa8ac9d2d8a,COMPLEMENTARY_HELP,null,null,DRAFT,false,false,null
A_9d5b84268a32,C_69ed3e400693,FEDERAL_VOLUNTEER_SERVICE,null,null,DRAFT,false,false,null
A_f153db8c6048,C_69ed3e400693,COMPLEMENTARY_HELP,null,null,DRAFT,false,false,null
A_f4885521098a,C_b64b69a185a5,FEDERAL_VOLUNTEER_SERVICE,null,null,DRAFT,false,false,null
A_d0b5f8991847,C_b64b69a185a5,COMPLEMENTARY_HELP,null,null,DRAFT,false,false,null
A_d9d107cb277f,C_451336f79629,FEDERAL_VOLUNTEER_SERVICE,null,null,DRAFT,false,false,null
A_136f39c8d195,C_451336f79629,COMPLEMENTARY_HELP,null,null,DRAFT,false,false,null
A_7150a2431b9e,C_e2cb118c9a7e,CARE_ASSISTANT_NURSE,2026-07-31 21:59:59,null,ACTIVE,false,false,null
A_7150a2431b9e,C_e2cb118c9a7e,CARE_ASSISTANT_NURSE,null,null,DRAFT,false,false,null
A_8d780371c394,C_44c839f91aa9,Fachfortbildungen APD-GF Pflegehilfspersonal,2026-09-30 00:00:00,null,ACTIVE,false,false,null
A_8d780371c394,C_44c839f91aa9,Fachfortbildungen - Pflegehilfspersonal,null,null,DRAFT,false,false,null
A_3b1b04a435be,C_6ecab3a3b120,"Fachfortbildungen APD-WOB, Pflegehilfspersonal",2026-09-30 00:00:00,null,ACTIVE,false,false,null
A_3b1b04a435be,C_6ecab3a3b120,Fachfortbildungen - Pflegehilfspersonal,null,null,DRAFT,false,false,null
A_310ee38b977f,C_6ecab3a3b120,"Fachfortbildungen APD-WOB, Pflegefachpersonal",2026-09-30 00:00:00,null,ACTIVE,false,false,null
A_310ee38b977f,C_6ecab3a3b120,Fachfortbildungen - Pflegefachpersonal,null,null,DRAFT,false,false,null
A_e2b03014415c,C_6ecab3a3b120,"Pflichtfortbildugen APD-WOB für Pflegefach-, und Pflegehilfspersonal",2026-07-30 00:00:00,null,ACTIVE,false,false,null
A_e2b03014415c,C_6ecab3a3b120,Pflichtfortbildugen - Pflegefachpersonal,null,null,DRAFT,false,false,null
A_5c6647b9a8c4,C_58decca77756,Yanko Schulungen,2026-12-31 00:00:00,null,ACTIVE,false,false,null
A_7b9109b5e77e,C_199ad359152d,FEDERAL_VOLUNTEER_SERVICE,null,null,DRAFT,false,false,null
A_99f12119da66,C_199ad359152d,COMPLEMENTARY_HELP,null,null,DRAFT,false,false,null
A_c839fde3c85f,C_6e562c41d91c,FEDERAL_VOLUNTEER_SERVICE,null,null,DRAFT,false,false,null
A_baf9c8266583,C_6e562c41d91c,COMPLEMENTARY_HELP,null,null,DRAFT,false,false,null
A_8601d223e729,C_0ded3c695411,FEDERAL_VOLUNTEER_SERVICE,null,null,DRAFT,false,false,null
A_e8cf727ff297,C_0ded3c695411,COMPLEMENTARY_HELP,null,null,DRAFT,false,false,null
A_9203212ab0b6,C_0ded3c695411,NURSE,null,null,DRAFT,false,false,null
A_ac1c9a6f66ec,C_0ded3c695411,DOMESTIC_SPECIALIST,null,null,DRAFT,false,false,null
A_a8007a8b9189,C_0ded3c695411,SUPPLEMENTARY_HELP,null,null,DRAFT,false,false,null
A_33fa8d490763,C_0ded3c695411,NURSING_ASSISTANCE,null,null,DRAFT,false,false,null
A_ec25ddcdc0c4,C_0ded3c695411,CARE_ASSISTANT_NURSE,null,null,DRAFT,false,false,null
A_c78fc6fe2d7e,C_0ded3c695411,NOT_RELEVANT,null,null,DRAFT,false,false,null
A_c35c869effa3,C_98a2db58f3b8,Pflegehilftskräfte 3. Ouartal,null,null,DRAFT,false,false,null
A_7bd282b8a9c8,C_b9c6c78f9edd,Pflichtfortbildungen - Medizinische Fachangestellte,null,null,DRAFT,false,false,null
A_bb0e28aedf56,C_534b9225f01a,Refresherkurse (Pflicht),2026-08-01 00:00:00,null,DRAFT,false,false,null
A_f4689f308f3c,C_d338ffa6e4b8,Pflichtfortbildungen - Medizinische Fachangestellte,2026-10-31 00:00:00,null,ACTIVE,false,false,null
A_f4689f308f3c,C_d338ffa6e4b8,Pflichtfortbildungen - Medizinische Fachangestellte,null,null,DRAFT,false,false,null
A_2c0d8f0d1e35,C_6ace543b5f9e,NOT_RELEVANT,2026-12-31 22:59:59,null,ACTIVE,false,false,null
A_2c0d8f0d1e35,C_6ace543b5f9e,NOT_RELEVANT,null,null,DRAFT,false,false,null
A_cbe77f99c12f,C_6ace543b5f9e,SUPPLEMENTARY_HELP,2026-12-31 22:59:59,null,ACTIVE,false,false,null
A_cbe77f99c12f,C_6ace543b5f9e,SUPPLEMENTARY_HELP,null,null,DRAFT,false,false,null
A_c6e78e0e89e7,C_6ace543b5f9e,DOMESTIC_SPECIALIST,2200-01-01 22:59:59,null,ACTIVE,false,false,null
A_c6e78e0e89e7,C_6ace543b5f9e,DOMESTIC_SPECIALIST,null,null,DRAFT,false,false,null
A_23917c368624,C_6ace543b5f9e,NURSE,2026-12-31 22:59:59,null,ACTIVE,false,false,null
A_23917c368624,C_6ace543b5f9e,NURSE,null,null,DRAFT,false,false,null
A_a402e778018b,C_cb3a5341e2ad,Pflege,2025-10-30 00:00:00,null,ACTIVE,false,false,null
A_a402e778018b,C_cb3a5341e2ad,Pflege ,2025-10-30 00:00:00,null,ACTIVE,false,false,null
A_dcc5dff9767f,C_8b391db2f616,Fortbildung für Pflegehelfer,2023-03-31 00:00:00,null,ACTIVE,false,false,null
A_dcc5dff9767f,C_8b391db2f616,Fortbildung für Pflegehelfer,2023-03-31 00:00:00,null,ACTIVE,false,false,null
A_79ba32f164ff,C_199ad359152d,NURSE,null,null,DRAFT,false,false,null
A_79ba32f164ff,C_199ad359152d,NURSE,null,null,DRAFT,false,false,null
A_ff4ad784455e,C_75729e1f8993,MFA Pflichtschulungen,2026-12-31 00:00:00,12M,ACTIVE,false,true,null
A_ff4ad784455e,C_75729e1f8993,MFA Pflichtschulungen,2026-12-31 00:00:00,12M,ACTIVE,false,true,null
A_f125a31a9eb7,C_75729e1f8993,Pflichtschulungen in der Pflege,2027-01-01 00:00:00,null,ACTIVE,false,false,null
A_dbb528b19eb6,C_b00bb13c5d89,Hygiene Pflichtschulung,2026-07-31 00:00:00,null,ACTIVE,false,false,null
A_c53af39ed2f4,C_b00bb13c5d89,Fachfortbildungen - Betreuungskräfte,null,null,DRAFT,false,false,null
A_e5ddfb73bfc8,C_b00bb13c5d89,Pflichtfortbildugen - Betreuungskräfte,null,null,DRAFT,false,false,null
A_6dff8d7b3dd7,C_b00bb13c5d89,Fachfortbildungen - Pflegehilfspersonal,null,null,DRAFT,false,false,null
A_9650f9945387,C_b00bb13c5d89,Pflichtfortbildugen - Pflegehilfspersonal,null,null,DRAFT,false,false,null
A_8f0015fffc94,C_b00bb13c5d89,Fachfortbildungen - Pflegefachpersonal,null,null,DRAFT,false,false,null
A_b0f3897424f6,C_b00bb13c5d89,Pflichtfortbildugen - Pflegefachpersonal,null,null,DRAFT,false,false,null
A_0286fcc13cb9,C_83188b96eba5,Fortbildungen Leitungskräfte,2026-09-30 00:00:00,null,ACTIVE,false,false,null
A_27b17a839069,C_83188b96eba5,Pflichtfortbildungen - Pflegefachpersonal,2026-09-30 00:00:00,null,ACTIVE,false,false,null
A_5733f6bfd0b9,C_76b120f0317e,Fakultative Kurse,2026-12-31 00:00:00,null,ACTIVE,false,false,null
A_0b2f482803c6,C_44e5e023c81e,Pflichtfortbildugen - Pflegehilfspersonal,2026-07-13 00:00:00,null,ACTIVE,false,false,null
A_1c987ff95462,C_a65c3bdc0f50,Fachfortbildungen - Betreuungskräfte,null,null,DRAFT,false,false,null
A_f462b50985fa,C_a65c3bdc0f50,Pflichtfortbildugen - Betreuungskräfte,null,null,DRAFT,false,false,null
A_bda7b838219a,C_a65c3bdc0f50,Fachfortbildungen - Pflegehilfspersonal,null,null,DRAFT,false,false,null
A_e5f998516b44,C_a65c3bdc0f50,Pflichtfortbildugen - Pflegehilfspersonal,null,null,DRAFT,false,false,null
A_a6c7e4af2041,C_a65c3bdc0f50,Fachfortbildungen - Pflegefachpersonal,null,null,DRAFT,false,false,null
A_e009a95006e2,C_a65c3bdc0f50,Pflichtfortbildugen - Pflegefachpersonal,null,null,DRAFT,false,false,null
A_7c79e9d11e86,C_0a331314796b,Anja,2027-08-01 00:00:00,null,DRAFT,false,false,null
A_897dbf5fef1b,C_0a331314796b,Testlehrplan D,2026-07-31 00:00:00,null,ACTIVE,false,false,null
A_657af85d1dba,C_534b9225f01a,Pflichtschulung,2026-08-10 00:00:00,null,ACTIVE,false,false,null
A_657af85d1dba,C_534b9225f01a,Pflichtschulung,null,null,DRAFT,false,false,null
A_cb0d288b3aa0,C_7ce6d7defeee,NURSING_ASSISTANCE,2027-12-31 22:59:59,null,ACTIVE,false,false,null
A_cb0d288b3aa0,C_7ce6d7defeee,NURSING_ASSISTANCE,null,null,DRAFT,false,false,null
A_3847e11d7df6,C_83188b96eba5,Pflichtfortbildugen - Hauswirtschaftspersonal,2026-09-30 00:00:00,null,ACTIVE,false,false,null
A_3847e11d7df6,C_83188b96eba5,Pflichtfortbildugen - Hauswirtschaftspersonal,null,null,DRAFT,false,false,null
A_e9ce1e56f5bc,C_83188b96eba5,Pflichtfortbildugen - Pflegehilfspersonal,2026-09-30 00:00:00,null,ACTIVE,false,false,null
A_e9ce1e56f5bc,C_83188b96eba5,Pflichtfortbildugen - Pflegehilfspersonal,null,null,DRAFT,false,false,null
A_87e2e8055ce0,C_99d69ff75bd5,NURSE,2026-08-31 21:59:59,null,ACTIVE,false,false,null
A_87e2e8055ce0,C_99d69ff75bd5,NURSE,null,null,DRAFT,false,false,null
A_4dfc9d946879,C_4a1ac8b0a1b1,Schulungen Reinigung,2026-12-18 00:00:00,12M,ACTIVE,false,true,null
A_4dfc9d946879,C_4a1ac8b0a1b1,Schulungen Reinigung,null,12M,DRAFT,false,true,null
A_48c8fdae9ef4,C_4a1ac8b0a1b1,Pflichtschulungen Hausmeister,2026-12-18 00:00:00,12M,ACTIVE,false,true,null
A_48c8fdae9ef4,C_4a1ac8b0a1b1,Pflichtschulungen Hausmeister,null,12M,DRAFT,false,true,null
A_360306c73108,C_4a1ac8b0a1b1,Pflichtfortbildung HW,2026-12-18 00:00:00,12M,ACTIVE,false,true,null
A_360306c73108,C_4a1ac8b0a1b1,Pflichtfortbildung HW,null,12M,DRAFT,false,true,null
