company_ID,company_Name,federalState,source,reason,trial_starts_at,trial_ends_at,company_created_at,company_Status,subTypeId,company_status_simple,no_user
C_3160ca82e1c1,C_ef131c008f74,Rheinland-Pfalz,null,null,2022-11-14 13:39:30.391,2023-01-01 13:39:30.391,2022-11-14 13:39:30.393232,ACTIVE,T_261633459b54,ACTIVE,false
C_8b391db2f616,C_71f3c7c22d0e,Baden-Württemberg,null,null,2022-12-06 10:33:37.544,2023-01-05 10:33:37.544,2022-12-06 10:33:37.54565,ACTIVE,T_261633459b54,ACTIVE,false
C_d1cd73b81035,C_79c2d0dda1db,null,null,,2022-12-06 10:59:08.713,2023-01-05 10:59:08.713,2022-12-06 10:59:08.715192,ANONYMIZED,T_261633459b54,INACTIVE,false
C_a39b4cb21056,C_01a2db128292,Hessen,null,null,2022-12-06 11:02:31.243,2023-01-05 11:02:31.243,2022-12-06 11:02:31.244904,ACTIVE,T_261633459b54,ACTIVE,false
C_6dd1b1c51148,C_3a6d0067940f,Sachsen,null,null,2022-12-11 14:00:26.782,2023-01-20 14:00:26.782,2022-12-11 14:00:26.789173,ACTIVE,T_261633459b54,ACTIVE,false
C_2f606cb6f9aa,C_7b9fc5f2e0ab,null,null,,2022-12-13 17:11:16.22,2023-01-12 17:11:16.22,2022-12-13 17:11:16.227056,ANONYMIZED,T_261633459b54,INACTIVE,false
C_55ad43034a86,C_9b3e485c9f16,null,null,,2022-12-14 05:18:59.139,2023-01-13 05:18:59.139,2022-12-14 05:18:59.140213,ANONYMIZED,T_261633459b54,INACTIVE,false
C_1fe704c0889b,C_0bb904a24bdf,null,null,,2022-12-15 17:51:13.445,2023-01-14 17:51:13.445,2022-12-15 17:51:13.445193,ANONYMIZED,T_261633459b54,INACTIVE,false
C_da2c90e3330f,C_1b18629353d6,null,null,,2022-12-17 16:59:57.848,2023-01-16 16:59:57.848,2022-12-17 16:59:57.848309,ANONYMIZED,T_261633459b54,INACTIVE,false
C_dbd779b36bfe,C_124a76e462ee,null,website,,2022-12-21 10:00:38.362,2023-01-20 10:00:38.362,2022-12-21 10:00:38.362405,ANONYMIZED,T_261633459b54,INACTIVE,false
C_71e8fbc5008b,C_c190dcc06e8d,null,recommend,,2022-12-23 06:39:41.351,2023-02-05 06:39:41.351,2022-12-23 06:39:41.352364,ANONYMIZED,T_261633459b54,INACTIVE,false
C_d5fc742235bb,C_12d6f8b4de64,null,search-engine,,2022-12-28 19:04:40.655,2023-01-27 19:04:40.655,2022-12-28 19:04:40.655996,ANONYMIZED,T_261633459b54,INACTIVE,false
C_17ad2ad1c2e3,C_b1646216feb2,null,search-engine,,2023-01-04 11:12:17.286,2023-01-04 11:12:17.286,2023-01-04 11:12:17.278812,ANONYMIZED,T_261633459b54,INACTIVE,false
C_68a9a851d830,C_6a61c75f0704,null,search-engine,,2023-01-05 12:25:40.302,2023-02-04 12:25:40.302,2023-01-05 12:25:40.302558,ANONYMIZED,T_261633459b54,INACTIVE,false
C_3031b105ed10,C_3edce4356943,null,recommend,,2023-01-06 12:11:53.305,2023-02-05 12:11:53.305,2023-01-06 12:11:53.306275,ANONYMIZED,T_261633459b54,INACTIVE,false
C_f9caf7350e85,C_f7751b151a50,null,search-engine,,2023-01-07 11:29:11.904,2023-02-06 11:29:11.904,2023-01-07 11:29:11.905521,ANONYMIZED,T_261633459b54,INACTIVE,false
C_c29ab0ccbfbb,C_e709a51531d0,Sachsen,other,null,2023-01-16 07:27:40.241,2023-02-15 07:27:40.241,2023-01-16 07:27:40.243255,ACTIVE,T_261633459b54,ACTIVE,false
C_68df3a08fb36,C_2aa7f80aa61b,null,trade-journel,,2023-01-17 10:05:28.282,2023-02-16 10:05:28.282,2023-01-17 10:05:28.286595,ANONYMIZED,T_261633459b54,INACTIVE,false
C_d1cf643b8824,C_094d85f4429c,null,recommend,,2023-01-17 18:54:37.501,2023-02-16 18:54:37.501,2023-01-17 18:54:37.503617,ANONYMIZED,T_261633459b54,INACTIVE,false
C_bcfe56147ddb,C_6b2245b30ade,null,search-engine,,2023-01-17 19:49:29.18,2023-02-16 19:49:29.18,2023-01-17 19:49:29.181846,ANONYMIZED,T_261633459b54,INACTIVE,false
C_b94144bf2600,C_c2f529ebaf33,null,search-engine,,2023-01-19 07:37:59.201,2023-02-18 07:37:59.201,2023-01-19 07:37:59.204914,ANONYMIZED,T_261633459b54,INACTIVE,false
C_3b80ef87a0b5,C_b8432a54215a,null,recommend,,2023-01-23 08:24:01.862,2023-02-22 08:24:01.862,2023-01-23 08:24:01.868139,ANONYMIZED,T_261633459b54,INACTIVE,false
C_332aa6923bca,C_c2850ced4114,null,search-engine,,2023-02-01 18:57:13.19,2023-03-03 18:57:13.19,2023-02-01 18:57:13.191067,ANONYMIZED,T_261633459b54,INACTIVE,false
C_d934f65c4f6f,C_102fb8b74184,null,recommended,,2023-02-07 19:32:24.207,2023-03-09 19:32:24.207,2023-02-07 19:32:24.20589,ANONYMIZED,T_261633459b54,INACTIVE,false
C_26127669dc21,C_d0c4ff264cb6,null,other,,2023-02-13 11:42:16.917,2023-03-15 11:42:16.917,2023-02-13 11:42:16.915988,ANONYMIZED,T_261633459b54,INACTIVE,false
C_1a00b64e4f55,C_64485f1557c8,null,other,,2023-02-15 09:28:27.195,2023-03-17 09:28:27.195,2023-02-15 09:28:27.197753,ANONYMIZED,T_261633459b54,INACTIVE,false
C_acbab3f1ef2b,C_264606361db5,null,search-engine,,2023-02-27 14:39:48.2,2023-03-29 14:39:48.2,2023-02-27 14:39:48.20099,ANONYMIZED,T_261633459b54,INACTIVE,false
C_7a41ad5bddf1,C_b48fc776be79,null,ads,,2023-03-01 08:02:38.402,2023-03-31 08:02:38.402,2023-03-01 08:02:38.401984,ANONYMIZED,T_261633459b54,INACTIVE,false
C_15f2d93e8370,C_52c7eddc44e8,Nordrhein-Westfalen,search-engine,null,2023-03-05 16:51:27.901,2023-04-04 16:51:27.901,2023-03-05 16:51:27.90942,ACTIVE,T_261633459b54,ACTIVE,false
C_da5789148960,C_0be591569389,null,search-engine,,2023-03-06 13:52:22.954,2023-04-05 13:52:22.954,2023-03-06 13:52:22.953328,ANONYMIZED,T_261633459b54,INACTIVE,false
C_587c7b01cdc6,C_c9573c7aa338,null,other,,2023-03-13 17:02:13.698,2023-04-12 17:02:13.698,2023-03-13 17:02:13.698941,ANONYMIZED,T_261633459b54,INACTIVE,false
C_7b21b487d2d1,C_d86549ee9d3f,null,search-engine,,2023-03-18 14:11:27.848,2023-04-17 14:11:27.848,2023-03-18 14:11:27.84817,ANONYMIZED,T_261633459b54,INACTIVE,false
C_61f02d7dbe84,C_eb1cab211b30,null,search-engine,,2023-03-27 16:23:02.429,2023-04-26 16:23:02.429,2023-03-27 16:23:02.432912,ANONYMIZED,T_261633459b54,INACTIVE,false
C_407c1e7c947b,C_617ab15e7ed3,null,recommended,,2023-03-29 09:23:21.827,2023-04-28 09:23:21.827,2023-03-29 09:23:21.82772,ANONYMIZED,T_261633459b54,INACTIVE,false
C_50e0d94d849d,C_bf6c42fb151f,null,ads,,2023-03-29 09:42:51.466,2023-04-28 09:42:51.466,2023-03-29 09:42:51.465404,ANONYMIZED,T_261633459b54,INACTIVE,false
C_97570caa5300,C_9ede4363418c,null,social,,2023-03-29 15:55:27.448,2023-04-28 15:55:27.448,2023-03-29 15:55:27.44974,ANONYMIZED,T_261633459b54,INACTIVE,false
C_b6acda424b9b,C_4c5a05936710,null,search-engine,,2023-03-29 16:29:55.346,2023-04-28 16:29:55.346,2023-03-29 16:29:55.348607,ANONYMIZED,T_261633459b54,INACTIVE,false
C_63ba11de98b0,C_218a3f0c7635,null,ads,,2023-03-30 10:31:16.082,2023-04-29 10:31:16.082,2023-03-30 10:31:16.083836,ANONYMIZED,T_261633459b54,INACTIVE,false
C_68bab9e9fdef,C_6a5e6bcbb774,null,trade-journal,,2023-03-30 11:57:33.541,2023-04-29 11:57:33.541,2023-03-30 11:57:33.539138,ANONYMIZED,T_261633459b54,INACTIVE,false
C_ce2a4c594dbb,C_46c75c26908f,null,search-engine,,2023-04-10 05:47:41.95,2023-05-10 05:47:41.95,2023-04-10 05:47:41.950751,ANONYMIZED,T_261633459b54,INACTIVE,false
C_7311fd648ff4,C_ee49a777c8d1,null,social,,2023-04-11 03:34:37.544,2023-05-11 03:34:37.544,2023-04-11 03:34:37.546083,ANONYMIZED,T_261633459b54,INACTIVE,false
C_7ffa9c8eacad,C_5ae77a7abb55,Bayern,search-engine,null,2023-04-11 10:05:56.496,2023-07-18 00:05:56.496,2023-04-11 10:05:56.497445,ACTIVE,T_261633459b54,ACTIVE,false
C_c379284c7113,C_94c7a5887825,null,website,,2023-04-11 14:21:19.329,2023-05-11 14:21:19.329,2023-04-11 14:21:19.330334,ANONYMIZED,T_261633459b54,INACTIVE,false
C_517f070dc563,C_4c451ce6011b,null,other,,2023-04-16 11:32:47.735,2023-05-16 11:32:47.735,2023-04-16 11:32:47.740585,ANONYMIZED,T_261633459b54,INACTIVE,false
C_705de0c1227b,C_587d4f4c077f,null,website,,2023-04-18 19:52:01.585,2023-05-18 19:52:01.585,2023-04-18 19:52:01.587493,ANONYMIZED,T_261633459b54,INACTIVE,false
C_70b176e7acd7,C_f0e31e6596a8,Bayern,recommended,null,2023-04-19 10:43:55.659,2023-05-19 10:43:55.659,2023-04-19 10:43:55.664024,ACTIVE,T_261633459b54,ACTIVE,false
C_7d87d08f55bf,C_ba0055b09556,null,trade-journal,,2023-04-24 07:28:25.978,2023-05-24 07:28:25.978,2023-04-24 07:28:25.981397,ANONYMIZED,T_261633459b54,INACTIVE,false
C_f88cf91dc5ef,C_83ae26b947a5,null,other,,2023-04-25 08:31:24.584,2023-05-25 08:31:24.584,2023-04-25 08:31:24.585604,ANONYMIZED,T_261633459b54,INACTIVE,false
C_23b46e05e3fb,C_ab9ea8bede06,null,other,,2023-04-26 18:04:48.163,2023-05-26 18:04:48.163,2023-04-26 18:04:48.166638,ANONYMIZED,T_261633459b54,INACTIVE,false
C_95f99105e33f,C_c375c6468722,null,other,,2023-04-28 14:23:02.255,2023-05-28 14:23:02.255,2023-04-28 14:23:02.257584,ANONYMIZED,T_261633459b54,INACTIVE,false
C_c4fae19d22dc,C_041832b3fe2c,null,other,,2023-05-02 08:05:16.863,2023-06-01 08:05:16.863,2023-05-02 08:05:16.86492,ANONYMIZED,T_261633459b54,INACTIVE,false
C_8c69fb87fa11,C_7b869f8867e2,null,search-engine,,2023-05-02 08:25:01.357,2023-06-01 08:25:01.357,2023-05-02 08:25:01.359277,ANONYMIZED,T_261633459b54,INACTIVE,false
C_2ed1b15cac9a,C_850a0bb59d63,null,search-engine,,2023-05-02 18:57:07.565,2023-06-01 18:57:07.565,2023-05-02 18:57:07.567468,ANONYMIZED,T_261633459b54,INACTIVE,false
C_b2f7fb059ae7,C_d7e3636f02f8,null,trade-journal,,2023-05-05 10:00:09.458,2023-06-04 10:00:09.458,2023-05-05 10:00:09.459671,ANONYMIZED,T_261633459b54,INACTIVE,false
C_d6f5fd311b58,C_24446c8d6722,null,search-engine,,2023-05-06 18:42:43.057,2023-06-05 18:42:43.057,2023-05-06 18:42:43.058501,ANONYMIZED,T_261633459b54,INACTIVE,false
C_e39d59842c21,C_d612f6e60e3e,Thüringen,search-engine,null,2023-05-08 08:52:02.269,2023-06-07 08:52:02.269,2023-05-08 08:52:02.273275,ACTIVE,T_261633459b54,ACTIVE,false
C_72ef0e4cb818,C_24f329a69215,null,other,,2023-05-09 09:52:28.819,2023-06-08 09:52:28.819,2023-05-09 09:52:28.820539,ANONYMIZED,T_261633459b54,INACTIVE,false
C_42a752a962e0,C_726d91d5f28d,Rheinland-Pfalz,social,null,2023-05-11 12:07:56.085,2023-06-10 12:07:56.085,2023-05-11 12:07:56.086933,INACTIVE,T_261633459b54,INACTIVE,false
C_ddcda094a6fd,C_bb03145fc1b4,null,recommended,,2023-05-12 13:07:39.139,2023-06-11 13:07:39.139,2023-05-12 13:07:39.137914,ANONYMIZED,T_261633459b54,INACTIVE,false
C_e962af0f970f,C_472a1380eb50,null,ads,,2023-05-16 11:02:02.388,2023-06-15 11:02:02.388,2023-05-16 11:02:02.390798,ANONYMIZED,T_261633459b54,INACTIVE,false
C_c576599d6f30,C_ca3f6910620a,null,search-engine,,2023-05-18 15:22:14.598,2023-06-17 15:22:14.598,2023-05-18 15:22:14.599626,ANONYMIZED,T_261633459b54,INACTIVE,false
C_3df7710f8253,C_94f440241926,null,recommended,,2023-05-19 11:15:02.461,2023-06-18 11:15:02.461,2023-05-19 11:15:02.462846,ANONYMIZED,T_261633459b54,INACTIVE,false
C_9fc6ef9f5a41,C_0bb2182c0c1f,null,search-engine,,2023-05-20 12:57:23.229,2023-06-19 12:57:23.229,2023-05-20 12:57:23.231851,ANONYMIZED,T_261633459b54,INACTIVE,false
C_d8b26e4b5998,C_97241908047c,null,trade-journal,,2023-05-21 07:45:34.796,2023-06-20 07:45:34.796,2023-05-21 07:45:34.797778,ANONYMIZED,T_261633459b54,INACTIVE,false
C_58acb3c36375,C_98068fd34e65,null,other,,2023-05-21 12:31:29.118,2023-06-20 12:31:29.118,2023-05-21 12:31:29.12043,ANONYMIZED,T_261633459b54,INACTIVE,false
C_5b09bf97f779,C_c8964b9ebb1d,null,other,,2023-05-22 10:00:42.846,2023-06-21 10:00:42.846,2023-05-22 10:00:42.828005,ANONYMIZED,T_261633459b54,INACTIVE,false
C_4d745e4be1d9,C_75f1ce507b34,null,search-engine,,2023-05-22 10:12:55.17,2023-06-21 10:12:55.17,2023-05-22 10:12:55.143108,ANONYMIZED,T_261633459b54,INACTIVE,false
C_7e6283cf6962,C_38fca2a8cab8,null,search-engine,,2023-05-27 12:38:32.493,2023-06-26 12:38:32.493,2023-05-27 12:38:32.495355,ANONYMIZED,T_261633459b54,INACTIVE,false
C_2f676c693e03,C_b68e78deac44,Niedersachsen,search-engine,null,2023-05-30 08:48:39.705,2023-06-29 08:48:39.705,2023-05-30 08:48:39.704973,ACTIVE,T_261633459b54,ACTIVE,false
C_00a845b35e9b,C_642f855cc82b,null,social,,2023-06-07 18:22:27.423,2023-07-07 18:22:27.423,2023-06-07 18:22:27.425522,ANONYMIZED,T_261633459b54,INACTIVE,false
C_4db60c86a724,C_1ba8b27ce915,null,search-engine,,2023-06-08 18:13:37.64,2023-07-08 18:13:37.64,2023-06-08 18:13:37.643037,ANONYMIZED,T_261633459b54,INACTIVE,false
C_90f2829bbb82,C_9ab983ff28d2,null,website,,2023-06-13 09:24:12.931,2023-07-13 09:24:12.931,2023-06-13 09:24:12.932148,ANONYMIZED,T_261633459b54,INACTIVE,false
C_fd0445473535,C_758e9eeaf986,null,search-engine,,2023-06-15 06:24:22.529,2023-07-15 06:24:22.529,2023-06-15 06:24:22.528085,ANONYMIZED,T_261633459b54,INACTIVE,false
C_49bf135afd5d,C_5f472b807d53,Baden-Württemberg,social,null,2023-06-15 11:09:31.271,2023-07-18 00:00:59.999,2023-06-15 11:09:31.271939,ACTIVE,T_261633459b54,ACTIVE,false
C_2f2e85a96dfc,C_0f7091aaa0e3,null,other,,2023-06-19 09:31:18.133,2023-07-19 09:31:18.133,2023-06-19 09:31:18.138764,ANONYMIZED,T_261633459b54,INACTIVE,false
C_7d81f5fb0025,C_42f5c4ba023e,null,recommended,,2023-06-20 06:40:41.606,2023-07-20 06:40:41.606,2023-06-20 06:40:41.609679,ANONYMIZED,T_261633459b54,INACTIVE,false
C_bd414d37fe4c,C_ea1815f8d77e,null,search-engine,,2023-06-26 07:09:14.814,2023-07-26 07:09:14.814,2023-06-26 07:09:14.817024,ANONYMIZED,T_261633459b54,INACTIVE,false
C_b5746be227cc,C_f725fda1182c,null,search-engine,,2023-06-29 19:53:44.71,2023-07-29 19:53:44.71,2023-06-29 19:53:44.712522,ANONYMIZED,T_261633459b54,INACTIVE,false
C_14d496fac0ed,C_2e2f6f3c350b,null,social,,2023-07-02 06:46:25.244,2023-08-01 06:46:25.244,2023-07-02 06:46:25.247225,ANONYMIZED,T_261633459b54,INACTIVE,false
C_8fa942b4dae3,C_53e3629d54e2,Baden-Württemberg,search-engine,null,2023-07-03 09:59:43.843,2023-08-02 09:59:43.843,2023-07-03 09:59:43.820581,ANONYMIZED,T_261633459b54,INACTIVE,false
C_e57463d736fd,C_d474c2046f30,null,search-engine,,2023-07-03 17:21:42.029,2023-08-02 17:21:42.029,2023-07-03 17:21:42.030014,ANONYMIZED,T_261633459b54,INACTIVE,false
C_59319d010164,C_1b2891c6710f,null,other,,2023-07-04 09:38:26.061,2023-08-03 09:38:26.061,2023-07-04 09:38:26.061927,ANONYMIZED,T_261633459b54,INACTIVE,false
C_8e1a3b86d410,C_c716025b8d0a,null,search-engine,,2023-07-06 17:53:00.768,2023-08-05 17:53:00.768,2023-07-06 17:53:00.768165,ANONYMIZED,T_261633459b54,INACTIVE,false
C_b54fb66700cc,C_c84d413f1041,null,search-engine,,2023-07-14 07:42:30.974,2023-08-13 07:42:30.974,2023-07-14 07:42:30.976627,ANONYMIZED,T_261633459b54,INACTIVE,false
C_27978f3b36f4,C_9064f81ae5d9,null,search-engine,,2023-07-15 07:21:50.744,2023-08-14 07:21:50.744,2023-07-15 07:21:50.74792,ANONYMIZED,T_261633459b54,INACTIVE,false
C_b19edb12bb39,C_19931fb6294b,null,search-engine,,2023-07-16 02:19:15.354,2023-08-15 02:19:15.354,2023-07-16 02:19:15.357358,ANONYMIZED,T_261633459b54,INACTIVE,false
C_8a4a19ad67bb,C_20ae456fe92d,null,ads,,2023-07-16 14:26:52.046,2023-08-15 14:26:52.046,2023-07-16 14:26:52.046761,ANONYMIZED,T_261633459b54,INACTIVE,false
C_68aae68411c1,C_78d22bf42191,null,social,,2023-07-17 06:20:41.542,2023-08-16 06:20:41.542,2023-07-17 06:20:41.543582,ANONYMIZED,T_261633459b54,INACTIVE,false
C_5d00c5ef2e95,C_e8d38ffcb587,null,search-engine,,2023-07-18 11:10:25.216,2023-08-17 11:10:25.216,2023-07-18 11:10:25.22064,ANONYMIZED,T_261633459b54,INACTIVE,false
C_7b0c7251d068,C_a1fd866309f0,null,search-engine,,2023-07-19 08:10:47.287,2023-08-18 08:10:47.287,2023-07-19 08:10:47.288806,ANONYMIZED,T_261633459b54,INACTIVE,false
C_7f7df7b78756,C_1bc75f6aae52,null,social,,2023-07-20 15:23:04.988,2023-08-19 15:23:04.988,2023-07-20 15:23:04.990874,ANONYMIZED,T_261633459b54,INACTIVE,false
C_c4f1b36ab09f,C_34cfa5b63f7b,null,recommended,,2023-07-21 08:11:15.549,2023-08-20 08:11:15.549,2023-07-21 08:11:15.554184,ANONYMIZED,T_261633459b54,INACTIVE,false
C_9b5f72d05196,C_416afe03787c,null,search-engine,,2023-07-22 17:43:03.046,2023-08-21 17:43:03.046,2023-07-22 17:43:03.047384,ANONYMIZED,T_261633459b54,INACTIVE,false
C_daa757a555a9,C_65159c26439a,Nordrhein-Westfalen,search-engine,null,2023-07-23 13:53:27.657,2023-08-22 13:53:27.657,2023-07-23 13:53:27.65782,ACTIVE,T_261633459b54,ACTIVE,false
C_99e298ee9cc3,C_08f56ed5e9f4,null,other,,2023-07-27 22:40:23.219,2023-08-26 22:40:23.219,2023-07-27 22:40:23.2207,ANONYMIZED,T_261633459b54,INACTIVE,false
C_a7c7ec17a30d,C_d9b40e8410cb,null,search-engine,,2023-07-28 21:00:38.747,2023-08-27 21:00:38.747,2023-07-28 21:00:38.748515,ANONYMIZED,T_261633459b54,INACTIVE,false
C_a025fb6cc50a,C_e5be0c8b13e2,null,search-engine,,2023-07-31 05:41:05.725,2023-08-30 05:41:05.725,2023-07-31 05:41:05.727932,ANONYMIZED,T_261633459b54,INACTIVE,false
C_c75e2b3b7a9a,C_82a479dca624,null,recommended,,2023-07-31 09:06:04.866,2023-08-30 09:06:04.866,2023-07-31 09:06:04.868069,ANONYMIZED,T_261633459b54,INACTIVE,false
C_fb74f17b2814,C_8653897aff9f,null,search-engine,,2023-08-01 04:25:38.425,2023-08-31 04:25:38.425,2023-08-01 04:25:38.426318,ANONYMIZED,T_261633459b54,INACTIVE,false
C_7edefcc7dd23,C_96f0bcb00875,null,social,,2023-08-01 10:56:42.524,2023-08-31 10:56:42.524,2023-08-01 10:56:42.524838,ANONYMIZED,T_261633459b54,INACTIVE,false
C_6381023d12b1,C_8001b9bc6ba4,null,search-engine,,2023-08-01 11:35:19.346,2023-09-15 11:35:19.346,2023-08-01 11:35:19.347789,ANONYMIZED,T_261633459b54,INACTIVE,false
C_3361702d780d,C_478bcd3dcb4e,null,search-engine,,2023-08-01 16:11:45.8,2023-08-31 16:11:45.8,2023-08-01 16:11:45.800641,ANONYMIZED,T_261633459b54,INACTIVE,false
C_75970f1c1e1e,C_3b71a9659394,null,search-engine,,2023-08-02 14:16:15.285,2023-09-01 14:16:15.285,2023-08-02 14:16:15.290587,ANONYMIZED,T_261633459b54,INACTIVE,false
C_132afc956d8c,C_154d3850b445,null,search-engine,,2023-08-02 19:36:53.53,2023-09-01 19:36:53.53,2023-08-02 19:36:53.53122,ANONYMIZED,T_261633459b54,INACTIVE,false
C_4b75f7abcd5d,C_c08639baad49,null,search-engine,,2023-08-05 18:23:54.213,2023-09-04 18:23:54.213,2023-08-05 18:23:54.215532,ANONYMIZED,T_261633459b54,INACTIVE,false
C_5b6119d4cc31,C_4567bee80104,null,search-engine,,2023-08-06 08:32:05.718,2023-09-05 08:32:05.718,2023-08-06 08:32:05.71932,ANONYMIZED,T_261633459b54,INACTIVE,false
C_58aae47a5773,C_10fbad751a18,Nordrhein-Westfalen,search-engine,null,2023-08-06 11:14:17.287,2023-09-05 11:14:17.287,2023-08-06 11:14:17.293228,INACTIVE,T_261633459b54,INACTIVE,false
C_f318d7cf782a,C_f14cfab004ac,null,search-engine,,2023-08-06 11:30:27.644,2023-09-05 11:30:27.644,2023-08-06 11:30:27.646528,ANONYMIZED,T_261633459b54,INACTIVE,false
C_e4ae27f2e302,C_456325b8d0ef,null,search-engine,,2023-08-07 07:19:00.207,2023-09-06 07:19:00.207,2023-08-07 07:19:00.210043,ANONYMIZED,T_261633459b54,INACTIVE,false
C_996b2b260006,C_291d961916c3,null,search-engine,,2023-08-07 21:14:05.611,2023-09-06 21:14:05.611,2023-08-07 21:14:05.61186,ANONYMIZED,T_261633459b54,INACTIVE,false
C_97d07376946c,C_b58c068697f9,null,search-engine,,2023-08-08 08:16:29.702,2023-09-07 08:16:29.702,2023-08-08 08:16:29.704034,ANONYMIZED,T_261633459b54,INACTIVE,false
C_426c8aea7c77,C_ad830311d17d,null,search-engine,,2023-08-08 18:43:53.081,2023-09-07 18:43:53.081,2023-08-08 18:43:53.079835,ANONYMIZED,T_261633459b54,INACTIVE,false
C_ee81a2bfd8db,C_ad37c94854fe,null,search-engine,,2023-08-09 07:01:20.249,2023-09-08 07:01:20.249,2023-08-09 07:01:20.248243,ANONYMIZED,T_261633459b54,INACTIVE,false
C_e254437a785a,C_8f567d41382d,null,search-engine,,2023-08-10 09:36:24.429,2023-09-09 09:36:24.429,2023-08-10 09:36:24.428529,ANONYMIZED,T_261633459b54,INACTIVE,false
C_eb43d55062f6,C_bf7b5eec5ebb,null,recommended,,2023-08-11 12:16:27.633,2023-09-10 12:16:27.633,2023-08-11 12:16:27.634327,ANONYMIZED,T_261633459b54,INACTIVE,false
C_82b558082607,C_3beb546d5dd0,null,search-engine,,2023-08-13 11:23:54.751,2023-09-12 11:23:54.751,2023-08-13 11:23:54.753425,ANONYMIZED,T_261633459b54,INACTIVE,false
C_e1c47372ca5b,C_0ba7b5820cd0,null,ads,,2023-08-13 17:40:56.738,2023-09-12 17:40:56.738,2023-08-13 17:40:56.738233,ANONYMIZED,T_261633459b54,INACTIVE,false
C_3d99d016197d,C_0996a1ce8b37,null,search-engine,,2023-08-13 20:06:53.612,2023-09-12 20:06:53.612,2023-08-13 20:06:53.614477,ANONYMIZED,T_261633459b54,INACTIVE,false
C_1625c88b2e67,C_79f099309afd,null,search-engine,,2023-08-14 16:30:13.695,2023-09-13 16:30:13.695,2023-08-14 16:30:13.697568,ANONYMIZED,T_261633459b54,INACTIVE,false
C_1c479bee97ad,C_66b298c217eb,null,search-engine,,2023-08-15 12:32:41.315,2023-09-14 12:32:41.315,2023-08-15 12:32:41.315357,ANONYMIZED,T_261633459b54,INACTIVE,false
C_231269ba465f,C_897d4b93582f,null,website,,2023-08-15 14:34:53.605,2023-09-14 14:34:53.605,2023-08-15 14:34:53.610267,ANONYMIZED,T_261633459b54,INACTIVE,false
C_f0078e251c33,C_da52516c63bb,null,search-engine,,2023-08-16 04:11:08.207,2023-09-15 04:11:08.207,2023-08-16 04:11:08.2085,ANONYMIZED,T_261633459b54,INACTIVE,false
C_fbef286b7128,C_dfe4547a2f4c,null,search-engine,,2023-08-16 16:24:58.458,2023-09-15 16:24:58.458,2023-08-16 16:24:58.462103,ANONYMIZED,T_261633459b54,INACTIVE,false
C_19913626081c,C_884ff1cafe6f,null,search-engine,,2023-08-16 20:32:30.299,2023-09-15 20:32:30.299,2023-08-16 20:32:30.300378,ANONYMIZED,T_261633459b54,INACTIVE,false
C_13dba477d45b,C_085121e67be2,null,search-engine,,2023-08-17 09:37:56.66,2023-09-16 09:37:56.66,2023-08-17 09:37:56.661084,ANONYMIZED,T_261633459b54,INACTIVE,false
C_c9e219dcd8ba,C_357dce006d06,null,search-engine,,2023-08-17 11:45:41.508,2023-09-16 11:45:41.508,2023-08-17 11:45:41.506206,ANONYMIZED,T_261633459b54,INACTIVE,false
C_00a553552520,C_2005684ac6f0,null,email,,2023-08-17 19:46:57.758,2023-09-16 19:46:57.758,2023-08-17 19:46:57.756764,ANONYMIZED,T_261633459b54,INACTIVE,false
C_9dd843f1398c,C_353889dc93c1,null,search-engine,,2023-08-18 12:01:51.564,2023-09-17 12:01:51.564,2023-08-18 12:01:51.564869,ANONYMIZED,T_261633459b54,INACTIVE,false
C_bab2427a28d8,C_e2cad16053a3,null,search-engine,,2023-08-18 22:15:28.745,2023-09-17 22:15:28.745,2023-08-18 22:15:28.745449,ANONYMIZED,T_261633459b54,INACTIVE,false
C_3e87e2b8ffd6,C_86e025e96b53,null,search-engine,,2023-08-18 22:27:22.587,2023-09-17 22:27:22.587,2023-08-18 22:27:22.585392,ANONYMIZED,T_261633459b54,INACTIVE,false
C_9baff160725b,C_98c3ef9de09e,null,search-engine,,2023-08-19 07:30:27.164,2023-09-18 07:30:27.164,2023-08-19 07:30:27.166654,ANONYMIZED,T_261633459b54,INACTIVE,false
C_2e9e636c4e00,C_dfb7b9597d0b,Thüringen,search-engine,null,2023-08-20 09:33:18.558,2023-09-19 09:33:18.558,2023-08-20 09:33:18.560474,ACTIVE,T_261633459b54,ACTIVE,false
C_442bc35f7b8a,C_506b5a121c3c,null,recommended,,2023-08-21 20:42:57.901,2023-09-20 20:42:57.901,2023-08-21 20:42:57.902071,ANONYMIZED,T_261633459b54,INACTIVE,false
C_f97bdfcccb08,C_dafd8a1fdd36,null,search-engine,,2023-08-23 10:10:07.755,2023-09-22 10:10:07.755,2023-08-23 10:10:07.756216,ANONYMIZED,T_261633459b54,INACTIVE,false
C_f85cdeca5230,C_48f7e1a30891,Schleswig-Holstein,search-engine,null,2023-08-24 13:54:35.394,2023-09-23 13:54:35.394,2023-08-24 13:54:35.395231,ACTIVE,T_261633459b54,ACTIVE,false
C_8246decd3aa3,C_7886de27d921,null,search-engine,,2023-08-25 13:30:23.804,2023-09-24 13:30:23.804,2023-08-25 13:30:23.808112,ANONYMIZED,T_261633459b54,INACTIVE,false
C_2b114d5c19aa,C_064c74aa3399,null,search-engine,,2023-08-26 13:56:26.177,2023-09-25 13:56:26.177,2023-08-26 13:56:26.179967,ANONYMIZED,T_261633459b54,INACTIVE,false
C_16d84a4729c6,C_71047ad4d93e,null,other,,2023-08-26 14:54:42.914,2023-09-25 14:54:42.914,2023-08-26 14:54:42.917095,ANONYMIZED,T_261633459b54,INACTIVE,false
C_5115e3b28a64,C_b0b4bd3e7630,null,ads,,2023-08-26 17:50:25.38,2023-09-25 17:50:25.38,2023-08-26 17:50:25.381955,ANONYMIZED,T_261633459b54,INACTIVE,false
C_ae64f7b3fa88,C_1534c28523b9,null,search-engine,,2023-08-27 07:43:58.617,2023-09-26 07:43:58.617,2023-08-27 07:43:58.621045,ANONYMIZED,T_261633459b54,INACTIVE,false
C_5a3328071ec0,C_8d27e038729d,null,search-engine,,2023-08-27 11:28:03.337,2023-09-26 11:28:03.337,2023-08-27 11:28:03.340396,ANONYMIZED,T_261633459b54,INACTIVE,false
C_e47b82018e08,C_08df640f08a1,null,search-engine,,2023-08-27 17:29:15.161,2023-09-26 17:29:15.161,2023-08-27 17:29:15.178512,ANONYMIZED,T_261633459b54,INACTIVE,false
C_87ad5a83e71b,C_c60be0648b65,null,social,,2023-08-27 21:55:50.721,2023-09-26 21:55:50.721,2023-08-27 21:55:50.722268,ANONYMIZED,T_261633459b54,INACTIVE,false
C_663bbfe04cee,C_044d60115e8c,null,search-engine,,2023-08-28 10:39:16.423,2023-09-27 10:39:16.423,2023-08-28 10:39:16.424518,ANONYMIZED,T_261633459b54,INACTIVE,false
C_7c3de7b32496,C_a8ea751f8f0c,Nordrhein-Westfalen,recommended,null,2023-08-29 06:12:32.893,2023-09-28 06:12:32.893,2023-08-29 06:12:32.935745,ACTIVE,T_261633459b54,ACTIVE,false
C_ac637e948049,C_ae16b19f26c7,null,ads,,2023-08-29 08:00:20.294,2023-09-28 08:00:20.294,2023-08-29 08:00:20.294975,ANONYMIZED,T_261633459b54,INACTIVE,false
C_ac00a0ae9a1e,C_490f9318f326,null,search-engine,,2023-08-30 19:09:08.26,2023-09-29 19:09:08.26,2023-08-30 19:09:08.259093,ANONYMIZED,T_261633459b54,INACTIVE,false
C_c364ff7ddb66,C_b748e035143a,null,search-engine,,2023-09-01 12:29:13.684,2023-10-01 12:29:13.684,2023-09-01 12:29:13.686513,ANONYMIZED,T_261633459b54,INACTIVE,false
C_59601d3b9947,C_95264ca08f94,null,social,,2023-09-01 21:52:13.354,2023-10-01 21:52:13.354,2023-09-01 21:52:13.357655,ANONYMIZED,T_261633459b54,INACTIVE,false
C_729d6c20b1f2,C_59ff8d91b0d0,null,recommended,,2023-09-02 16:12:00.051,2023-10-02 16:12:00.051,2023-09-02 16:12:00.053168,ANONYMIZED,T_261633459b54,INACTIVE,false
C_6bcd45cadec4,C_208b3bd982f4,null,ads,,2023-09-03 03:17:24.486,2023-10-03 03:17:24.486,2023-09-03 03:17:24.476528,ANONYMIZED,T_261633459b54,INACTIVE,false
C_fb65c08015d5,C_54a95328aa3d,null,recommended,,2023-09-03 11:15:20.86,2023-10-03 11:15:20.86,2023-09-03 11:15:20.861319,ANONYMIZED,T_261633459b54,INACTIVE,false
C_d9dd46b2cdf4,C_32edbd0d7635,null,ads,,2023-09-03 18:30:46.292,2023-10-03 18:30:46.292,2023-09-03 18:30:46.294187,ANONYMIZED,T_261633459b54,INACTIVE,false
C_681bbb160775,C_2da7f5232269,null,search-engine,,2023-09-03 20:00:09.757,2023-10-03 20:00:09.757,2023-09-03 20:00:09.758299,ANONYMIZED,T_261633459b54,INACTIVE,false
C_6ce0fc344a04,C_06ce9f4498a3,null,recommended,,2023-09-04 09:17:16.551,2023-10-04 09:17:16.551,2023-09-04 09:17:16.554718,ANONYMIZED,T_261633459b54,INACTIVE,false
C_a36c3164c7e0,C_4cb43eac3818,null,search-engine,,2023-09-05 11:44:50.31,2023-10-05 11:44:50.31,2023-09-05 11:44:50.309775,ANONYMIZED,T_261633459b54,INACTIVE,false
C_d76b591ee6e6,C_15e75006ec97,null,search-engine,,2023-09-05 12:18:02.592,2023-10-05 12:18:02.592,2023-09-05 12:18:02.593972,ANONYMIZED,T_261633459b54,INACTIVE,false
C_79b269dc89d2,C_b50f29338196,null,search-engine,,2023-09-05 14:22:38.65,2023-10-05 14:22:38.65,2023-09-05 14:22:38.651736,ANONYMIZED,T_261633459b54,INACTIVE,false
C_b1c955dd0b00,C_0afa7db770ef,null,recommended,,2023-09-06 10:38:46.261,2023-10-06 10:38:46.261,2023-09-06 10:38:46.262453,ANONYMIZED,T_261633459b54,INACTIVE,false
C_edb3386ce53b,C_197f03e6ebac,null,other,,2023-09-06 14:14:56.063,2023-10-06 14:14:56.063,2023-09-06 14:14:56.065139,ANONYMIZED,T_261633459b54,INACTIVE,false
C_68432ff47a6b,C_7c528effa69b,null,search-engine,,2023-09-06 15:26:40.749,2023-10-06 15:26:40.749,2023-09-06 15:26:40.75423,ANONYMIZED,T_261633459b54,INACTIVE,false
C_085118e8345a,C_c24dc3197087,null,search-engine,,2023-09-06 16:24:02.872,2023-10-06 16:24:02.872,2023-09-06 16:24:02.873872,ANONYMIZED,T_261633459b54,INACTIVE,false
C_3998454cd4ea,C_37ce20141418,null,search-engine,,2023-09-06 17:33:27.789,2023-10-06 17:33:27.789,2023-09-06 17:33:27.791261,ANONYMIZED,T_261633459b54,INACTIVE,true
C_e2f50c710b54,C_8a1b281452ac,null,search-engine,,2023-09-06 17:33:58.881,2023-10-06 17:33:58.881,2023-09-06 17:33:58.881966,ANONYMIZED,T_261633459b54,INACTIVE,false
C_bef5a11610dd,C_d0c5af09f10f,null,search-engine,,2023-09-08 07:26:14.902,2023-10-08 07:26:14.902,2023-09-08 07:26:14.902927,ANONYMIZED,T_261633459b54,INACTIVE,false
C_1b4dbef21485,C_a2a469a57540,null,search-engine,,2023-09-08 23:03:19.386,2023-10-08 23:03:19.386,2023-09-08 23:03:19.387259,ANONYMIZED,T_261633459b54,INACTIVE,false
C_c2dd87119973,C_bc2dfddab27d,null,search-engine,,2023-09-10 12:50:05.637,2023-10-10 12:50:05.637,2023-09-10 12:50:05.640036,ANONYMIZED,T_261633459b54,INACTIVE,false
C_99089b21d19f,C_7465e26327e2,Sachsen,search-engine,null,2023-09-11 23:15:48.908,2023-10-11 23:15:48.908,2023-09-11 23:15:48.91311,ACTIVE,T_261633459b54,ACTIVE,false
C_b7ade98adcae,C_e26985246387,null,ads,,2023-09-12 08:27:35.251,2023-10-12 08:27:35.251,2023-09-12 08:27:35.25177,ANONYMIZED,T_261633459b54,INACTIVE,false
C_80890e07c1af,C_9bb310a0f016,null,search-engine,,2023-09-12 12:36:07.489,2023-10-12 12:36:07.489,2023-09-12 12:36:07.492151,ANONYMIZED,T_261633459b54,INACTIVE,false
C_df45b9c11a39,C_b2c5cdbcd42b,null,search-engine,,2023-09-13 00:26:56.357,2023-10-13 00:26:56.357,2023-09-13 00:26:56.358957,ANONYMIZED,T_261633459b54,INACTIVE,false
C_50fcf3195b21,C_cc184da9df7f,Schleswig-Holstein,search-engine,null,2023-09-13 08:48:43.47,2024-01-07 08:48:43.47,2023-09-13 08:48:43.470728,ACTIVE,T_261633459b54,ACTIVE,false
C_dde1821ec5ca,C_2576d0676dca,null,search-engine,,2023-09-15 20:20:32.974,2023-10-15 20:20:32.974,2023-09-15 20:20:32.977597,ANONYMIZED,T_261633459b54,INACTIVE,false
C_65f00a9d46ca,C_5ab46123f528,null,search-engine,,2023-09-16 04:33:43.753,2023-10-16 04:33:43.753,2023-09-16 04:33:43.756756,ANONYMIZED,T_261633459b54,INACTIVE,false
C_2e16a3ecde5d,C_67c44ca48b85,null,ads,,2023-09-16 09:24:15.818,2023-10-16 09:24:15.818,2023-09-16 09:24:15.819205,ANONYMIZED,T_261633459b54,INACTIVE,false
C_da062412b01a,C_684fd17c992d,null,search-engine,,2023-09-16 15:18:49.014,2023-10-16 15:18:49.014,2023-09-16 15:18:49.115944,ANONYMIZED,T_261633459b54,INACTIVE,false
C_8ef4336d768f,C_55e9e27538cf,null,recommended,,2023-09-17 21:00:55.734,2023-10-17 21:00:55.734,2023-09-17 21:00:55.746622,ANONYMIZED,T_261633459b54,INACTIVE,false
C_d061cacb9de5,C_115402af4235,null,search-engine,,2023-09-18 06:33:10.971,2023-10-18 06:33:10.971,2023-09-18 06:33:10.972587,ANONYMIZED,T_261633459b54,INACTIVE,false
C_1fec5d3e1f2e,C_537fc0248ffe,null,search-engine,,2023-09-18 14:05:25.568,2023-10-18 14:05:25.568,2023-09-18 14:05:25.569044,ANONYMIZED,T_261633459b54,INACTIVE,false
C_010bbd36bbb2,C_628afa81b79f,null,search-engine,,2023-09-20 06:29:00.818,2023-10-20 06:29:00.818,2023-09-20 06:29:00.819138,ANONYMIZED,T_261633459b54,INACTIVE,false
C_ce1036cd92c3,C_1d1ff301c106,null,search-engine,,2023-09-20 08:26:43.837,2023-10-20 08:26:43.837,2023-09-20 08:26:43.840197,ANONYMIZED,T_261633459b54,INACTIVE,false
C_03ac66716737,C_7c48f5a4c4eb,null,search-engine,,2023-09-20 12:59:58.139,2023-10-20 12:59:58.139,2023-09-20 12:59:58.141899,ANONYMIZED,T_261633459b54,INACTIVE,false
C_c5235444ea08,C_a645f7d6636f,null,search-engine,,2023-09-20 22:30:37.795,2023-10-20 22:30:37.795,2023-09-20 22:30:37.797393,ANONYMIZED,T_261633459b54,INACTIVE,false
C_534b9225f01a,C_279403afb665,Brandenburg,recommended,null,2023-09-21 12:53:39.739,2023-10-21 12:53:39.739,2023-09-21 12:53:39.739279,ACTIVE,T_261633459b54,ACTIVE,false
C_5fa7e7795bb0,C_7cb1d7adb54a,null,search-engine,,2023-09-22 11:56:10.424,2023-10-22 11:56:10.424,2023-09-22 11:56:10.424502,ANONYMIZED,T_261633459b54,INACTIVE,false
C_546b1c524e93,C_01ecac7d68dd,null,search-engine,,2023-09-22 13:48:45.536,2023-10-22 13:48:45.536,2023-09-22 13:48:45.537302,ANONYMIZED,T_261633459b54,INACTIVE,false
C_3623d0e97f00,C_b478ad97b8cd,null,email,,2023-09-22 20:11:53.612,2023-10-22 20:11:53.612,2023-09-22 20:11:53.613552,ANONYMIZED,T_261633459b54,INACTIVE,false
C_15b82957f288,C_a13e37077f92,null,search-engine,,2023-09-23 09:32:02.024,2023-10-23 09:32:02.024,2023-09-23 09:32:02.026341,ANONYMIZED,T_261633459b54,INACTIVE,false
C_7bd03770e34f,C_3c1216ba04bf,null,search-engine,,2023-09-24 09:22:01.911,2023-10-24 09:22:01.911,2023-09-24 09:22:01.910171,ANONYMIZED,T_261633459b54,INACTIVE,false
C_616e1f5d1f2a,C_1e4fd741d994,null,search-engine,,2023-09-24 21:12:11.954,2023-10-24 21:12:11.954,2023-09-24 21:12:11.963618,ANONYMIZED,T_261633459b54,INACTIVE,false
C_9d3e9ae93bc7,C_ba29f1e49491,null,search-engine,,2023-09-25 15:48:55.231,2023-10-25 15:48:55.231,2023-09-25 15:48:55.236209,ANONYMIZED,T_261633459b54,INACTIVE,false
C_efa82291d0c3,C_a7596de97d12,null,search-engine,,2023-09-26 09:18:43.222,2023-10-26 09:18:43.222,2023-09-26 09:18:43.225432,ANONYMIZED,T_261633459b54,INACTIVE,false
C_728a4117ee9e,C_0d6c6864a232,Baden-Württemberg,search-engine,null,2023-09-27 09:10:40.211,2023-10-27 09:10:40.211,2023-09-27 09:10:40.212407,ACTIVE,T_261633459b54,ACTIVE,false
C_cb2e9ccb066e,C_8e3be8148dfe,null,search-engine,,2023-09-27 20:36:42.385,2023-10-27 20:36:42.385,2023-09-27 20:36:42.380897,ANONYMIZED,T_261633459b54,INACTIVE,false
C_5df9a49920f1,C_b7cb074890d9,null,search-engine,,2023-09-28 13:08:22.179,2023-10-28 13:08:22.179,2023-09-28 13:08:22.181235,ANONYMIZED,T_261633459b54,INACTIVE,false
C_f85856366b8c,C_a7343792c89b,null,search-engine,,2023-09-28 19:23:05.803,2023-10-28 19:23:05.803,2023-09-28 19:23:05.803421,ANONYMIZED,T_261633459b54,INACTIVE,false
C_ea331a5a518d,C_641ffc746f9c,null,search-engine,,2023-09-28 21:24:07.254,2023-10-28 21:24:07.254,2023-09-28 21:24:07.260767,ANONYMIZED,T_261633459b54,INACTIVE,false
C_ed4bd3362a7e,C_ddf360719e93,null,search-engine,,2023-09-29 06:18:05.151,2023-10-29 06:18:05.151,2023-09-29 06:18:05.153833,ANONYMIZED,T_261633459b54,INACTIVE,false
C_12c498d552cc,C_c74c1f225d51,null,search-engine,,2023-09-29 16:54:19.657,2023-10-29 16:54:19.657,2023-09-29 16:54:19.657327,ANONYMIZED,T_261633459b54,INACTIVE,false
C_0832fcbd85f5,C_5695c4c547f3,null,search-engine,,2023-09-30 13:38:06.485,2023-10-30 13:38:06.485,2023-09-30 13:38:06.485884,ANONYMIZED,T_261633459b54,INACTIVE,false
C_5a2b8fc5c714,C_3f86807cea8b,null,search-engine,,2023-10-01 03:17:35.557,2023-10-31 03:17:35.557,2023-10-01 03:17:35.563361,ANONYMIZED,T_261633459b54,INACTIVE,false
C_60093df66061,C_88791f6232c6,null,search-engine,,2023-10-02 15:19:54.916,2023-11-01 15:19:54.916,2023-10-02 15:19:54.918352,ANONYMIZED,T_261633459b54,INACTIVE,false
C_ece0e3207255,C_3570090f9b3e,null,recommended,,2023-10-03 03:50:37.849,2023-11-02 03:50:37.849,2023-10-03 03:50:37.850771,ANONYMIZED,T_261633459b54,INACTIVE,false
C_ed49cf31d730,C_163ceb721465,null,search-engine,,2023-10-03 07:44:22.129,2023-11-02 07:44:22.129,2023-10-03 07:44:22.133458,ANONYMIZED,T_261633459b54,INACTIVE,false
C_a182ba13e57f,C_7edc2c59ea16,null,mail,,2023-10-03 18:12:40.807,2023-11-02 18:12:40.807,2023-10-03 18:12:40.808231,ANONYMIZED,T_261633459b54,INACTIVE,false
C_ec976e543c28,C_6dd9cb15ec2c,null,search-engine,,2023-10-04 17:26:34.222,2023-11-03 17:26:34.222,2023-10-04 17:26:34.225567,ANONYMIZED,T_261633459b54,INACTIVE,false
C_37646b928e27,C_95a18b219a19,null,search-engine,,2023-10-04 18:24:35.629,2023-11-03 18:24:35.629,2023-10-04 18:24:35.630143,ANONYMIZED,T_261633459b54,INACTIVE,false
C_e4161629dfcf,C_96014063e7a0,null,search-engine,,2023-10-05 10:32:13.527,2023-11-04 10:32:13.527,2023-10-05 10:32:13.530033,ANONYMIZED,T_261633459b54,INACTIVE,false
C_f1b890cffd9c,C_0590b556f2a5,null,social,,2023-10-05 17:23:16.952,2023-11-04 17:23:16.952,2023-10-05 17:23:16.95287,ANONYMIZED,T_261633459b54,INACTIVE,false
C_37fc30e2c368,C_5721910fe812,null,recommended,,2023-10-06 09:24:11.893,2023-11-05 09:24:11.893,2023-10-06 09:24:11.894722,ANONYMIZED,T_261633459b54,INACTIVE,false
C_5b6a933e2e61,C_bc7ab66b2db7,null,search-engine,,2023-10-06 13:12:03.122,2023-11-05 13:12:03.122,2023-10-06 13:12:03.123872,ANONYMIZED,T_261633459b54,INACTIVE,false
C_41ddf4feed84,C_f6173f06ae3a,null,social,,2023-10-06 19:42:31.786,2023-11-05 19:42:31.786,2023-10-06 19:42:31.788095,ANONYMIZED,T_261633459b54,INACTIVE,false
C_d4636f1e6cba,C_63ddd42ea404,null,search-engine,,2023-10-07 00:47:37.512,2023-11-06 00:47:37.512,2023-10-07 00:47:37.512752,ANONYMIZED,T_261633459b54,INACTIVE,false
C_74965788195e,C_1ba783655177,null,ads,,2023-10-07 22:30:45.806,2023-11-06 22:30:45.806,2023-10-07 22:30:45.808026,ANONYMIZED,T_261633459b54,INACTIVE,false
C_2d7a0fe7b053,C_bceabc8f6d8c,null,search-engine,,2023-10-08 00:30:08.326,2023-11-07 00:30:08.326,2023-10-08 00:30:08.327415,ANONYMIZED,T_261633459b54,INACTIVE,false
C_1508f74f8c01,C_95a989a14014,null,search-engine,,2023-10-08 05:57:52.888,2023-11-07 05:57:52.888,2023-10-08 05:57:52.890258,ANONYMIZED,T_261633459b54,INACTIVE,false
C_a92bf132a42a,C_6ccbb74daa9f,null,search-engine,,2023-10-08 18:07:03.054,2023-11-07 18:07:03.054,2023-10-08 18:07:03.055719,ANONYMIZED,T_261633459b54,INACTIVE,false
C_7a89b2300bc7,C_308b8185a08d,null,search-engine,,2023-10-09 08:32:24.202,2023-11-08 08:32:24.202,2023-10-09 08:32:24.202733,ANONYMIZED,T_261633459b54,INACTIVE,false
C_972e672da150,C_79fb5e03e124,null,search-engine,,2023-10-09 16:12:37.616,2023-11-08 16:12:37.616,2023-10-09 16:12:37.618604,ANONYMIZED,T_261633459b54,INACTIVE,false
C_20116d9305f4,C_7a97739ac02a,null,search-engine,,2023-10-10 21:31:03.4,2023-11-09 21:31:03.4,2023-10-10 21:31:03.404875,ANONYMIZED,T_261633459b54,INACTIVE,false
C_a119941bfbff,C_e10eddade4b6,null,social,,2023-10-11 07:25:27.137,2023-11-10 07:25:27.137,2023-10-11 07:25:27.137531,ANONYMIZED,T_261633459b54,INACTIVE,false
C_ba99e5d04016,C_e4a378b5b255,null,ads,,2023-10-11 18:04:04.555,2023-11-10 18:04:04.555,2023-10-11 18:04:04.556587,ANONYMIZED,T_261633459b54,INACTIVE,false
C_4ddcec19199d,C_dff7928d9880,null,search-engine,,2023-10-12 13:19:40.551,2023-11-11 13:19:40.551,2023-10-12 13:19:40.548993,ANONYMIZED,T_261633459b54,INACTIVE,false
C_4b7d8ca4851c,C_4c1439597ddf,null,search-engine,,2023-10-13 00:23:30.934,2023-11-12 00:23:30.934,2023-10-13 00:23:30.936647,ANONYMIZED,T_261633459b54,INACTIVE,false
C_62005f3153d9,C_69147b0c9aab,null,search-engine,,2023-10-13 00:36:46.761,2023-11-12 00:36:46.761,2023-10-13 00:36:46.764281,ANONYMIZED,T_261633459b54,INACTIVE,false
C_692b9c2d678b,C_13dbd982e7ca,null,search-engine,,2023-10-13 11:29:53.955,2023-11-12 11:29:53.955,2023-10-13 11:29:53.954072,ANONYMIZED,T_261633459b54,INACTIVE,false
C_525f53353736,C_7608b5e1a400,null,other,,2023-10-16 14:07:04.119,2023-11-15 14:07:04.119,2023-10-16 14:07:04.119527,ANONYMIZED,T_261633459b54,INACTIVE,false
C_9d021234011e,C_a9667c556526,null,social,,2023-10-17 17:26:39.29,2023-11-16 17:26:39.29,2023-10-17 17:26:39.290627,ANONYMIZED,T_261633459b54,INACTIVE,false
C_418b8c3daecf,C_21fbcf8f4587,null,ads,,2023-10-17 18:21:26.481,2023-11-16 18:21:26.481,2023-10-17 18:21:26.482193,ANONYMIZED,T_261633459b54,INACTIVE,true
C_74755fdf685b,C_619ce21d8091,null,email,,2023-10-17 18:23:27.118,2023-11-23 18:23:27.118,2023-10-17 18:23:27.118724,ANONYMIZED,T_261633459b54,INACTIVE,false
C_5c7e5e4fea92,C_332b472a7cec,null,search-engine,,2023-10-17 22:09:34.572,2023-11-16 22:09:34.572,2023-10-17 22:09:34.581062,ANONYMIZED,T_261633459b54,INACTIVE,false
C_bd848b56c733,C_daf789d5671f,null,search-engine,,2023-10-21 09:57:41.276,2023-11-20 09:57:41.276,2023-10-21 09:57:41.279253,ANONYMIZED,T_261633459b54,INACTIVE,false
C_017462957b40,C_26fd021edf1e,null,search-engine,,2023-10-22 13:48:10.867,2023-11-21 13:48:10.867,2023-10-22 13:48:10.863319,ANONYMIZED,T_261633459b54,INACTIVE,false
C_adebae54dd17,C_58c05527b501,null,search-engine,,2023-10-22 14:49:35.889,2023-11-21 14:49:35.889,2023-10-22 14:49:35.885265,ANONYMIZED,T_261633459b54,INACTIVE,false
C_9040b4d1e473,C_ed2f16b08a01,null,search-engine,,2023-10-23 18:04:29.322,2023-11-22 18:04:29.322,2023-10-23 18:04:29.329636,ANONYMIZED,T_261633459b54,INACTIVE,false
C_95025b9b1919,C_d2ccf9c925a7,null,recommended,,2023-10-24 19:57:36.377,2023-11-23 19:57:36.377,2023-10-24 19:57:36.349825,ANONYMIZED,T_261633459b54,INACTIVE,false
C_b9c5095184f0,C_4351588f3802,null,other,,2023-10-24 23:52:32.301,2023-11-23 23:52:32.301,2023-10-24 23:52:32.327988,ANONYMIZED,T_261633459b54,INACTIVE,false
C_11d8ad7db391,C_bc89da1c73fb,null,other,,2023-10-25 09:52:17.289,2023-11-24 09:52:17.289,2023-10-25 09:52:17.29139,ANONYMIZED,T_261633459b54,INACTIVE,false
C_0c30285a76d0,C_2a333f411073,null,social,,2023-10-25 17:53:04.7,2023-11-24 17:53:04.7,2023-10-25 17:53:04.702709,ANONYMIZED,T_261633459b54,INACTIVE,false
C_f19eeadeea45,C_3a0338bd7e65,null,other,,2023-10-26 15:29:04.292,2023-11-25 15:29:04.292,2023-10-26 15:29:04.295739,ANONYMIZED,T_261633459b54,INACTIVE,false
C_106af31d20f8,C_4157b3e39b11,null,search-engine,,2023-10-27 03:11:01.377,2023-11-26 03:11:01.377,2023-10-27 03:11:01.360324,ANONYMIZED,T_261633459b54,INACTIVE,true
C_899b92797690,C_98b233b862f2,null,ads,,2023-10-27 03:12:38.991,2023-11-26 03:12:38.991,2023-10-27 03:12:38.975141,ANONYMIZED,T_261633459b54,INACTIVE,false
C_f24d957086f4,C_a89b6c4ec972,null,other,,2023-10-27 07:04:26.77,2023-11-26 07:04:26.77,2023-10-27 07:04:26.778591,ANONYMIZED,T_261633459b54,INACTIVE,false
C_7313327e989f,C_f69f5a0d35c0,null,other,,2023-10-27 10:11:15.497,2023-12-03 10:11:15.497,2023-10-27 10:11:15.499172,ANONYMIZED,T_261633459b54,INACTIVE,false
C_198cadc1c7dd,C_5feca42fbf61,null,other,,2023-10-27 14:34:45.909,2023-11-26 14:34:45.909,2023-10-27 14:34:45.910569,ANONYMIZED,T_261633459b54,INACTIVE,false
C_b85b5d0cf76b,C_e3669133caca,null,search-engine,,2023-10-28 04:22:43.14,2023-11-27 04:22:43.14,2023-10-28 04:22:43.141651,ANONYMIZED,T_261633459b54,INACTIVE,false
C_047700760cca,C_8b096dd97602,null,search-engine,,2023-10-28 07:45:58.902,2023-11-27 07:45:58.902,2023-10-28 07:45:58.902645,ANONYMIZED,T_261633459b54,INACTIVE,false
C_61ffffe6a1d9,C_9a546467096e,null,social,,2023-10-28 08:51:11.811,2023-11-27 08:51:11.811,2023-10-28 08:51:11.812154,ANONYMIZED,T_261633459b54,INACTIVE,false
C_61d804734ccd,C_a740d7e77b82,null,search-engine,,2023-10-28 11:54:41.095,2023-12-04 11:54:41.095,2023-10-28 11:54:41.096508,ANONYMIZED,T_261633459b54,INACTIVE,false
C_20251544465c,C_e7ce3d262b2e,null,other,,2023-10-28 15:13:57.191,2023-11-27 15:13:57.191,2023-10-28 15:13:57.192977,ANONYMIZED,T_261633459b54,INACTIVE,false
C_eddda056d295,C_9a06735f745a,null,social,,2023-10-28 17:20:44.707,2023-11-27 17:20:44.707,2023-10-28 17:20:44.70863,ANONYMIZED,T_261633459b54,INACTIVE,false
C_d019b68fb62e,C_953c89158fe4,null,search-engine,,2023-10-28 20:41:54.982,2023-11-27 20:41:54.982,2023-10-28 20:41:54.984032,ANONYMIZED,T_261633459b54,INACTIVE,false
C_148dfc864a02,C_d63f64d822f2,null,search-engine,,2023-10-29 08:50:42.499,2023-12-05 08:50:42.499,2023-10-29 08:50:42.499726,ANONYMIZED,T_261633459b54,INACTIVE,false
C_1050a0fb4ac2,C_6a7b8a6542d5,null,search-engine,,2023-10-29 11:38:14.679,2023-11-28 11:38:14.679,2023-10-29 11:38:14.678732,ANONYMIZED,T_261633459b54,INACTIVE,false
C_90500a926bc6,C_2c39d824475c,null,social,,2023-10-29 19:49:26.499,2023-11-28 19:49:26.499,2023-10-29 19:49:26.499748,ANONYMIZED,T_261633459b54,INACTIVE,false
C_035b82d921dd,C_94227da858f6,null,social,,2023-10-30 14:41:55.449,2023-11-29 14:41:55.449,2023-10-30 14:41:55.450207,ANONYMIZED,T_261633459b54,INACTIVE,false
C_4f9f98fd0b15,C_2548c65aa693,null,search-engine,,2023-11-02 20:02:26.342,2023-12-09 20:02:26.342,2023-11-02 20:02:26.34272,ANONYMIZED,T_261633459b54,INACTIVE,false
C_b8c17b230f50,C_43d364e28e37,null,other,,2023-11-02 21:02:25.599,2023-12-02 21:02:25.599,2023-11-02 21:02:25.598476,ANONYMIZED,T_261633459b54,INACTIVE,false
C_f5a0f5ae86da,C_955b975b85c2,Bayern,search-engine,,2023-11-03 10:07:44.822,2023-12-10 10:07:44.822,2023-11-03 10:07:44.823226,ANONYMIZED,T_261633459b54,INACTIVE,false
C_5019ed5e68dd,C_90f147f5493a,null,search-engine,,2023-11-03 12:15:02.14,2023-12-03 12:15:02.14,2023-11-03 12:15:02.138184,ANONYMIZED,T_261633459b54,INACTIVE,false
C_13c8fdde671b,C_0719e80c2fe2,null,search-engine,,2023-11-05 11:16:29.403,2023-12-05 11:16:29.403,2023-11-05 11:16:29.402259,ANONYMIZED,T_261633459b54,INACTIVE,false
C_201a1be24b01,C_8ccc3f0f9c86,null,search-engine,,2023-11-05 11:48:17.374,2023-12-05 11:48:17.374,2023-11-05 11:48:17.375754,ANONYMIZED,T_261633459b54,INACTIVE,false
C_63f874f8402a,C_f01eac7e5638,null,search-engine,,2023-11-05 20:24:58.121,2023-12-05 20:24:58.121,2023-11-05 20:24:58.119252,ANONYMIZED,T_261633459b54,INACTIVE,false
C_f30e4ae85b4a,C_96cb606752b6,null,search-engine,,2023-11-06 07:06:56.727,2023-12-06 07:06:56.727,2023-11-06 07:06:56.730312,ANONYMIZED,T_261633459b54,INACTIVE,false
C_485361f1ebd5,C_76ac056aad78,null,search-engine,,2023-11-06 08:02:22.349,2023-12-06 08:02:22.349,2023-11-06 08:02:22.346733,ANONYMIZED,T_261633459b54,INACTIVE,false
C_8c3f23b65792,C_4639388ae155,null,search-engine,,2023-11-06 12:49:42.392,2023-12-06 12:49:42.392,2023-11-06 12:49:42.389673,ANONYMIZED,T_261633459b54,INACTIVE,false
C_9b4bc030da5c,C_d803066f3f7c,null,social,,2023-11-06 18:28:35.199,2023-12-06 18:28:35.199,2023-11-06 18:28:35.197512,ANONYMIZED,T_261633459b54,INACTIVE,true
C_5a8e3269ffbd,C_3ef6afd856d0,null,search-engine,,2023-11-06 18:29:00.893,2023-12-06 18:29:00.893,2023-11-06 18:29:00.89116,ANONYMIZED,T_261633459b54,INACTIVE,false
C_543e025e7b5e,C_50c89b7650e4,null,other,,2023-11-08 08:42:48.547,2023-12-08 08:42:48.547,2023-11-08 08:42:48.549008,ANONYMIZED,T_261633459b54,INACTIVE,false
C_715a50e47377,C_90d9e5c85279,null,search-engine,,2023-11-09 10:27:59.675,2023-12-09 10:27:59.675,2023-11-09 10:27:59.675326,ANONYMIZED,T_261633459b54,INACTIVE,false
C_682ad81a31af,C_4a0b4289f513,null,ads,,2023-11-11 22:02:02.686,2023-12-11 22:02:02.686,2023-11-11 22:02:02.683709,ANONYMIZED,T_261633459b54,INACTIVE,false
C_fe8fa96ba15a,C_0584005d4120,null,search-engine,,2023-11-12 13:54:11.105,2023-12-12 13:54:11.105,2023-11-12 13:54:11.103136,ANONYMIZED,T_261633459b54,INACTIVE,false
C_7e2d80a68155,C_3a0287844de2,null,search-engine,,2023-11-13 12:25:47.886,2023-12-13 12:25:47.886,2023-11-13 12:25:47.888967,ANONYMIZED,T_261633459b54,INACTIVE,false
C_5f9c58c0c290,C_b223c7084b18,null,search-engine,,2023-11-13 15:50:08.602,2023-12-13 15:50:08.602,2023-11-13 15:50:08.603326,ANONYMIZED,T_261633459b54,INACTIVE,true
C_7c60f7955c2f,C_26c56351a5a6,null,search-engine,,2023-11-13 15:51:07.937,2023-12-13 15:51:07.937,2023-11-13 15:51:07.937888,ANONYMIZED,T_261633459b54,INACTIVE,false
C_b36ddcf73c6e,C_506179f9e8fd,null,recommended,,2023-11-15 20:18:26.2,2023-12-15 20:18:26.2,2023-11-15 20:18:26.200197,ANONYMIZED,T_261633459b54,INACTIVE,false
C_75f527fedb4d,C_d6bfb2693895,null,search-engine,,2023-11-16 05:21:29.397,2023-12-16 05:21:29.397,2023-11-16 05:21:29.397393,ANONYMIZED,T_261633459b54,INACTIVE,false
C_45471e359f0b,C_8dca73a9611b,null,search-engine,,2023-11-16 11:44:49.843,2023-12-16 11:44:49.843,2023-11-16 11:44:49.839635,ANONYMIZED,T_261633459b54,INACTIVE,false
C_61f4cf35b1bb,C_40e139167066,null,search-engine,,2023-11-16 11:46:57.411,2023-12-16 11:46:57.411,2023-11-16 11:46:57.407882,ANONYMIZED,T_261633459b54,INACTIVE,false
C_29d4ad68e1c1,C_de832196d882,null,search-engine,,2023-11-16 12:34:31.516,2023-12-16 12:34:31.516,2023-11-16 12:34:31.514796,ANONYMIZED,T_261633459b54,INACTIVE,false
C_e7964fce2eae,C_ab98c6b35afb,null,search-engine,,2023-11-16 15:01:42.32,2023-12-16 15:01:42.32,2023-11-16 15:01:42.318356,ANONYMIZED,T_261633459b54,INACTIVE,false
C_39e815eaf9b8,C_d3267e09c7ff,null,search-engine,,2023-11-16 18:42:14.532,2023-12-16 18:42:14.532,2023-11-16 18:42:14.529803,ANONYMIZED,T_261633459b54,INACTIVE,false
C_1b9570827c0d,C_5d60421dd989,null,search-engine,,2023-11-21 18:11:04.489,2023-12-21 18:11:04.489,2023-11-21 18:11:04.489355,ANONYMIZED,T_261633459b54,INACTIVE,false
C_46b90d4fbd67,C_f6a1dbb88edc,null,recommended,,2023-11-21 20:31:40.083,2023-12-21 20:31:40.083,2023-11-21 20:31:40.081137,ANONYMIZED,T_261633459b54,INACTIVE,false
C_a74b63a45337,C_3b9a15aa8b83,null,search-engine,,2023-11-22 06:30:08.019,2023-12-22 06:30:08.019,2023-11-22 06:30:08.019519,ANONYMIZED,T_261633459b54,INACTIVE,false
C_ec0bfbb3fd19,C_5e49cff77088,null,search-engine,,2023-11-22 20:16:25.428,2023-12-22 20:16:25.428,2023-11-22 20:16:25.430721,ANONYMIZED,T_261633459b54,INACTIVE,false
C_d4d1e893e6e0,C_834269d1a454,null,search-engine,,2023-11-24 06:02:00.626,2023-12-24 06:02:00.626,2023-11-24 06:02:00.627284,ANONYMIZED,T_261633459b54,INACTIVE,false
C_eb5e7d8cea49,C_93f48a328792,Hamburg,search-engine,null,2023-11-25 19:53:41.7,2023-12-25 19:53:41.7,2023-11-25 19:53:41.700884,ACTIVE,T_261633459b54,ACTIVE,false
C_641caef7b6e5,C_b56292e7f74a,null,search-engine,,2023-11-26 08:08:38.3,2023-12-26 08:08:38.3,2023-11-26 08:08:38.300553,ANONYMIZED,T_261633459b54,INACTIVE,false
C_75764800619c,C_41d622a3a6bd,null,email,,2023-11-27 14:10:39.259,2023-12-27 14:10:39.259,2023-11-27 14:10:39.260254,ANONYMIZED,T_261633459b54,INACTIVE,false
C_307e4a317817,C_c8e14585b40b,null,search-engine,,2023-11-27 14:36:17.026,2024-01-03 14:36:17.026,2023-11-27 14:36:17.027101,ANONYMIZED,T_261633459b54,INACTIVE,false
C_41932f644c5d,C_91998900804c,null,search-engine,,2023-11-29 17:11:41.241,2023-12-29 17:11:41.241,2023-11-29 17:11:41.241881,ANONYMIZED,T_261633459b54,INACTIVE,false
C_90fd6dedc6a8,C_81888ef14c52,Nordrhein-Westfalen,website,null,2023-11-30 07:44:02.322,2023-12-30 07:44:02.322,2023-11-30 07:44:02.322949,ACTIVE,T_261633459b54,ACTIVE,false
C_a2ef2f4a65e7,C_43908d9080a3,Nordrhein-Westfalen,recommended,null,2023-11-30 10:13:30.263,2023-12-30 10:13:30.263,2023-11-30 10:13:30.263909,ACTIVE,T_261633459b54,ACTIVE,false
C_a900f97841ef,C_fef2ab25ca83,Nordrhein-Westfalen,website,null,2023-12-01 09:54:00.265,2024-01-07 09:54:00.265,2023-12-01 09:54:00.265728,ACTIVE,T_261633459b54,ACTIVE,false
C_d45e1e254903,C_a79cd5ca0423,null,search-engine,,2023-12-01 12:39:14.195,2023-12-31 12:39:14.195,2023-12-01 12:39:17.603686,ANONYMIZED,T_261633459b54,INACTIVE,false
C_4f207416eb84,C_ceab2939a8bb,null,social,,2023-12-04 20:05:30.322,2024-01-03 20:05:30.322,2023-12-04 20:05:30.321433,ANONYMIZED,T_261633459b54,INACTIVE,false
C_b0368d0acc30,C_c344aec42f5c,null,search-engine,,2023-12-05 01:06:52.586,2024-01-04 01:06:52.586,2023-12-05 01:06:52.585092,ANONYMIZED,T_261633459b54,INACTIVE,false
C_536233b4ddb2,C_bed40e873e9f,null,search-engine,,2023-12-06 17:44:29.91,2024-01-05 17:44:29.91,2023-12-06 17:44:29.912528,ANONYMIZED,T_261633459b54,INACTIVE,false
C_efc788571209,C_2e1df3bab944,null,social,,2023-12-06 23:46:56.534,2024-01-05 23:46:56.534,2023-12-06 23:46:56.536411,ANONYMIZED,T_261633459b54,INACTIVE,false
C_a4a91458f0bf,C_15b60810b96a,null,search-engine,,2023-12-07 14:39:12.711,2024-01-13 14:39:12.711,2023-12-07 14:39:12.713407,ANONYMIZED,T_261633459b54,INACTIVE,false
C_6a5b149856b0,C_2c010631a6db,Nordrhein-Westfalen,other,Vorheriger Arbeitgeber,2023-12-08 14:44:11.734,2024-01-07 14:44:11.734,2023-12-08 14:44:11.734844,ACTIVE,T_261633459b54,ACTIVE,false
C_c266a7590952,C_3e7679d2aa7e,null,recommended,,2023-12-11 06:18:15.035,2024-01-10 06:18:15.035,2023-12-11 06:18:15.036054,ANONYMIZED,T_261633459b54,INACTIVE,false
C_1e39bb72a0ea,C_30112e851972,null,search-engine,,2023-12-11 08:47:55.827,2024-01-10 08:47:55.827,2023-12-11 08:47:55.828201,ANONYMIZED,T_261633459b54,INACTIVE,false
C_b54c3ef44d67,C_8dc00f125285,Nordrhein-Westfalen,recommended,null,2023-12-11 11:41:29.508,2024-01-10 11:41:29.508,2023-12-11 11:41:29.510674,ACTIVE,T_930aa49bdfa0,ACTIVE,false
C_1b51935ca47d,C_695e22970031,null,search-engine,,2023-12-11 14:20:35.85,2024-01-10 14:20:35.85,2023-12-11 14:20:35.854498,ANONYMIZED,T_261633459b54,INACTIVE,false
C_4719c03c5d6c,C_a3b40b94e96c,Hessen,search-engine,null,2023-12-14 05:22:25.137,2024-01-13 05:22:25.137,2023-12-14 05:22:25.139003,ACTIVE,T_261633459b54,ACTIVE,false
C_ff03c2aa2ce2,C_2480d3b2ab20,null,search-engine,,2023-12-14 08:45:20.818,2024-01-20 08:45:20.818,2023-12-14 08:45:20.819574,ANONYMIZED,T_261633459b54,INACTIVE,false
C_1a725a08a3db,C_3c81d9b8238a,null,search-engine,,2023-12-14 13:18:13.453,2024-01-20 13:18:13.453,2023-12-14 13:18:13.457633,ANONYMIZED,T_261633459b54,INACTIVE,false
C_7f39b4be5e74,C_1fbe65dab9b4,null,search-engine,,2023-12-15 01:54:29.815,2024-01-14 01:54:29.815,2023-12-15 01:54:29.816599,ANONYMIZED,T_261633459b54,INACTIVE,false
C_9eaaebd53dae,C_a8ec5fc3f80a,null,ads,,2023-12-16 07:02:49.815,2024-01-15 07:02:49.815,2023-12-16 07:02:49.816536,ANONYMIZED,T_261633459b54,INACTIVE,true
C_af5f6731d953,C_f8fb66d18f10,null,search-engine,,2023-12-16 07:09:49.328,2024-01-15 07:09:49.328,2023-12-16 07:09:49.329962,ANONYMIZED,T_261633459b54,INACTIVE,false
C_0420ad6d6efd,C_d183367cc8b1,null,search-engine,,2023-12-18 15:51:00.115,2024-01-17 15:51:00.115,2023-12-18 15:51:00.116885,ANONYMIZED,T_261633459b54,INACTIVE,false
C_703891fb8980,C_178d68f9da58,null,search-engine,,2023-12-18 16:10:21.238,2024-01-17 16:10:21.238,2023-12-18 16:10:21.238544,ANONYMIZED,T_261633459b54,INACTIVE,false
C_1159567e817f,C_69b854248739,null,social,,2023-12-21 01:37:20.915,2024-01-20 01:37:20.915,2023-12-21 01:37:20.917209,ANONYMIZED,T_261633459b54,INACTIVE,false
C_785c49121c0f,C_72cadc4e1f4b,null,ads,,2023-12-21 17:12:21.411,2024-01-20 17:12:21.411,2023-12-21 17:12:21.412908,ANONYMIZED,T_261633459b54,INACTIVE,false
C_71681f01c173,C_89ee23b210d0,null,search-engine,,2023-12-22 11:18:11.917,2024-01-21 11:18:11.917,2023-12-22 11:18:11.919341,ANONYMIZED,T_261633459b54,INACTIVE,false
C_c0df9e430bf5,C_12d6b6f36c7a,null,social,,2023-12-24 14:26:40.599,2024-01-23 14:26:40.599,2023-12-24 14:26:40.60004,ANONYMIZED,T_261633459b54,INACTIVE,false
C_824609dfee36,C_3f4601b1fedf,null,search-engine,,2023-12-27 00:42:24.228,2024-01-26 00:42:24.228,2023-12-27 00:42:24.230431,ANONYMIZED,T_261633459b54,INACTIVE,false
C_bcef2d169df8,C_3c78afaa6f1d,null,search-engine,,2023-12-27 23:40:30.423,2024-01-26 23:40:30.423,2023-12-27 23:40:30.425216,ANONYMIZED,T_261633459b54,INACTIVE,false
C_18f1dc1d311b,C_46e173747479,null,search-engine,,2023-12-29 12:35:12.913,2024-01-28 12:35:12.913,2023-12-29 12:35:12.913644,ANONYMIZED,T_261633459b54,INACTIVE,false
C_099e8cb8142a,C_f0ca8a05d42b,null,recommended,,2024-01-01 14:45:09.274,2024-01-31 14:45:09.274,2024-01-01 14:45:09.274325,ANONYMIZED,T_261633459b54,INACTIVE,false
C_9d376ae0876e,C_6ad600e241b2,Bayern,search-engine,null,2024-01-01 15:24:23.704,2024-01-31 15:24:23.704,2024-01-01 15:24:23.705466,ACTIVE,T_261633459b54,ACTIVE,false
C_1f758395d6b1,C_41caf4fca809,null,search-engine,,2024-01-02 11:05:58.968,2024-02-01 11:05:58.968,2024-01-02 11:05:58.969054,ANONYMIZED,T_261633459b54,INACTIVE,false
C_14ff312f58ab,C_c32c47cdded1,null,search-engine,,2024-01-02 22:34:20.275,2024-02-01 22:34:20.275,2024-01-02 22:34:20.27628,ANONYMIZED,T_261633459b54,INACTIVE,false
C_f39ece4578d3,C_1ef4ebc924ff,null,search-engine,,2024-01-06 09:42:45.865,2024-02-05 09:42:45.865,2024-01-06 09:42:45.865857,ANONYMIZED,T_261633459b54,INACTIVE,false
C_078f2e604a30,C_f2761cb8afe7,null,recommended,,2024-01-06 17:49:14.524,2024-02-05 17:49:14.524,2024-01-06 17:49:14.52586,ANONYMIZED,T_261633459b54,INACTIVE,false
C_c011aad4285d,C_dd1752fc537b,null,search-engine,,2024-01-08 03:35:37.585,2024-02-07 03:35:37.585,2024-01-08 03:35:37.586028,ANONYMIZED,T_261633459b54,INACTIVE,false
C_ab90a58d3f88,C_f9d25a226af9,null,search-engine,,2024-01-08 22:29:24.53,2024-02-07 22:29:24.53,2024-01-08 22:29:24.531498,ANONYMIZED,T_261633459b54,INACTIVE,false
C_276313b0f7a3,C_a00631ea5473,null,recommended,,2024-01-09 08:05:39.233,2024-02-08 08:05:39.233,2024-01-09 08:05:39.23753,ANONYMIZED,T_261633459b54,INACTIVE,false
C_97c85a4be799,C_ae553a36b8dd,null,search-engine,,2024-01-09 17:45:09.32,2024-02-15 17:45:09.32,2024-01-09 17:45:09.327429,ANONYMIZED,T_261633459b54,INACTIVE,false
C_82031e9779d3,C_4279f8dd3599,null,search-engine,,2024-01-10 12:18:10.256,2024-02-09 12:18:10.256,2024-01-10 12:18:10.271763,ANONYMIZED,T_261633459b54,INACTIVE,false
C_60469fc35129,C_f7e9bf7c562c,null,mail,,2024-01-11 11:51:56.193,2024-02-17 11:51:56.193,2024-01-11 11:51:56.200253,ANONYMIZED,T_261633459b54,INACTIVE,false
C_2d00516afae2,C_14be6cee90b0,null,search-engine,,2024-01-12 06:12:10.092,2024-02-11 06:12:10.092,2024-01-12 06:12:10.098566,ANONYMIZED,T_261633459b54,INACTIVE,false
C_58eb4f1ec269,C_9d2aaf614254,null,search-engine,,2024-01-12 16:13:11.932,2024-02-11 16:13:11.932,2024-01-12 16:13:11.934105,ANONYMIZED,T_261633459b54,INACTIVE,false
C_3a190983bbf9,C_742d2591d696,null,search-engine,,2024-01-14 13:45:46.122,2024-02-13 13:45:46.122,2024-01-14 13:45:46.123098,ANONYMIZED,T_261633459b54,INACTIVE,false
C_d94e8e43f94f,C_0e78ac0b7428,null,search-engine,,2024-01-14 15:47:36.432,2024-02-13 15:47:36.432,2024-01-14 15:47:36.432418,ANONYMIZED,T_261633459b54,INACTIVE,false
C_9a965bf6d222,C_158354155684,null,social,,2024-01-14 20:40:52.838,2024-02-13 20:40:52.838,2024-01-14 20:40:52.854163,ANONYMIZED,T_261633459b54,INACTIVE,false
C_2e17fc0e09df,C_52e9d6fa9102,null,search-engine,,2024-01-15 13:27:41.215,2024-02-14 13:27:41.215,2024-01-15 13:27:41.221201,ANONYMIZED,T_261633459b54,INACTIVE,false
C_eb749cba3543,C_7545b48df72d,null,search-engine,,2024-01-17 09:41:29.742,2024-02-16 09:41:29.742,2024-01-17 09:41:29.746787,ANONYMIZED,T_261633459b54,INACTIVE,false
C_7ab0bd26d674,C_10c2ee787464,null,search-engine,,2024-01-17 21:36:44.879,2024-02-16 21:36:44.879,2024-01-17 21:36:44.883456,ANONYMIZED,T_261633459b54,INACTIVE,false
C_5344f45094c7,C_776998497c79,null,search-engine,,2024-01-18 00:25:57.412,2024-02-17 00:25:57.412,2024-01-18 00:25:57.416938,ANONYMIZED,T_261633459b54,INACTIVE,false
C_41a5a8bed118,C_29c80acaf9a2,null,other,,2024-01-18 09:52:37.212,2024-02-17 09:52:37.212,2024-01-18 09:52:37.217447,ANONYMIZED,T_261633459b54,INACTIVE,false
C_90cd47eb76e4,C_488a1cabfa5a,null,search-engine,,2024-01-18 11:26:28.156,2024-02-17 11:26:28.156,2024-01-18 11:26:28.160647,ANONYMIZED,T_261633459b54,INACTIVE,false
C_2f45aae405f3,C_4913bab4794f,null,recommended,,2024-01-19 05:28:18.232,2024-02-18 05:28:18.232,2024-01-19 05:28:18.236106,ANONYMIZED,T_261633459b54,INACTIVE,false
C_87ca9d6ec8fe,C_80b36dcd81aa,null,search-engine,,2024-01-20 00:05:48.792,2024-02-19 00:05:48.792,2024-01-20 00:05:48.797085,ANONYMIZED,T_261633459b54,INACTIVE,false
C_79274de15960,C_7956eb17c75c,null,search-engine,,2024-01-21 12:07:55.966,2024-02-20 12:07:55.966,2024-01-21 12:07:55.967014,ANONYMIZED,T_261633459b54,INACTIVE,false
C_58dab219602d,C_09ad2bc54966,null,search-engine,,2024-01-24 13:35:32.775,2024-02-23 13:35:32.775,2024-01-24 13:35:32.784523,ANONYMIZED,T_261633459b54,INACTIVE,false
C_92acadd25153,C_fed65b59bcf6,null,search-engine,,2024-01-24 14:54:18.386,2024-02-23 14:54:18.386,2024-01-24 14:54:18.390907,ANONYMIZED,T_261633459b54,INACTIVE,false
C_5f0a5db55746,C_ae8edc641819,null,search-engine,,2024-01-24 18:06:19.082,2024-02-23 18:06:19.082,2024-01-24 18:06:19.089643,ANONYMIZED,T_261633459b54,INACTIVE,false
C_380841641201,C_d47d9ff105bf,null,search-engine,,2024-01-24 20:09:40.447,2024-02-23 20:09:40.447,2024-01-24 20:09:40.454564,ANONYMIZED,T_261633459b54,INACTIVE,false
C_395256b7d70c,C_9b3c5851570f,null,search-engine,,2024-01-25 07:27:43.759,2024-02-24 07:27:43.759,2024-01-25 07:27:43.764649,ANONYMIZED,T_261633459b54,INACTIVE,false
C_c63525f19e5d,C_d7fb86769c2a,null,ads,,2024-01-25 08:36:28.052,2024-02-24 08:36:28.052,2024-01-25 08:36:28.057283,ANONYMIZED,T_261633459b54,INACTIVE,false
C_fe277a76cc08,C_800607600b00,null,search-engine,,2024-01-25 16:08:56.935,2024-02-24 16:08:56.935,2024-01-25 16:08:56.941575,ANONYMIZED,T_261633459b54,INACTIVE,false
C_b952dd35b2f1,C_a818354afa09,Saarland,website,null,2024-01-26 08:58:36.963,2024-03-03 08:58:36.963,2024-01-26 08:58:36.967284,ACTIVE,T_261633459b54,ACTIVE,false
C_0395a643ad76,C_343de4b466dd,null,search-engine,,2024-01-26 11:49:12.838,2024-02-25 11:49:12.838,2024-01-26 11:49:12.843759,ANONYMIZED,T_261633459b54,INACTIVE,false
C_2be0d097c289,C_870bb7fbf091,null,email,,2024-01-27 16:54:03.953,2024-02-26 16:54:03.953,2024-01-27 16:54:03.958412,ANONYMIZED,T_261633459b54,INACTIVE,false
C_b58a511cd592,C_30134ebabe52,null,search-engine,,2024-01-28 13:38:48.487,2024-02-27 13:38:48.487,2024-01-28 13:38:48.492083,ANONYMIZED,T_261633459b54,INACTIVE,false
C_5cce6c255399,C_54314196b294,null,search-engine,,2024-01-28 14:10:17.993,2024-02-27 14:10:17.993,2024-01-28 14:10:17.998126,ANONYMIZED,T_261633459b54,INACTIVE,false
C_6f61a2366f27,C_c23ed575824d,null,search-engine,,2024-01-28 16:06:48.391,2024-02-27 16:06:48.391,2024-01-28 16:06:48.396996,ANONYMIZED,T_261633459b54,INACTIVE,false
C_647a50da70b2,C_6bbafbb6bbb7,Brandenburg,search-engine,null,2024-01-29 19:05:14.281,2024-02-28 19:05:14.281,2024-01-29 19:05:14.282684,ANONYMIZED,T_261633459b54,INACTIVE,false
C_24e72610b82e,C_2a5d19a013ae,null,ads,,2024-01-29 22:08:42.508,2024-02-28 22:08:42.508,2024-01-29 22:08:42.513524,ANONYMIZED,T_261633459b54,INACTIVE,false
C_d86c28622b91,C_d5fc023b55b6,null,search-engine,,2024-01-30 20:34:56.999,2024-02-29 20:34:56.999,2024-01-30 20:34:56.999667,ANONYMIZED,T_261633459b54,INACTIVE,false
C_f434594112e4,C_0cc9648696c6,null,ads,,2024-01-31 15:38:04.501,2024-03-01 15:38:04.501,2024-01-31 15:38:06.582242,ANONYMIZED,T_261633459b54,INACTIVE,false
C_fc46fb0545a6,C_19ef78c8ad77,null,ads,,2024-02-02 12:42:49.523,2024-03-03 12:42:49.523,2024-02-02 12:42:49.527042,ANONYMIZED,T_261633459b54,INACTIVE,false
C_d775f1fe4295,C_e3b7a0881b76,null,search-engine,,2024-02-04 10:44:20.644,2024-03-05 10:44:20.644,2024-02-04 10:44:20.643858,ANONYMIZED,T_261633459b54,INACTIVE,false
C_75a1b1ed73df,C_a8bcff5b9fae,Baden-Württemberg,ads,null,2024-02-04 13:20:43.536,2024-03-12 13:20:43.536,2024-02-04 13:20:43.536116,ACTIVE,T_261633459b54,ACTIVE,false
C_c670087422ec,C_cfd23ac86eae,null,search-engine,,2024-02-04 15:07:08.9,2024-03-05 15:07:08.9,2024-02-04 15:07:08.905695,ANONYMIZED,T_261633459b54,INACTIVE,false
C_e210a4cb4233,C_d3eb83669b1e,null,website,,2024-02-06 03:07:13.158,2024-03-07 03:07:13.158,2024-02-06 03:07:13.158877,ANONYMIZED,T_261633459b54,INACTIVE,false
C_39ea5ce80e01,C_e7d400a96baa,null,ads,,2024-02-06 16:05:01.964,2024-03-07 16:05:01.964,2024-02-06 16:05:01.964853,ANONYMIZED,T_261633459b54,INACTIVE,false
C_c13befd18abd,C_17592f00df06,null,search-engine,,2024-02-07 16:29:56.325,2024-03-08 16:29:56.325,2024-02-07 16:29:56.32586,ANONYMIZED,T_261633459b54,INACTIVE,false
C_e7abdada5842,C_88fe8ce07ac1,null,search-engine,,2024-02-08 08:53:45.248,2024-03-09 08:53:45.248,2024-02-08 08:53:45.24382,ANONYMIZED,T_261633459b54,INACTIVE,false
C_62738badee29,C_c645d8dcff99,null,website,,2024-02-08 13:39:16.873,2024-03-09 13:39:16.873,2024-02-08 13:39:16.881268,ANONYMIZED,T_261633459b54,INACTIVE,false
C_d9411d300cdf,C_0fe6c29fafd3,null,social,,2024-02-08 17:50:21.968,2024-03-09 17:50:21.968,2024-02-08 17:50:21.971897,ANONYMIZED,T_261633459b54,INACTIVE,false
C_050ab23c82a8,C_d2c481eb5cdc,null,recommended,,2024-02-09 10:13:14.335,2024-03-10 10:13:14.335,2024-02-09 10:13:14.33403,ANONYMIZED,T_261633459b54,INACTIVE,false
C_5b128d8ea940,C_eea58357b6b2,null,other,,2024-02-10 16:03:54.474,2024-03-11 16:03:54.474,2024-02-10 16:03:54.474299,ANONYMIZED,T_261633459b54,INACTIVE,false
C_53cf4c72548b,C_c104d1c96966,null,ads,,2024-02-11 15:10:53.062,2024-03-12 15:10:53.062,2024-02-11 15:10:53.058714,ANONYMIZED,T_261633459b54,INACTIVE,false
C_06983cd961c7,C_8239f7927743,null,search-engine,,2024-02-12 00:26:56.491,2024-03-13 00:26:56.491,2024-02-12 00:26:56.487558,ANONYMIZED,T_261633459b54,INACTIVE,false
C_b1459d20a051,C_4d2ce50994e5,null,search-engine,,2024-02-12 10:41:56.592,2024-03-13 10:41:56.592,2024-02-12 10:41:56.567845,ANONYMIZED,T_261633459b54,INACTIVE,false
C_dff25926d383,C_a48cd7063ac1,null,ads,,2024-02-12 22:23:37.711,2024-03-13 22:23:37.711,2024-02-12 22:23:37.712953,ANONYMIZED,T_261633459b54,INACTIVE,false
C_55413aec8d3d,C_e9c7e2ab8d37,null,search-engine,,2024-02-13 19:36:50.827,2024-03-14 19:36:50.827,2024-02-13 19:36:50.83351,ANONYMIZED,T_261633459b54,INACTIVE,false
C_3851a07822e1,C_95160f640265,null,search-engine,,2024-02-14 19:24:27.619,2024-03-15 19:24:27.619,2024-02-14 19:24:27.618514,ANONYMIZED,T_261633459b54,INACTIVE,false
C_7933a55a3127,C_050b64b6c5c7,Schleswig-Holstein,search-engine,null,2024-02-15 10:47:36.184,2024-03-16 10:47:36.184,2024-02-15 10:47:36.194205,ANONYMIZED,T_261633459b54,INACTIVE,false
C_605ee90852d3,C_905886e02ccc,null,search-engine,,2024-02-16 14:55:48.858,2024-03-17 14:55:48.858,2024-02-16 14:55:48.860592,ANONYMIZED,T_261633459b54,INACTIVE,false
C_23c65a770802,C_aa1266008931,null,search-engine,,2024-02-18 14:17:01.109,2024-03-19 14:17:01.109,2024-02-18 14:17:01.110964,ANONYMIZED,T_261633459b54,INACTIVE,false
C_b8b5f70bb7dd,C_56935f9e45d6,null,search-engine,,2024-02-19 11:07:42.705,2024-03-20 11:07:42.705,2024-02-19 11:07:42.709789,ANONYMIZED,T_261633459b54,INACTIVE,false
C_4ad29adb1ac4,C_50210ae00f89,null,search-engine,,2024-02-19 23:19:41.646,2024-03-20 23:19:41.646,2024-02-19 23:19:41.649926,ANONYMIZED,T_261633459b54,INACTIVE,false
C_4179f4606675,C_94c4673426d5,null,social,,2024-02-21 20:32:58.715,2024-03-22 20:32:58.715,2024-02-21 20:32:58.716093,ANONYMIZED,T_261633459b54,INACTIVE,false
C_ea132c62ba72,C_dc86272abebb,null,search-engine,,2024-02-22 02:40:45.774,2024-03-23 02:40:45.774,2024-02-22 02:40:45.775266,ANONYMIZED,T_261633459b54,INACTIVE,false
C_ebd8f66945a3,C_8a68c5fb4a48,null,search-engine,,2024-02-23 14:01:18.797,2024-03-24 14:01:18.797,2024-02-23 14:01:18.796999,ANONYMIZED,T_261633459b54,INACTIVE,false
C_43c4c6f761a3,C_ca7920765fa8,null,search-engine,,2024-02-23 14:46:17.667,2024-03-24 14:46:17.667,2024-02-23 14:46:17.661613,ANONYMIZED,T_261633459b54,INACTIVE,false
C_56ace091a8a8,C_96df8d9b8ace,null,search-engine,,2024-02-23 16:51:47.737,2024-03-24 16:51:47.737,2024-02-23 16:51:47.734222,ANONYMIZED,T_261633459b54,INACTIVE,false
C_3f681f3f0c67,C_6cede6226249,null,search-engine,,2024-02-23 18:20:11.412,2024-03-24 18:20:11.412,2024-02-23 18:20:11.409386,ANONYMIZED,T_261633459b54,INACTIVE,false
C_7f13c0799d0a,C_f6b3953fb109,null,search-engine,,2024-02-25 11:41:45.316,2024-03-26 11:41:45.316,2024-02-25 11:41:45.322562,ANONYMIZED,T_261633459b54,INACTIVE,false
C_9a40b1cd2efe,C_c05ef3fe1403,null,search-engine,,2024-02-27 09:13:09.13,2024-03-28 09:13:09.13,2024-02-27 09:13:09.13101,ANONYMIZED,T_261633459b54,INACTIVE,false
C_4c4d73d6eaf1,C_7db996fcee59,null,recommended,,2024-02-27 12:24:34.12,2024-03-28 12:24:34.12,2024-02-27 12:24:34.124624,ANONYMIZED,T_261633459b54,INACTIVE,false
C_ba9271bf0390,C_a25b428b2783,null,recommended,,2024-02-27 13:44:41.538,2024-03-28 13:44:41.538,2024-02-27 13:44:41.535492,ANONYMIZED,T_261633459b54,INACTIVE,false
C_cf3e151029f2,C_07c271fa2515,null,search-engine,,2024-02-27 18:23:47.489,2024-03-28 18:23:47.489,2024-02-27 18:23:47.490266,ANONYMIZED,T_261633459b54,INACTIVE,false
C_e1f8e91c347d,C_6d9366082831,null,search-engine,,2024-02-28 07:47:20.83,2024-03-29 07:47:20.83,2024-02-28 07:47:20.832111,ANONYMIZED,T_261633459b54,INACTIVE,false
C_08ac7ce2ea12,C_de47f7fa866a,null,search-engine,,2024-02-29 18:11:17.416,2024-03-30 18:11:17.416,2024-02-29 18:11:17.4166,ANONYMIZED,T_261633459b54,INACTIVE,false
C_fbd6ad3ec26c,C_c620c204e323,null,ads,,2024-02-29 20:20:30.315,2024-03-30 20:20:30.315,2024-02-29 20:20:30.315472,ANONYMIZED,T_261633459b54,INACTIVE,false
C_651bbecd2f6c,C_d48f50bc07bb,null,website,,2024-02-29 21:05:53.609,2024-03-30 21:05:53.609,2024-02-29 21:05:53.608795,ANONYMIZED,T_261633459b54,INACTIVE,false
C_fcc053f19146,C_4a42bc561f8a,Brandenburg,search-engine,null,2024-03-01 11:01:23.421,2024-03-31 11:01:23.421,2024-03-01 11:01:23.424466,ACTIVE,T_261633459b54,ACTIVE,false
C_fb3a43e6edbe,C_fc9a39152699,null,search-engine,,2024-03-02 21:23:14.913,2024-04-01 21:23:14.913,2024-03-02 21:23:14.91332,ANONYMIZED,T_261633459b54,INACTIVE,false
C_7c4714caf7fa,C_f1902f9a2fcf,null,search-engine,,2024-03-04 20:31:35.528,2024-04-03 20:31:35.528,2024-03-04 20:31:35.521557,ANONYMIZED,T_261633459b54,INACTIVE,false
C_0725e219470d,C_27e262e689bd,null,search-engine,,2024-03-05 08:02:17.829,2024-04-04 08:02:17.829,2024-03-05 08:02:17.834346,ANONYMIZED,T_261633459b54,INACTIVE,false
C_0336559db54e,C_a516c8a0b0d9,null,search-engine,,2024-03-05 11:52:49.507,2024-04-04 11:52:49.507,2024-03-05 11:52:49.499364,ANONYMIZED,T_261633459b54,INACTIVE,true
C_12843a9a4764,C_e05298f02d18,null,search-engine,,2024-03-05 11:54:48.082,2024-04-04 11:54:48.082,2024-03-05 11:54:48.074722,ANONYMIZED,T_261633459b54,INACTIVE,false
C_7a6b070d5201,C_66eeed31795e,null,search-engine,,2024-03-05 21:08:36.483,2024-04-04 21:08:36.483,2024-03-05 21:08:36.477372,ANONYMIZED,T_261633459b54,INACTIVE,false
C_353e5b8663a3,C_5c378b65f070,null,search-engine,,2024-03-05 21:16:20.219,2024-04-04 21:16:20.219,2024-03-05 21:16:20.220827,ANONYMIZED,T_261633459b54,INACTIVE,false
C_a0d851ae8d5a,C_1796a9216054,null,other,,2024-03-06 19:37:39.13,2024-04-05 19:37:39.13,2024-03-06 19:37:39.135056,ANONYMIZED,T_261633459b54,INACTIVE,false
C_6fa68dfac621,C_b8cbccb19836,null,social,,2024-03-08 14:34:34.31,2024-04-07 14:34:34.31,2024-03-08 14:34:34.3096,ANONYMIZED,T_261633459b54,INACTIVE,false
C_8d0d0d4935a2,C_de1697c5d60c,null,search-engine,,2024-03-09 12:48:42.904,2024-04-08 12:48:42.904,2024-03-09 12:48:42.910857,ANONYMIZED,T_261633459b54,INACTIVE,false
C_5366b4cd6a8b,C_d2c639bde877,null,other,,2024-03-09 19:12:47.816,2024-04-08 19:12:47.816,2024-03-09 19:12:47.820848,ANONYMIZED,T_261633459b54,INACTIVE,false
C_47d480f6d5d6,C_fa9ffc087cd5,null,social,,2024-03-12 07:23:46.084,2024-04-11 07:23:46.084,2024-03-12 07:23:46.079169,ANONYMIZED,T_261633459b54,INACTIVE,false
C_fbc49e1a54c0,C_bc31c4a46de6,null,search-engine,,2024-03-12 07:42:03.915,2024-04-11 07:42:03.915,2024-03-12 07:42:03.908712,ANONYMIZED,T_261633459b54,INACTIVE,false
C_de6df11ab533,C_953d1160badc,null,search-engine,,2024-03-12 10:37:34.298,2024-04-11 10:37:34.298,2024-03-12 10:37:34.296952,ANONYMIZED,T_261633459b54,INACTIVE,false
C_a766fc991d46,C_11a9f2e2c76e,null,search-engine,,2024-03-13 08:59:31.456,2024-04-19 08:59:31.456,2024-03-13 08:59:31.458603,ANONYMIZED,T_261633459b54,INACTIVE,false
C_998ea39d544f,C_3d73b821f917,null,recommended,,2024-03-13 09:02:35.342,2024-04-12 09:02:35.342,2024-03-13 09:02:35.346483,ANONYMIZED,T_261633459b54,INACTIVE,false
C_45af4cf10f43,C_e7059a823a90,null,search-engine,,2024-03-13 09:19:39.468,2024-04-12 09:19:39.468,2024-03-13 09:19:39.477755,ANONYMIZED,T_261633459b54,INACTIVE,false
C_0a5732a66cf3,C_11ccd20b0e00,null,recommended,,2024-03-13 10:31:20.178,2024-04-12 10:31:20.178,2024-03-13 10:31:20.181323,ANONYMIZED,T_261633459b54,INACTIVE,false
C_cfa3c1725b0b,C_80e5e079c778,null,search-engine,,2024-03-13 12:52:37.77,2024-04-12 12:52:37.77,2024-03-13 12:52:37.771561,ANONYMIZED,T_261633459b54,INACTIVE,false
C_34e6b4a768a9,C_1f2abf78ff90,null,search-engine,,2024-03-14 01:25:05.004,2024-04-13 01:25:05.004,2024-03-14 01:25:05.009685,ANONYMIZED,T_261633459b54,INACTIVE,false
C_99d598d32dc5,C_2473121fabd0,null,search-engine,,2024-03-15 16:04:33.858,2024-04-14 16:04:33.858,2024-03-15 16:04:33.860414,ANONYMIZED,T_261633459b54,INACTIVE,false
C_684931998e83,C_012b37120d5f,null,other,,2024-03-16 12:34:36.62,2024-04-15 12:34:36.62,2024-03-16 12:34:36.620863,ANONYMIZED,T_261633459b54,INACTIVE,false
C_376afd055848,C_97876e981ac1,null,search-engine,,2024-03-16 18:38:19.707,2024-04-15 18:38:19.707,2024-03-16 18:38:19.708532,ANONYMIZED,T_261633459b54,INACTIVE,false
C_6a48a1004564,C_fbe7bcc93a39,null,social,,2024-03-16 23:52:11.808,2024-04-15 23:52:11.808,2024-03-16 23:52:11.864001,ANONYMIZED,T_261633459b54,INACTIVE,false
C_a70d1245a6d1,C_dc5a6fcded12,null,search-engine,,2024-03-17 12:14:21.442,2024-04-16 12:14:21.442,2024-03-17 12:14:21.439563,ANONYMIZED,T_261633459b54,INACTIVE,false
C_58b856d3005e,C_80cf05b5c93e,null,search-engine,,2024-03-17 12:36:02.258,2024-04-16 12:36:02.258,2024-03-17 12:36:02.263622,ANONYMIZED,T_261633459b54,INACTIVE,false
C_a27d7d10fecb,C_ab809b48bcdd,null,other,,2024-03-17 23:46:15.657,2024-04-16 23:46:15.657,2024-03-17 23:46:15.65433,ANONYMIZED,T_261633459b54,INACTIVE,false
C_f615491b1b5b,C_8073a9e7b2cd,null,search-engine,,2024-03-18 19:16:26.897,2024-04-17 19:16:26.897,2024-03-18 19:16:26.897685,ANONYMIZED,T_261633459b54,INACTIVE,false
C_c1603493a227,C_0931861a041d,null,search-engine,,2024-03-18 20:32:30.647,2024-04-17 20:32:30.647,2024-03-18 20:32:30.648936,ANONYMIZED,T_261633459b54,INACTIVE,false
C_bdc7c27b3662,C_184a4f650bb8,null,search-engine,,2024-03-18 23:52:56.133,2024-04-17 23:52:56.133,2024-03-18 23:52:56.127736,ANONYMIZED,T_261633459b54,INACTIVE,false
C_ad130239f96b,C_4ab8d4ba8eb4,Baden-Württemberg,search-engine,null,2024-03-19 00:20:23.863,2024-04-18 00:20:23.863,2024-03-19 00:20:23.861167,ACTIVE,T_261633459b54,ACTIVE,false
C_d75a91f8475f,C_82e9fdf76030,Niedersachsen,social,null,2024-03-19 09:51:28.37,2024-04-18 09:51:28.37,2024-03-19 09:51:28.36788,ACTIVE,T_261633459b54,ACTIVE,false
C_cc29f62d79e6,C_3fa3857aabd0,Nordrhein-Westfalen,recommended,null,2024-03-19 09:59:49.975,2024-04-18 09:59:49.975,2024-03-19 09:59:49.972115,ACTIVE,T_261633459b54,ACTIVE,false
C_64e5d40b7a69,C_9b69bf737fc7,null,email,,2024-03-19 11:49:37.57,2024-04-18 11:49:37.57,2024-03-19 11:49:37.570348,ANONYMIZED,T_261633459b54,INACTIVE,false
C_efd4608dcb10,C_1cdb83b53616,null,other,,2024-03-19 16:45:27.527,2024-04-18 16:45:27.527,2024-03-19 16:45:27.529809,ANONYMIZED,T_261633459b54,INACTIVE,false
C_a67800a56298,C_fa79d96eeeba,null,other,,2024-03-19 17:58:20.426,2024-04-18 17:58:20.426,2024-03-19 17:58:20.43157,ANONYMIZED,T_261633459b54,INACTIVE,false
C_6c1c5e3090f0,C_34646dda3249,null,search-engine,,2024-03-19 21:18:52.884,2024-04-18 21:18:52.884,2024-03-19 21:18:52.878166,ANONYMIZED,T_261633459b54,INACTIVE,false
C_83f9ddd2a988,C_ede1447fad9b,null,search-engine,,2024-03-20 06:39:58.415,2024-04-26 06:39:58.415,2024-03-20 06:39:58.417671,ANONYMIZED,T_261633459b54,INACTIVE,false
C_1cefac300fbc,C_2b3fb88b65cc,null,search-engine,,2024-03-20 15:25:42.538,2024-04-19 15:25:42.538,2024-03-20 15:25:42.544544,ANONYMIZED,T_261633459b54,INACTIVE,false
C_e7efe2c776a7,C_b12bbaac6d7a,null,search-engine,,2024-03-20 19:50:21.966,2024-04-19 19:50:21.966,2024-03-20 19:50:21.966968,ANONYMIZED,T_261633459b54,INACTIVE,false
C_0f88b6105a3f,C_d3cd7546ce80,null,search-engine,,2024-03-22 10:25:49.432,2024-04-21 10:25:49.432,2024-03-22 10:25:49.434588,ANONYMIZED,T_261633459b54,INACTIVE,false
C_ea4c5ce5406c,C_a645aecb873a,null,search-engine,,2024-03-23 06:36:28.057,2024-04-22 06:36:28.057,2024-03-23 06:36:28.056217,ANONYMIZED,T_261633459b54,INACTIVE,false
C_a22c8dac4429,C_9592f547e7e8,null,search-engine,,2024-03-23 23:19:39.738,2024-04-22 23:19:39.738,2024-03-23 23:19:39.735722,ANONYMIZED,T_261633459b54,INACTIVE,false
C_3cbf4ddbaafb,C_396262233e9c,null,search-engine,,2024-03-24 14:28:38.39,2024-04-23 14:28:38.39,2024-03-24 14:28:46.297025,ANONYMIZED,T_261633459b54,INACTIVE,false
C_5660a783d592,C_a098c4f89311,null,search-engine,,2024-03-24 15:47:06.929,2024-04-23 15:47:06.929,2024-03-24 15:47:06.93662,ANONYMIZED,T_261633459b54,INACTIVE,false
C_1a6e92ff7494,C_84b629e66dec,Nordrhein-Westfalen,search-engine,null,2024-03-24 20:25:50.241,2024-04-23 20:25:50.241,2024-03-24 20:25:50.238709,ACTIVE,T_261633459b54,ACTIVE,false
C_b782fb031a88,C_3e77741c0415,null,social,,2024-03-26 09:48:55.394,2024-04-25 09:48:55.394,2024-03-26 09:48:55.395318,ANONYMIZED,T_261633459b54,INACTIVE,false
C_c399da126eb1,C_98338e59dc42,Nordrhein-Westfalen,search-engine,null,2024-03-26 11:04:53.083,2024-04-25 11:04:53.083,2024-03-26 11:04:53.078443,ACTIVE,T_261633459b54,ACTIVE,false
C_687edd885327,C_aaab24483d46,null,search-engine,,2024-03-26 15:23:48.103,2024-05-02 15:23:48.103,2024-03-26 15:23:48.15095,ANONYMIZED,T_261633459b54,INACTIVE,false
C_0a9883445c7d,C_878e459eeb63,null,mail,,2024-03-29 03:47:51.799,2024-04-28 03:47:51.799,2024-03-29 03:47:51.804862,ANONYMIZED,T_261633459b54,INACTIVE,true
C_e12a3b1f4ea7,C_21a880a2f9cf,null,search-engine,,2024-03-29 03:48:41.511,2024-04-28 03:48:41.511,2024-03-29 03:48:41.518612,ANONYMIZED,T_261633459b54,INACTIVE,true
C_cdd73c1d4fae,C_3e3bbd77a265,null,search-engine,,2024-03-29 03:49:37.298,2024-04-28 03:49:37.298,2024-03-29 03:49:37.304394,ANONYMIZED,T_261633459b54,INACTIVE,true
C_0da73423aed5,C_66671654db9c,null,social,,2024-03-29 03:50:05.222,2024-04-28 03:50:05.222,2024-03-29 03:50:05.231718,ANONYMIZED,T_261633459b54,INACTIVE,true
C_75a7a048235f,C_50206c76e224,null,social,,2024-03-29 03:50:54.961,2024-04-28 03:50:54.961,2024-03-29 03:50:54.970019,ANONYMIZED,T_261633459b54,INACTIVE,true
C_3763c9839b1c,C_9b88d2fa70a6,null,social,,2024-03-29 03:51:28.129,2024-04-28 03:51:28.129,2024-03-29 03:51:28.137667,ANONYMIZED,T_261633459b54,INACTIVE,true
C_f984e50680bb,C_f327904ba8f2,null,social,,2024-03-29 03:52:03.877,2024-04-28 03:52:03.877,2024-03-29 03:52:03.886444,ANONYMIZED,T_261633459b54,INACTIVE,false
C_bd41495f092f,C_1af5aa93e63e,null,other,,2024-03-29 09:53:24.727,2024-04-28 09:53:24.727,2024-03-29 09:53:24.724592,ANONYMIZED,T_261633459b54,INACTIVE,false
C_a6310bbe72cb,C_967b4f9fa547,null,search-engine,,2024-03-30 10:11:53.371,2024-04-29 10:11:53.371,2024-03-30 10:11:53.368788,ANONYMIZED,T_261633459b54,INACTIVE,false
C_4d174241e4b9,C_775a5f75ceca,null,search-engine,,2024-03-30 15:42:48.736,2024-04-29 15:42:48.736,2024-03-30 15:42:48.737935,ANONYMIZED,T_261633459b54,INACTIVE,false
C_044908296dd4,C_95e9e9c5930b,null,other,,2024-03-30 19:27:36.019,2024-04-29 19:27:36.019,2024-03-30 19:27:36.02236,ANONYMIZED,T_261633459b54,INACTIVE,false
C_c377e268420d,C_d77b28aba846,null,ads,,2024-03-31 14:18:09.567,2024-04-30 14:18:09.567,2024-03-31 14:18:09.572081,ANONYMIZED,T_261633459b54,INACTIVE,false
C_ea6e6ce05d89,C_92bb01c01280,null,search-engine,,2024-03-31 17:47:26.642,2024-04-30 17:47:26.642,2024-03-31 17:47:26.641322,ANONYMIZED,T_261633459b54,INACTIVE,false
C_98d847be3642,C_ab21dc160c1f,null,ads,,2024-03-31 21:46:36.917,2024-04-30 21:46:36.917,2024-03-31 21:46:36.911916,ANONYMIZED,T_261633459b54,INACTIVE,false
C_7f5a20686de9,C_4cdef0faadaa,null,search-engine,,2024-03-31 23:25:52.669,2024-04-30 23:25:52.669,2024-03-31 23:25:52.669286,ANONYMIZED,T_261633459b54,INACTIVE,false
C_6722784cb14d,C_a2cd9af04ba3,null,search-engine,,2024-04-01 08:19:37.008,2024-05-01 08:19:37.008,2024-04-01 08:19:37.001752,ANONYMIZED,T_261633459b54,INACTIVE,false
C_eae5262c5df8,C_a118fb14234a,null,search-engine,,2024-04-01 10:44:23.333,2024-05-01 10:44:23.333,2024-04-01 10:44:23.333958,ANONYMIZED,T_261633459b54,INACTIVE,false
C_59ccd50b2283,C_54c547cecfae,Bayern,recommended,null,2024-04-01 14:47:19.812,2024-05-08 14:47:19.812,2024-04-01 14:47:19.812455,ACTIVE,T_261633459b54,ACTIVE,false
C_00ec8654ce99,C_c03f63476707,null,search-engine,,2024-04-01 14:50:10.924,2024-05-01 14:50:10.924,2024-04-01 14:50:10.926872,ANONYMIZED,T_261633459b54,INACTIVE,false
C_dd81ea091d82,C_220c127f9a0f,null,search-engine,,2024-04-02 02:25:54.041,2024-05-02 02:25:54.041,2024-04-02 02:25:54.047581,ANONYMIZED,T_261633459b54,INACTIVE,false
C_0ff60e3f51e0,C_3998332855fd,null,search-engine,,2024-04-02 14:57:53.548,2024-05-02 14:57:53.548,2024-04-02 14:57:53.548746,ANONYMIZED,T_261633459b54,INACTIVE,false
C_85ef035addbe,C_ba5d0bd8c41e,null,search-engine,,2024-04-03 10:53:39.619,2024-05-03 10:53:39.619,2024-04-03 10:53:39.624922,ANONYMIZED,T_261633459b54,INACTIVE,false
C_225b05ab147e,C_95d7d6ff964e,null,search-engine,,2024-04-03 15:11:06.86,2024-05-03 15:11:06.86,2024-04-03 15:11:06.858228,ANONYMIZED,T_261633459b54,INACTIVE,false
C_c72d498b9a62,C_ac5e047e1907,Baden-Württemberg,other,Anruf von Frau Thomas,2024-04-04 07:20:07.442,2024-05-04 07:20:07.442,2024-04-04 07:20:07.44864,ACTIVE,T_261633459b54,ACTIVE,false
C_1ffde3b1aa9b,C_c3249eacb267,null,search-engine,,2024-04-04 12:20:45.599,2024-05-04 12:20:45.599,2024-04-04 12:20:45.621443,ANONYMIZED,T_261633459b54,INACTIVE,false
C_d4c49c00d19a,C_5eeeb6893dec,null,social,,2024-04-04 17:58:16.699,2024-05-04 17:58:16.699,2024-04-04 17:58:16.700433,ANONYMIZED,T_261633459b54,INACTIVE,false
C_c9f2f1737963,C_a72b75b9c665,null,ads,,2024-04-04 18:51:57.629,2024-05-04 18:51:57.629,2024-04-04 18:51:57.630215,ANONYMIZED,T_261633459b54,INACTIVE,false
C_8c2edb069893,C_2ffa8383c905,null,search-engine,,2024-04-05 10:22:26.14,2024-05-05 10:22:26.14,2024-04-05 10:22:26.133936,ANONYMIZED,T_261633459b54,INACTIVE,false
C_d427d884f697,C_dea3067c32e3,null,search-engine,,2024-04-06 02:41:44.148,2024-05-06 02:41:44.148,2024-04-06 02:41:44.148424,ANONYMIZED,T_261633459b54,INACTIVE,false
C_9e329524ddf8,C_6c98e27c4ca6,null,search-engine,,2024-04-07 18:17:59.622,2024-05-07 18:17:59.622,2024-04-07 18:17:59.623022,ANONYMIZED,T_261633459b54,INACTIVE,false
C_1fe073a04201,C_bbb9c8034836,null,recommended,,2024-04-08 09:11:43.438,2024-05-08 09:11:43.438,2024-04-08 09:11:43.438971,ANONYMIZED,T_261633459b54,INACTIVE,false
C_6a1f6aa9b6af,C_6390b2577efe,null,search-engine,,2024-04-08 13:35:25.36,2024-05-08 13:35:25.36,2024-04-08 13:35:25.374012,ANONYMIZED,T_261633459b54,INACTIVE,false
C_03762e7c3741,C_454a2f1db288,null,other,,2024-04-09 08:31:26.41,2024-05-09 08:31:26.41,2024-04-09 08:31:26.471739,ANONYMIZED,T_261633459b54,INACTIVE,false
C_aca6463f431c,C_9984737e2d12,null,website,,2024-04-11 22:04:14.499,2024-05-11 22:04:14.499,2024-04-11 22:04:14.498307,ANONYMIZED,T_261633459b54,INACTIVE,false
C_38730ab7eb0a,C_2afd8f497c4d,null,social,,2024-04-12 12:23:01.076,2024-05-12 12:23:01.076,2024-04-12 12:23:01.072031,ANONYMIZED,T_261633459b54,INACTIVE,false
C_82d1607dbd51,C_1cdcc6d8ef9f,null,social,,2024-04-13 18:48:16.545,2024-05-13 18:48:16.545,2024-04-13 18:48:16.546003,ANONYMIZED,T_261633459b54,INACTIVE,false
C_576c1729f48f,C_9fd073f0f038,null,other,,2024-04-15 10:31:36.01,2024-05-15 10:31:36.01,2024-04-15 10:31:36.013251,ANONYMIZED,T_261633459b54,INACTIVE,false
C_6678d49184c4,C_52daf458bc96,null,recommended,,2024-04-17 09:04:00.279,2024-05-17 09:04:00.279,2024-04-17 09:04:00.282421,ANONYMIZED,T_261633459b54,INACTIVE,false
C_2cae761035ea,C_d7f0d95208e5,null,website,,2024-04-17 14:51:03.475,2024-05-17 14:51:03.475,2024-04-17 14:51:03.480331,ANONYMIZED,T_261633459b54,INACTIVE,false
C_ab339c516725,C_07a43b2ca9f0,null,website,null,2024-04-19 05:58:29.85,2024-05-19 05:58:29.85,2024-04-19 05:58:29.850172,INACTIVE,T_261633459b54,INACTIVE,false
C_3fbca8bf0298,C_ba1a5602e845,Bayern,social,null,2024-04-22 11:59:28.355,2024-05-22 11:59:28.355,2024-04-22 11:59:28.350986,ACTIVE,T_261633459b54,ACTIVE,false
C_0a7e13477d76,C_4adfe1393ac6,null,search-engine,,2024-04-22 14:07:26.152,2024-05-22 14:07:26.152,2024-04-22 14:07:26.140495,ANONYMIZED,T_261633459b54,INACTIVE,false
C_81451b741eb6,C_04e803eb2ff3,Nordrhein-Westfalen,search-engine,null,2024-04-25 08:04:52.627,2024-05-25 08:04:52.627,2024-04-25 08:04:52.623302,INACTIVE,T_261633459b54,INACTIVE,false
C_27997e855f84,C_ff6dd7f7a024,null,recommended,,2024-04-25 08:29:13.358,2024-05-25 08:29:13.358,2024-04-25 08:29:13.360568,ANONYMIZED,T_261633459b54,INACTIVE,false
C_635710cd86ed,C_19ecb03b1e7e,null,search-engine,null,2024-04-26 08:17:54.101,2024-05-26 08:17:54.101,2024-04-26 08:17:54.09747,INACTIVE,T_261633459b54,INACTIVE,false
C_6ad9f6324269,C_eb218b465345,Berlin,email,null,2024-04-30 05:36:03.905,2024-05-30 05:36:03.905,2024-04-30 05:36:03.90358,ACTIVE,T_261633459b54,ACTIVE,false
C_8b84cbd05bdd,C_c7d3e5df84d5,null,search-engine,,2024-04-30 10:46:18.413,2024-05-30 10:46:18.413,2024-04-30 10:46:18.413717,ANONYMIZED,T_261633459b54,INACTIVE,false
C_2e0d97fa3a70,C_4010c4bd27d7,null,recommended,null,2024-05-02 09:58:00.978,2024-06-01 09:58:00.978,2024-05-02 09:58:00.97302,INACTIVE,T_261633459b54,INACTIVE,false
C_ea0f35ab71b1,C_efc5adbca679,null,search-engine,null,2024-05-03 21:09:21.054,2024-06-02 21:09:21.054,2024-05-03 21:09:21.054817,INACTIVE,T_261633459b54,INACTIVE,false
C_f58325ffd1f9,C_61c873beeda8,null,search-engine,,2024-05-06 16:53:53.388,2024-06-05 16:53:53.388,2024-05-06 16:53:53.392672,ANONYMIZED,T_261633459b54,INACTIVE,false
C_c2fb39d3e280,C_814aa99d40fc,null,social,,2024-05-09 00:05:21.651,2024-06-08 00:05:21.651,2024-05-09 00:05:21.644031,ANONYMIZED,T_261633459b54,INACTIVE,false
C_0cc4ab6f4d03,C_ee4bd942cecf,null,search-engine,,2024-05-12 11:17:24.203,2024-06-11 11:17:24.203,2024-05-12 11:17:24.200822,ANONYMIZED,T_261633459b54,INACTIVE,false
C_f7cfa5e58d56,C_5de040b6380c,null,other,,2024-05-14 15:06:49.689,2024-06-13 15:06:49.689,2024-05-14 15:06:49.684553,ANONYMIZED,T_261633459b54,INACTIVE,false
C_ffa5459ef847,C_a29a676f39d7,null,website,,2024-05-16 07:54:32.011,2024-06-15 07:54:32.011,2024-05-16 07:54:32.022801,ANONYMIZED,T_261633459b54,INACTIVE,false
C_def126576ee1,C_d307643630b4,null,recommended,,2024-05-16 09:02:51.485,2024-06-15 09:02:51.485,2024-05-16 09:02:51.490631,ANONYMIZED,T_261633459b54,INACTIVE,false
C_3af6c01fc132,C_75a3e3fb7874,null,search-engine,,2024-05-17 09:14:00.917,2024-06-16 09:14:00.917,2024-05-17 09:14:00.921777,ANONYMIZED,T_261633459b54,INACTIVE,false
C_6d7ea7925d57,C_3c0053eae5dc,null,recommended,,2024-05-21 08:51:23.742,2024-06-20 08:51:23.742,2024-05-21 08:51:23.738587,ANONYMIZED,T_261633459b54,INACTIVE,false
C_5c2cfe89f86d,C_671328f2711d,null,email,,2024-05-22 12:50:50.036,2024-06-21 12:50:50.036,2024-05-22 12:50:50.040916,ANONYMIZED,T_261633459b54,INACTIVE,false
C_105404827e0f,C_a902079c30c7,null,search-engine,,2024-05-25 17:31:36.044,2024-06-24 17:31:36.044,2024-05-25 17:31:36.040303,ANONYMIZED,T_261633459b54,INACTIVE,false
C_bdc68d24b14e,C_28a135a71079,null,other,,2024-05-27 16:19:24.531,2024-06-26 16:19:24.531,2024-05-27 16:19:24.528449,ANONYMIZED,T_261633459b54,INACTIVE,false
C_4c68d4d4cfad,C_568cd01f4661,Nordrhein-Westfalen,other,Aquise,2024-05-29 06:23:49.015,2024-06-28 06:23:49.015,2024-05-29 06:23:49.0215,ACTIVE,T_261633459b54,ACTIVE,false
C_e3e5cd6eb0c4,C_9a198444e041,null,social,,2024-05-30 00:53:47.04,2024-06-29 00:53:47.04,2024-05-30 00:53:47.041141,ANONYMIZED,T_261633459b54,INACTIVE,false
C_8ccbe2487417,C_086e2f8cc125,null,search-engine,,2024-05-30 19:25:50.754,2024-06-29 19:25:50.754,2024-05-30 19:25:50.75052,ANONYMIZED,T_261633459b54,INACTIVE,true
C_e2eb3593c332,C_2db78562c579,null,search-engine,,2024-05-30 19:26:33.323,2024-06-29 19:26:33.323,2024-05-30 19:26:33.322476,ANONYMIZED,T_261633459b54,INACTIVE,false
C_5db33a074bb1,C_0e7ee535e50a,null,social,,2024-05-30 21:57:07.507,2024-06-29 21:57:07.507,2024-05-30 21:57:07.508157,ANONYMIZED,T_261633459b54,INACTIVE,false
C_72f14b2b75db,C_1b2913074ba8,null,trade-journal,,2024-06-02 13:11:23.002,2024-07-02 13:11:23.002,2024-06-02 13:11:22.998513,ANONYMIZED,T_261633459b54,INACTIVE,false
C_541eea12e393,C_ced3d79a81da,null,recommended,,2024-06-03 06:48:47.212,2024-07-03 06:48:47.212,2024-06-03 06:48:47.209712,ANONYMIZED,T_261633459b54,INACTIVE,false
C_37b106e2eb20,C_212fb34deff1,Mecklenburg-Vorpommern,other,Ich habe bereits durch eine andere Firma Relias kennenlernen dürfen,2024-06-04 00:00:00,2024-07-04 23:59:59.999,2024-06-04 08:02:26.108567,ACTIVE,T_261633459b54,ACTIVE,false
C_1f2dcfd5074a,C_f18d15b8bb8b,null,recommended,,2024-06-04 00:00:00,2024-07-04 23:59:59.999,2024-06-04 08:35:35.234614,ANONYMIZED,T_261633459b54,INACTIVE,false
C_8eca8810f685,C_4b91e1e7a541,null,mail,,2024-06-04 00:00:00,2024-07-04 23:59:59.999,2024-06-04 19:00:30.986286,ANONYMIZED,T_261633459b54,INACTIVE,false
C_e24b4ebc2f98,C_fe17f57f03d0,Baden-Württemberg,search-engine,null,2024-06-07 00:00:00,2024-07-07 23:59:59.999,2024-06-07 10:00:53.3784,ACTIVE,T_261633459b54,ACTIVE,false
C_7dd0b09522a3,C_5e4a455ff807,null,email,,2024-06-10 00:00:00,2024-07-10 23:59:59.999,2024-06-10 03:57:32.403095,ANONYMIZED,T_261633459b54,INACTIVE,false
C_623b805b844b,C_d8b4da1a9446,null,search-engine,,2024-06-10 00:00:00,2024-07-10 23:59:59.999,2024-06-10 06:17:33.22754,ANONYMIZED,T_261633459b54,INACTIVE,false
C_471a6ee6314b,C_1d4b6e9a2fa6,null,social,,2024-06-11 00:00:00,2024-07-11 23:59:59.999,2024-06-11 19:04:12.694634,ANONYMIZED,T_261633459b54,INACTIVE,false
C_0f0d16947d7c,C_2a6c410dde2a,null,ads,,2024-06-11 00:00:00,2024-07-11 23:59:59.999,2024-06-11 21:24:59.113248,ANONYMIZED,T_261633459b54,INACTIVE,false
C_530a5f1ab8a5,C_4f04929e0881,null,social,,2024-06-12 00:00:00,2024-07-12 23:59:59.999,2024-06-12 06:56:29.269213,ANONYMIZED,T_261633459b54,INACTIVE,false
C_32d2eeece6b8,C_06a3c253d3f6,null,other,,2024-06-13 00:00:00,2024-07-13 23:59:59.999,2024-06-13 17:23:53.243251,ANONYMIZED,T_261633459b54,INACTIVE,false
C_e1dfc5499ce0,C_b791e6decdd7,null,other,,2024-06-14 00:00:00,2024-07-14 23:59:59.999,2024-06-14 11:09:48.595368,ANONYMIZED,T_261633459b54,INACTIVE,false
C_3f441e578d12,C_cd2fd1fae182,null,email,,2024-06-15 00:00:00,2024-07-15 23:59:59.999,2024-06-15 04:04:19.507646,ANONYMIZED,T_261633459b54,INACTIVE,false
C_36ed17f6a1c0,C_b2883a6f1fed,null,social,,2024-06-18 00:00:00,2024-07-18 23:59:59.999,2024-06-18 05:21:04.151929,ANONYMIZED,T_261633459b54,INACTIVE,false
C_8968dd5cc123,C_f8912e0206af,null,search-engine,,2024-06-18 00:00:00,2024-07-18 23:59:59.999,2024-06-18 07:11:37.478301,ANONYMIZED,T_261633459b54,INACTIVE,false
C_d7e04e354fb0,C_177b4d87e3c3,null,other,,2024-06-18 00:00:00,2024-07-18 23:59:59.999,2024-06-18 07:51:38.675998,ANONYMIZED,T_261633459b54,INACTIVE,false
C_b9f9eed4e528,C_7d53ce632e91,null,recommended,,2024-06-18 00:00:00,2024-07-18 23:59:59.999,2024-06-18 13:36:20.664195,ANONYMIZED,T_261633459b54,INACTIVE,false
C_c0977c4b0efd,C_5ace3f3809f5,null,recommended,,2024-06-18 00:00:00,2024-07-18 23:59:59.999,2024-06-18 15:14:52.80902,ANONYMIZED,T_261633459b54,INACTIVE,false
C_b6b487168611,C_1637723fb7af,null,email,,2024-06-18 00:00:00,2024-07-18 23:59:59.999,2024-06-18 19:02:10.198955,ANONYMIZED,T_261633459b54,INACTIVE,false
C_709703a69bd4,C_626af0719925,null,social,,2024-06-19 00:00:00,2024-07-19 23:59:59.999,2024-06-19 20:51:13.381369,ANONYMIZED,T_261633459b54,INACTIVE,false
C_12a6e2912b41,C_d97fa6afe83d,null,social,,2024-06-20 00:00:00,2024-07-20 23:59:59.999,2024-06-20 15:52:55.11648,ANONYMIZED,T_261633459b54,INACTIVE,false
C_24c307e43141,C_cf742c58156f,null,other,,2024-06-21 00:00:00,2024-07-21 23:59:59.999,2024-06-21 06:00:44.39271,ANONYMIZED,T_261633459b54,INACTIVE,false
C_344286ccc7a5,C_cb3c4a76c01a,null,other,,2024-06-21 00:00:00,2024-07-21 23:59:59.999,2024-06-21 14:35:41.396125,ANONYMIZED,T_261633459b54,INACTIVE,false
C_909dc308ae96,C_7b11e03222fc,Nordrhein-Westfalen,other,Pflegemesse Essen 2024,2024-06-23 00:00:00,2024-07-23 23:59:59.999,2024-06-23 10:16:17.594461,ACTIVE,T_261633459b54,ACTIVE,false
C_f7cc426c4af3,C_1c3af43f09d7,null,ads,,2024-07-05 00:00:00,2024-08-04 23:59:59.999,2024-07-05 23:48:34.793585,ANONYMIZED,T_261633459b54,INACTIVE,false
C_361dc9da45d6,C_cfa3a6a14f05,null,email,,2024-07-09 00:00:00,2024-08-08 23:59:59.999,2024-07-09 13:15:34.173656,ANONYMIZED,T_261633459b54,INACTIVE,false
C_ed19c3ec3196,C_9b4046fcf427,null,recommended,,2024-07-12 00:00:00,2024-08-11 23:59:59.999,2024-07-12 07:45:29.354535,ANONYMIZED,T_261633459b54,INACTIVE,false
C_acdeea9f962d,C_dcd18540fb11,null,ads,,2024-07-12 00:00:00,2024-08-11 23:59:59.999,2024-07-12 07:52:57.587934,ANONYMIZED,T_261633459b54,INACTIVE,false
C_3d4ef7067f05,C_42552eeefd94,null,other,,2024-07-12 00:00:00,2024-08-11 23:59:59.999,2024-07-12 16:59:55.771455,ANONYMIZED,T_261633459b54,INACTIVE,false
C_1e4261f90eb7,C_a1b7646d9e7a,null,social,,2024-07-15 00:00:00,2024-08-14 23:59:59.999,2024-07-15 09:54:46.901786,ANONYMIZED,T_261633459b54,INACTIVE,false
C_a22759001486,C_c2f3bcc9e303,null,other,,2024-07-15 00:00:00,2024-08-14 23:59:59.999,2024-07-15 11:37:45.650451,ANONYMIZED,T_261633459b54,INACTIVE,false
C_2e193debb82f,C_cd2558122db3,null,social,,2024-07-17 00:00:00,2024-08-16 23:59:59.999,2024-07-17 10:08:40.761582,ANONYMIZED,T_261633459b54,INACTIVE,false
C_38ae46b8ab12,C_2b489c056970,null,other,,2024-11-06 00:00:00,2024-12-05 23:59:59.999,2024-07-18 05:45:30.159231,ANONYMIZED,T_261633459b54,INACTIVE,false
C_8eb2c6fe6f7a,C_648a7f15333c,null,other,,2024-07-22 00:00:00,2024-08-21 23:59:59.999,2024-07-22 07:31:32.601109,ANONYMIZED,T_261633459b54,INACTIVE,false
C_e57b880185a2,C_06c4dc24e99a,null,search-engine,,2024-07-22 00:00:00,2024-08-21 23:59:59.999,2024-07-22 12:51:06.421184,ANONYMIZED,T_261633459b54,INACTIVE,false
C_16c8c6a42d78,C_88c8f80b4ebf,null,social,,2024-07-25 00:00:00,2024-08-24 23:59:59.999,2024-07-25 09:18:45.3585,ANONYMIZED,T_261633459b54,INACTIVE,false
C_e8dd2cdad84c,C_098993801274,null,recommended,,2024-07-26 00:00:00,2024-08-25 23:59:59.999,2024-07-26 12:10:16.037347,ANONYMIZED,T_261633459b54,INACTIVE,false
C_315e8ba48c6b,C_fe7e6c7d696c,null,website,,2024-07-29 00:00:00,2024-08-28 23:59:59.999,2024-07-29 05:00:35.637853,ANONYMIZED,T_261633459b54,INACTIVE,false
C_f152b1a29881,C_f2096b54a43d,null,ads,,2024-07-29 00:00:00,2024-08-28 23:59:59.999,2024-07-29 09:57:39.267689,ANONYMIZED,T_261633459b54,INACTIVE,false
C_db583ff9d4f9,C_b489a7505101,null,social,,2024-07-30 00:00:00,2024-08-29 23:59:59.999,2024-07-30 13:59:26.886701,ANONYMIZED,T_261633459b54,INACTIVE,false
C_098fec20c97e,C_6609d2c3e592,null,recommended,,2024-07-30 00:00:00,2024-08-29 23:59:59.999,2024-07-30 16:52:27.395071,ANONYMIZED,T_261633459b54,INACTIVE,false
C_da25cbe0e639,C_c35d1d2b39b7,null,ads,,2024-08-01 00:00:00,2024-08-31 23:59:59.999,2024-08-01 05:24:44.944303,ANONYMIZED,T_261633459b54,INACTIVE,false
C_828c7a738d05,C_148a70b5af75,null,recommended,,2024-08-01 00:00:00,2024-08-31 23:59:59.999,2024-08-01 14:26:34.257003,ANONYMIZED,T_261633459b54,INACTIVE,false
C_603ed4e37024,C_8713fa223073,null,search-engine,,2024-08-07 00:00:00,2024-09-06 23:59:59.999,2024-08-07 08:04:37.026942,ANONYMIZED,T_261633459b54,INACTIVE,false
C_353f6cabef97,C_c0b806ad0256,null,other,,2024-08-10 00:00:00,2024-09-09 23:59:59.999,2024-08-10 11:35:57.372657,ANONYMIZED,T_261633459b54,INACTIVE,false
C_94d169c4f64a,C_8efc49062417,null,other,,2024-08-12 00:00:00,2024-09-11 23:59:59.999,2024-08-12 14:36:17.808296,ANONYMIZED,T_261633459b54,INACTIVE,false
C_6d7000bc85e3,C_aa85a9c90620,null,other,,2024-08-14 00:00:00,2024-09-13 23:59:59.999,2024-08-14 11:34:35.703433,ANONYMIZED,T_261633459b54,INACTIVE,false
C_ad6aa7c522ee,C_81a3aa127b74,null,search-engine,,2024-08-14 00:00:00,2024-09-13 23:59:59.999,2024-08-14 21:26:15.503619,ANONYMIZED,T_261633459b54,INACTIVE,false
C_fb45d4e8e43e,C_8a7574c878ce,null,website,,2024-08-15 00:00:00,2024-09-14 23:59:59.999,2024-08-15 06:13:41.222511,ANONYMIZED,T_261633459b54,INACTIVE,false
C_e872519f34e4,C_394065aa8881,null,other,,2024-08-16 00:00:00,2024-08-27 23:59:59.999,2024-08-16 13:52:50.919459,ANONYMIZED,T_261633459b54,INACTIVE,false
C_5c25bfafc6d6,C_d8454cf9e029,null,email,,2024-08-19 00:00:00,2024-09-18 23:59:59.999,2024-08-19 11:15:35.440939,ANONYMIZED,T_261633459b54,INACTIVE,false
C_7b8980e6fa83,C_b65cfb322f53,null,other,,2024-08-23 00:00:00,2024-09-22 23:59:59.999,2024-08-23 15:00:09.764711,ANONYMIZED,T_261633459b54,INACTIVE,false
C_19a3712757ca,C_67f940d16790,null,other,Nutzen bereits in anderer Einrichtung,2024-08-26 00:00:00,2024-09-25 23:59:59.999,2024-08-26 17:13:41.819615,ACTIVE,T_261633459b54,ACTIVE,false
C_50a64aa54633,C_d5a092c42476,null,recommended,,2024-08-26 00:00:00,2024-09-25 23:59:59.999,2024-08-26 18:30:14.859395,ANONYMIZED,T_261633459b54,INACTIVE,false
C_589aab0b9ac8,C_370a9350d17a,null,website,,2024-08-27 00:00:00,2024-09-26 23:59:59.999,2024-08-27 16:28:01.363792,ANONYMIZED,T_261633459b54,INACTIVE,false
C_027efae2a045,C_fedc30496e59,null,ads,,2024-08-31 00:00:00,2024-09-30 23:59:59.999,2024-08-31 07:06:42.170515,ANONYMIZED,T_261633459b54,INACTIVE,false
C_15341b195588,C_fca8cd84493b,null,search-engine,,2024-09-03 00:00:00,2024-10-03 23:59:59.999,2024-09-03 08:55:38.69282,ANONYMIZED,T_261633459b54,INACTIVE,false
C_edddfbf6cf74,C_906d89393606,Rheinland-Pfalz,other,Messe,2024-09-04 00:00:00,2024-10-04 23:59:59.999,2024-09-04 05:51:01.261844,ACTIVE,T_261633459b54,ACTIVE,false
C_ddd7e8d138c7,C_9ed65340c205,Mecklenburg-Vorpommern,other,wir sind bereits Kunde,2024-09-04 00:00:00,2024-10-04 23:59:59.999,2024-09-04 07:24:20.161474,ACTIVE,T_261633459b54,ACTIVE,false
C_0f2cf1858871,C_36118d6ffd85,null,social,,2024-09-04 00:00:00,2024-10-04 23:59:59.999,2024-09-04 12:06:10.561806,ANONYMIZED,T_261633459b54,INACTIVE,false
C_e37de032f4ac,C_6ec00bbfedd4,null,email,,2024-09-05 00:00:00,2024-10-05 23:59:59.999,2024-09-05 06:27:30.601033,ANONYMIZED,T_261633459b54,INACTIVE,false
C_b37468027953,C_4dc43dcb7640,null,other,,2024-09-05 00:00:00,2024-10-05 23:59:59.999,2024-09-05 13:24:34.647134,ANONYMIZED,T_261633459b54,INACTIVE,false
C_8db22e5e5893,C_b79ac2bb93b4,Brandenburg,social,null,2024-09-05 00:00:00,2024-10-05 23:59:59.999,2024-09-05 15:52:07.888979,ACTIVE,T_261633459b54,ACTIVE,false
C_b00821368a68,C_57a5a2ab8bf1,null,recommended,,2024-09-06 00:00:00,2024-10-06 23:59:59.999,2024-09-06 08:55:26.589637,ANONYMIZED,T_261633459b54,INACTIVE,false
C_2ab825fb05de,C_464aad08bcc9,null,search-engine,,2024-09-10 00:00:00,2024-10-10 23:59:59.999,2024-09-10 11:12:43.71049,ANONYMIZED,T_261633459b54,INACTIVE,false
C_5c72f5b80fb5,C_595e7f0963dd,null,recommended,,2024-09-10 00:00:00,2024-10-10 23:59:59.999,2024-09-10 19:06:29.015657,ANONYMIZED,T_261633459b54,INACTIVE,false
C_8e5d5b0f8e92,C_34e7870b1cce,null,other,,2024-09-10 00:00:00,2024-10-10 23:59:59.999,2024-09-10 19:19:59.833176,ANONYMIZED,T_261633459b54,INACTIVE,false
C_0f81927065fe,C_497626e33186,null,website,,2024-09-12 00:00:00,2024-10-12 23:59:59.999,2024-09-12 05:51:38.527478,ANONYMIZED,T_261633459b54,INACTIVE,false
C_97dcd03ebecd,C_87636cd92076,null,recommended,,2024-09-15 00:00:00,2024-10-15 23:59:59.999,2024-09-15 16:16:33.203765,ANONYMIZED,T_261633459b54,INACTIVE,false
C_1e1e9ec98a40,C_9b70e55baada,null,other,,2024-09-17 00:00:00,2024-10-17 23:59:59.999,2024-09-17 11:13:54.951012,ANONYMIZED,T_261633459b54,INACTIVE,false
C_811a8a5e87c5,C_2eac112e3f1b,Hamburg,other,Telefonanruf,2024-09-18 00:00:00,2024-12-31 23:59:59.999,2024-09-18 09:52:12.218938,ACTIVE,T_261633459b54,ACTIVE,false
C_498b6016e2d1,C_2faa0e39279e,null,other,,2024-09-25 00:00:00,2024-10-25 23:59:59.999,2024-09-25 12:22:10.50061,ANONYMIZED,T_261633459b54,INACTIVE,false
C_ff80498b8e27,C_728b2561742c,null,other,,2024-09-25 00:00:00,2024-10-25 23:59:59.999,2024-09-25 15:38:42.234002,ANONYMIZED,T_261633459b54,INACTIVE,false
C_4cb37e2d1d6d,C_c26395670b28,null,other,Arbeitskollegen,2024-09-26 00:00:00,2024-10-26 23:59:59.999,2024-09-26 09:50:00.197259,ANONYMIZED,T_261633459b54,INACTIVE,false
C_1f43a8f8c384,C_d7f306246a77,null,email,,2024-09-27 00:00:00,2024-10-27 23:59:59.999,2024-09-27 14:36:52.099602,ANONYMIZED,T_261633459b54,INACTIVE,false
C_3fa569f92e21,C_6894b88ba3db,null,search-engine,,2024-09-27 00:00:00,2024-10-27 23:59:59.999,2024-09-27 20:24:12.518959,ANONYMIZED,T_261633459b54,INACTIVE,false
C_9384e7278d7f,C_581bf4cbc37e,Niedersachsen,recommended,null,2024-09-30 00:00:00,2025-02-28 23:59:59.999,2024-09-30 08:17:58.188203,ANONYMIZED,T_261633459b54,INACTIVE,false
C_6a3c03674cf9,C_846b0ddff065,Schleswig-Holstein,recommended,null,2024-09-30 00:00:00,2024-10-30 23:59:59.999,2024-09-30 09:56:14.881516,ACTIVE,T_261633459b54,ACTIVE,false
C_85652c4eff57,C_d5e66a649883,null,other,,2024-09-30 00:00:00,2024-10-30 23:59:59.999,2024-09-30 14:21:13.408894,ANONYMIZED,T_261633459b54,INACTIVE,false
C_2ea874824649,C_18fb394f8965,Niedersachsen,search-engine,null,2024-10-01 00:00:00,2024-10-31 23:59:59.999,2024-10-01 15:30:28.624753,ACTIVE,T_261633459b54,ACTIVE,false
C_888ae682fca6,C_b306f040aa37,null,website,,2024-10-01 00:00:00,2024-10-31 23:59:59.999,2024-10-01 16:33:15.850116,ANONYMIZED,T_261633459b54,INACTIVE,false
C_7c2dfc8cdc73,C_b457fe9e769e,null,social,,2024-10-02 00:00:00,2024-11-01 23:59:59.999,2024-10-02 08:28:00.770881,ANONYMIZED,T_261633459b54,INACTIVE,false
C_f68acd5c519b,C_a00f6e780380,null,ads,,2024-10-07 00:00:00,2024-11-06 23:59:59.999,2024-10-07 05:35:57.20653,ANONYMIZED,T_261633459b54,INACTIVE,false
C_6ac459d3cbf3,C_d6016e0246e8,null,website,,2024-10-07 00:00:00,2024-11-06 23:59:59.999,2024-10-07 19:41:47.948333,ANONYMIZED,T_261633459b54,INACTIVE,false
C_68e082520289,C_2b2c87df9487,null,trade-journal,,2024-10-08 00:00:00,2024-11-07 23:59:59.999,2024-10-08 19:39:46.984463,ANONYMIZED,T_261633459b54,INACTIVE,false
C_2aa8c1e522ac,C_95096b7f0c57,null,recommended,,2024-10-10 00:00:00,2024-11-09 23:59:59.999,2024-10-10 08:34:45.106684,ANONYMIZED,T_261633459b54,INACTIVE,false
C_c82b529a332e,C_bf925da31b91,null,recommended,,2024-10-14 00:00:00,2024-12-31 23:59:59.999,2024-10-14 15:39:11.510285,ANONYMIZED,T_261633459b54,INACTIVE,false
C_342c553b5dd7,C_e860bef71ee9,null,search-engine,,2024-10-15 00:00:00,2024-11-14 23:59:59.999,2024-10-15 08:34:16.456653,ANONYMIZED,T_261633459b54,INACTIVE,false
C_64db6e33690c,C_6d612c4feb58,null,recommended,,2024-10-17 00:00:00,2024-11-16 23:59:59.999,2024-10-17 12:14:33.269351,ANONYMIZED,T_261633459b54,INACTIVE,true
C_32d7ed9a9caf,C_e20541c83ff0,null,search-engine,,2024-10-17 00:00:00,2024-11-16 23:59:59.999,2024-10-17 12:18:20.164747,ANONYMIZED,T_261633459b54,INACTIVE,false
C_f0cb3b09acc4,C_94307327553d,null,website,,2024-10-17 00:00:00,2024-11-16 23:59:59.999,2024-10-17 17:52:14.199052,ANONYMIZED,T_261633459b54,INACTIVE,false
C_41fc26a1a4b1,C_32b1e953ce4e,null,search-engine,,2024-10-18 00:00:00,2024-11-17 23:59:59.999,2024-10-18 08:18:35.040906,ANONYMIZED,T_261633459b54,INACTIVE,false
C_795029c6e1bf,C_b5eb24b96842,null,other,,2024-10-21 00:00:00,2024-11-20 23:59:59.999,2024-10-21 11:39:50.113932,ANONYMIZED,T_261633459b54,INACTIVE,false
C_e179e411b6c4,C_735d1e09b7a6,Nordrhein-Westfalen,email,null,2024-10-23 00:00:00,2024-11-22 23:59:59.999,2024-10-23 10:47:17.648211,ANONYMIZED,T_261633459b54,INACTIVE,false
C_a6775401d264,C_86f099478078,null,recommended,,2024-10-23 00:00:00,2024-11-22 23:59:59.999,2024-10-23 18:12:15.953844,ANONYMIZED,T_261633459b54,INACTIVE,false
C_eadc5fe6109f,C_abb056f3c844,null,other,,2024-10-25 00:00:00,2024-11-24 23:59:59.999,2024-10-25 09:26:04.89402,ANONYMIZED,T_261633459b54,INACTIVE,false
C_90a9f80145e3,C_609131678a93,null,website,,2024-10-31 00:00:00,2024-11-30 23:59:59.999,2024-10-31 14:34:01.18656,ANONYMIZED,T_261633459b54,INACTIVE,false
C_eaa3cfc1947a,C_33c5c991c283,null,search-engine,,2024-10-31 00:00:00,2024-11-30 23:59:59.999,2024-10-31 15:10:20.021165,ANONYMIZED,T_261633459b54,INACTIVE,false
C_b1cf5551da71,C_308c8033c980,null,other,,2024-10-31 00:00:00,2024-11-30 23:59:59.999,2024-10-31 19:24:57.494546,ANONYMIZED,T_261633459b54,INACTIVE,false
C_41f4bcdcff91,C_877282c7bef3,null,recommended,,2024-11-01 00:00:00,2024-12-01 23:59:59.999,2024-11-01 05:26:27.671932,ANONYMIZED,T_261633459b54,INACTIVE,false
C_acd067ac3906,C_77cd49127d0b,null,website,,2024-11-02 00:00:00,2024-12-02 23:59:59.999,2024-11-02 22:28:31.006368,ANONYMIZED,T_261633459b54,INACTIVE,false
C_1140e15dfd9c,C_0fd288209c8d,null,other,,2024-11-04 00:00:00,2024-12-04 23:59:59.999,2024-11-04 07:57:52.268873,ANONYMIZED,T_261633459b54,INACTIVE,false
C_d378974ca048,C_00173d75cadc,null,website,,2024-11-05 00:00:00,2024-12-05 23:59:59.999,2024-11-05 12:11:54.345491,ANONYMIZED,T_261633459b54,INACTIVE,false
C_ff498469159f,C_c190dffb2d97,null,search-engine,,2024-11-06 00:00:00,2024-12-06 23:59:59.999,2024-11-06 21:28:19.442898,ANONYMIZED,T_261633459b54,INACTIVE,false
C_56e0b9b1f5d9,C_0d1dc3392025,Nordrhein-Westfalen,other,Sales,2024-11-07 00:00:00,2024-11-08 23:59:59.999,2024-11-07 10:22:20.029978,ACTIVE,T_261633459b54,ACTIVE,false
C_b6a9adf7e3ca,C_8414b8d6d8d7,null,email,,2024-11-08 00:00:00,2024-12-08 23:59:59.999,2024-11-08 09:05:14.261204,ANONYMIZED,T_261633459b54,INACTIVE,false
C_87f464518b1c,C_4d37f3e77e9d,null,website,,2024-11-11 00:00:00,2024-12-11 23:59:59.999,2024-11-11 15:28:48.191476,ANONYMIZED,T_261633459b54,INACTIVE,false
C_72648bdd0ce3,C_03a5d805fa7e,null,search-engine,,2024-11-13 00:00:00,2024-12-13 23:59:59.999,2024-11-13 10:16:15.187904,ANONYMIZED,T_261633459b54,INACTIVE,false
C_cce8793f6f2f,C_9475c7d171f9,null,search-engine,,2024-11-13 00:00:00,2024-12-13 23:59:59.999,2024-11-13 16:10:42.629098,ANONYMIZED,T_261633459b54,INACTIVE,false
C_491a82432c10,C_e4bb96dd8816,null,recommended,,2024-11-13 00:00:00,2024-12-13 23:59:59.999,2024-11-13 17:12:14.029572,ANONYMIZED,T_261633459b54,INACTIVE,false
C_001a64a5f475,C_f7a9541cdf59,null,recommended,,2024-11-13 00:00:00,2024-12-13 23:59:59.999,2024-11-13 21:55:20.427011,ANONYMIZED,T_261633459b54,INACTIVE,false
C_8654f6962bf0,C_fbad347f6926,null,social,,2024-11-15 00:00:00,2024-12-15 23:59:59.999,2024-11-15 13:01:48.332459,ANONYMIZED,T_261633459b54,INACTIVE,false
C_5c53d6f828d5,C_94dad63a1190,Schleswig-Holstein,social,null,2024-11-15 00:00:00,2025-03-31 23:59:59.999,2024-11-15 13:03:00.834363,ACTIVE,T_261633459b54,ACTIVE,false
C_24ea387622ca,C_f7724b2ca55b,null,other,,2024-11-15 00:00:00,2024-12-15 23:59:59.999,2024-11-15 14:37:21.963352,ANONYMIZED,T_261633459b54,INACTIVE,false
C_fa181e51ee35,C_3b4f42369cb6,null,other,,2024-11-17 00:00:00,2024-12-17 23:59:59.999,2024-11-17 17:42:14.209689,ANONYMIZED,T_261633459b54,INACTIVE,false
C_38851d99c267,C_bce16d701617,Bayern,other,Telefonat ,2024-11-17 00:00:00,2024-12-02 23:59:59.999,2024-11-17 18:27:57.667066,ACTIVE,T_261633459b54,ACTIVE,false
C_b1c569e14f5a,C_c856e2130f1c,null,recommended,,2024-11-17 00:00:00,2024-12-17 23:59:59.999,2024-11-17 19:01:08.159478,ANONYMIZED,T_261633459b54,INACTIVE,false
C_44b9fba50624,C_66bd25614f46,null,recommended,,2024-11-18 00:00:00,2024-12-18 23:59:59.999,2024-11-18 09:59:32.718197,ANONYMIZED,T_261633459b54,INACTIVE,false
C_0975cf3c19db,C_7c83897efb26,null,website,,2024-11-18 00:00:00,2024-12-18 23:59:59.999,2024-11-18 10:49:30.017685,ANONYMIZED,T_261633459b54,INACTIVE,false
C_43810222c1d3,C_8ff3d0088fa5,null,search-engine,,2024-11-20 00:00:00,2024-12-20 23:59:59.999,2024-11-20 11:43:07.969084,ANONYMIZED,T_261633459b54,INACTIVE,false
C_7166021b5c21,C_4112d2f8f649,null,other,,2024-11-20 00:00:00,2024-12-20 23:59:59.999,2024-11-20 13:44:01.301888,ANONYMIZED,T_261633459b54,INACTIVE,false
C_1cfce36e7937,C_bcccfdff3514,null,other,,2024-11-21 00:00:00,2024-12-21 23:59:59.999,2024-11-21 12:42:07.348781,ANONYMIZED,T_261633459b54,INACTIVE,false
C_d0f545d0da7b,C_82a8f4f32628,null,recommended,,2024-11-22 00:00:00,2024-12-02 23:59:59.999,2024-11-22 14:08:05.390519,ANONYMIZED,T_261633459b54,INACTIVE,false
C_6bb09b49487c,C_54a88133f59d,null,recommended,,2024-11-23 00:00:00,2024-12-23 23:59:59.999,2024-11-23 06:18:12.289631,ANONYMIZED,T_261633459b54,INACTIVE,false
C_c8b0c362d0f6,C_5376008b1ddb,null,email,,2024-11-24 00:00:00,2024-12-24 23:59:59.999,2024-11-24 08:44:22.024764,ANONYMIZED,T_261633459b54,INACTIVE,false
C_61089eda0918,C_b58ada8fd49c,null,recommended,,2024-11-24 00:00:00,2024-12-24 23:59:59.999,2024-11-24 13:47:15.288343,ANONYMIZED,T_261633459b54,INACTIVE,false
C_46d486ddad8a,C_b856ec5ffe53,null,search-engine,,2024-11-25 00:00:00,2024-12-25 23:59:59.999,2024-11-25 10:18:08.962045,ANONYMIZED,T_261633459b54,INACTIVE,false
C_632c48bd4bbd,C_9f0c79fcd654,Brandenburg,other,Anruf,2024-11-25 00:00:00,2024-12-25 23:59:59.999,2024-11-25 11:32:02.934677,ANONYMIZED,T_261633459b54,INACTIVE,false
C_1f7e6590a1a2,C_ca8baded2f2e,Baden-Württemberg,recommended,null,2024-11-26 00:00:00,2025-02-28 23:59:59.999,2024-11-26 13:16:04.977669,ACTIVE,T_261633459b54,ACTIVE,false
C_203c30314b52,C_c8cd41c584c4,null,other,,2024-11-27 00:00:00,2024-12-27 23:59:59.999,2024-11-27 14:20:32.117872,ANONYMIZED,T_261633459b54,INACTIVE,false
C_e268b2c34ab0,C_140e0ac7f42e,Sachsen,ads,null,2024-11-29 00:00:00,2025-03-30 23:59:59.999,2024-11-29 13:42:06.545293,ACTIVE,T_261633459b54,ACTIVE,false
C_9451f74c2868,C_a29865561454,null,other,,2024-12-02 00:00:00,2025-01-01 23:59:59.999,2024-12-02 08:19:05.231804,ANONYMIZED,T_261633459b54,INACTIVE,false
C_fc790c064bdc,C_d67242432feb,null,recommended,,2024-12-02 00:00:00,2025-01-01 23:59:59.999,2024-12-02 18:27:24.851792,ANONYMIZED,T_261633459b54,INACTIVE,false
C_8ab4a9125526,C_bb34518b2a34,Nordrhein-Westfalen,recommended,null,2024-12-03 00:00:00,2025-01-02 23:59:59.999,2024-12-03 07:26:22.825487,ACTIVE,T_59e43ef6114f,ACTIVE,false
C_cf2efebedc56,C_6148c41a58ea,null,other,,2024-12-03 00:00:00,2025-01-02 23:59:59.999,2024-12-03 10:08:21.589968,ANONYMIZED,T_261633459b54,INACTIVE,false
C_d660ed613eba,C_03d5f44936ab,null,search-engine,,2024-12-03 00:00:00,2025-01-02 23:59:59.999,2024-12-03 13:22:30.522241,ANONYMIZED,T_261633459b54,INACTIVE,false
C_39dba5b69159,C_c0624d2731a8,null,other,,2024-12-03 00:00:00,2025-01-02 23:59:59.999,2024-12-03 20:34:53.456307,ANONYMIZED,T_261633459b54,INACTIVE,false
C_2551cbac64cd,C_ffab7fa303f2,null,ads,,2024-12-07 00:00:00,2025-01-06 23:59:59.999,2024-12-07 01:24:42.349122,ANONYMIZED,T_261633459b54,INACTIVE,false
C_7e6bd64a8ef3,C_8b38974fc990,null,email,,2024-12-07 00:00:00,2025-01-06 23:59:59.999,2024-12-07 16:40:34.933669,ANONYMIZED,T_261633459b54,INACTIVE,false
C_b134bf030afb,C_e55f05753df2,null,other,,2024-12-07 00:00:00,2025-01-06 23:59:59.999,2024-12-07 19:22:00.871038,ANONYMIZED,T_261633459b54,INACTIVE,false
C_ca52782729d0,C_79fcaea52bca,null,recommended,,2024-12-09 00:00:00,2025-01-08 23:59:59.999,2024-12-09 13:25:01.204211,ANONYMIZED,T_261633459b54,INACTIVE,false
C_ec817124dcc4,C_7bc54e729fb6,null,search-engine,,2024-12-09 00:00:00,2025-01-08 23:59:59.999,2024-12-09 13:25:32.211324,ANONYMIZED,T_261633459b54,INACTIVE,false
C_02d645df2d26,C_1d55167e8bfd,null,website,,2024-12-09 00:00:00,2025-01-08 23:59:59.999,2024-12-09 20:08:31.551297,ANONYMIZED,T_261633459b54,INACTIVE,false
C_c16ca25a9e03,C_73696d07b660,null,search-engine,,2024-12-10 00:00:00,2025-01-09 23:59:59.999,2024-12-10 11:22:42.551432,ANONYMIZED,T_261633459b54,INACTIVE,false
C_fa26a52e9678,C_f4cbc17e8226,null,search-engine,,2024-12-10 00:00:00,2025-01-09 23:59:59.999,2024-12-10 20:48:05.575372,ANONYMIZED,T_261633459b54,INACTIVE,false
C_f86f77a40ecd,C_2f0c19eb71cd,Thüringen,email,null,2024-12-11 00:00:00,2025-01-31 22:59:59.999,2024-12-11 11:45:30.968349,ACTIVE,T_261633459b54,ACTIVE,false
C_2e463b0712ea,C_1be7cd3968e2,null,other,,2024-12-11 00:00:00,2025-01-10 23:59:59.999,2024-12-11 12:50:51.33712,ANONYMIZED,T_261633459b54,INACTIVE,false
C_c1070d6bc0b8,C_10c133117e9d,null,recommended,,2024-12-12 00:00:00,2025-01-11 23:59:59.999,2024-12-12 15:01:22.549057,ANONYMIZED,T_261633459b54,INACTIVE,false
C_fc0f4362144e,C_4727af7b32ab,null,other,,2024-12-12 00:00:00,2025-01-11 23:59:59.999,2024-12-12 17:44:32.52011,ANONYMIZED,T_261633459b54,INACTIVE,false
C_24bb0795ef42,C_fc36fa17ea40,null,recommended,,2024-12-12 00:00:00,2025-01-11 23:59:59.999,2024-12-12 20:10:40.8599,ANONYMIZED,T_261633459b54,INACTIVE,false
C_a42da3986c3d,C_c68029b1a1b6,null,website,,2024-12-13 00:00:00,2025-01-12 23:59:59.999,2024-12-13 17:55:42.165298,ANONYMIZED,T_261633459b54,INACTIVE,false
C_4169eba859e1,C_81a3adcde9c7,null,trade-journal,,2024-12-15 00:00:00,2025-01-14 23:59:59.999,2024-12-15 17:54:34.333352,ANONYMIZED,T_261633459b54,INACTIVE,false
C_7c37d9c23e9c,C_17f538bb2988,null,email,,2024-12-15 00:00:00,2025-01-14 23:59:59.999,2024-12-15 20:42:16.563471,ANONYMIZED,T_261633459b54,INACTIVE,false
C_4dce0b89ae9a,C_d7d5f9e0da4c,null,recommended,,2024-12-16 00:00:00,2025-01-15 23:59:59.999,2024-12-16 08:57:47.257832,ANONYMIZED,T_261633459b54,INACTIVE,false
C_41b1cb1d46aa,C_7cfa55e6fa76,null,recommended,,2024-12-16 00:00:00,2025-01-15 23:59:59.999,2024-12-16 09:48:06.666685,ANONYMIZED,T_261633459b54,INACTIVE,false
C_ef29c35cafbb,C_9bef6074ead4,null,recommended,,2024-12-17 00:00:00,2025-01-16 23:59:59.999,2024-12-17 09:32:38.437494,ANONYMIZED,T_261633459b54,INACTIVE,false
C_ae8eb4c9f637,C_0a515344ddba,null,search-engine,,2024-12-17 00:00:00,2025-01-16 23:59:59.999,2024-12-17 10:46:36.575648,ANONYMIZED,T_261633459b54,INACTIVE,false
C_8f2a144d8a6d,C_5981aa26bead,null,website,,2024-12-18 00:00:00,2025-01-17 23:59:59.999,2024-12-18 18:13:09.942776,ANONYMIZED,T_261633459b54,INACTIVE,false
C_68e4e93c5181,C_6761ad33240f,null,recommended,,2024-12-21 00:00:00,2025-01-20 23:59:59.999,2024-12-21 04:45:35.572569,ANONYMIZED,T_261633459b54,INACTIVE,false
C_ef9b824b17fd,C_401564604652,null,recommended,,2024-12-21 00:00:00,2025-01-20 23:59:59.999,2024-12-21 21:22:32.741477,ANONYMIZED,T_261633459b54,INACTIVE,false
C_61e77441eabe,C_1c2e33679183,null,trade-journal,,2024-12-22 00:00:00,2025-01-21 23:59:59.999,2024-12-22 15:31:51.17284,ANONYMIZED,T_261633459b54,INACTIVE,false
C_78036efae4c1,C_a52821b20ad7,null,other,,2024-12-24 00:00:00,2025-01-23 23:59:59.999,2024-12-24 09:27:26.332553,ANONYMIZED,T_261633459b54,INACTIVE,false
C_105743c5f3e2,C_327e4133752f,null,website,,2024-12-24 00:00:00,2025-01-23 23:59:59.999,2024-12-24 12:31:34.110181,ANONYMIZED,T_261633459b54,INACTIVE,false
C_1afa0d963745,C_714d1cba1778,null,other,,2024-12-26 00:00:00,2025-01-25 23:59:59.999,2024-12-26 10:09:26.93072,ANONYMIZED,T_261633459b54,INACTIVE,false
C_a013e6e7691a,C_263003a9b5ca,null,recommended,,2024-12-27 00:00:00,2025-01-26 23:59:59.999,2024-12-27 21:12:30.3391,ANONYMIZED,T_261633459b54,INACTIVE,false
C_95e883400566,C_6df5338d7747,null,website,,2024-12-27 00:00:00,2025-01-26 23:59:59.999,2024-12-27 22:38:52.310174,ANONYMIZED,T_261633459b54,INACTIVE,false
C_20b97fe8253b,C_cd45673e99e8,null,other,,2024-12-28 00:00:00,2025-01-27 23:59:59.999,2024-12-28 12:11:39.154934,ANONYMIZED,T_261633459b54,INACTIVE,false
C_864b79bd63ee,C_b68674c7866e,null,ads,,2024-12-28 00:00:00,2025-01-27 23:59:59.999,2024-12-28 13:52:21.471838,ANONYMIZED,T_261633459b54,INACTIVE,false
C_37638f03a814,C_a03e4c1515fb,null,recommended,,2024-12-29 00:00:00,2025-01-28 23:59:59.999,2024-12-29 12:55:37.512538,ANONYMIZED,T_261633459b54,INACTIVE,false
C_b26f7326c3cc,C_ed496c55116e,null,email,,2024-12-29 00:00:00,2025-01-28 23:59:59.999,2024-12-29 18:09:00.669635,ANONYMIZED,T_261633459b54,INACTIVE,false
C_91ec0468b18b,C_1189ee72ba2f,null,other,,2024-12-30 00:00:00,2025-01-29 23:59:59.999,2024-12-30 09:03:58.812936,ANONYMIZED,T_261633459b54,INACTIVE,false
C_e482859e7113,C_f42acf09b3ae,null,search-engine,,2024-12-30 00:00:00,2025-01-29 23:59:59.999,2024-12-30 09:31:21.83712,ANONYMIZED,T_261633459b54,INACTIVE,false
C_f4ce083b016d,C_98a2d1d2dd3c,null,recommended,,2024-12-30 00:00:00,2025-01-29 23:59:59.999,2024-12-30 18:24:18.417039,ANONYMIZED,T_261633459b54,INACTIVE,false
C_f5dbb79494a0,C_6098f121e136,null,recommended,,2024-12-31 00:00:00,2025-01-30 23:59:59.999,2024-12-31 20:50:31.40896,ANONYMIZED,T_261633459b54,INACTIVE,false
C_3e1f2c3d29da,C_21bd3a81d1a3,null,social,,2025-01-01 00:00:00,2025-01-31 23:59:59.999,2025-01-01 13:00:56.000586,ANONYMIZED,T_261633459b54,INACTIVE,false
C_42738a4bab9b,C_171172354f64,null,recommended,,2025-01-02 00:00:00,2025-02-28 23:59:59.999,2025-01-02 13:46:51.512502,ANONYMIZED,T_261633459b54,INACTIVE,false
C_fa3d67ac4eac,C_c9443c7fd7fd,Niedersachsen,email,null,2025-01-07 00:00:00,2025-02-28 23:59:59.999,2025-01-07 08:47:17.58182,ACTIVE,T_261633459b54,ACTIVE,false
C_49de493c248d,C_3716bf578cc0,Niedersachsen,ads,null,2025-01-09 00:00:00,2025-02-08 23:59:59.999,2025-01-09 07:32:56.97135,ACTIVE,T_261633459b54,ACTIVE,false
C_e9ac33579a34,C_bce80e6cd69a,null,recommended,,2025-01-15 00:00:00,2025-02-14 23:59:59.999,2025-01-15 10:43:15.369053,ANONYMIZED,T_261633459b54,INACTIVE,false
C_0accc65c8faa,C_d237663488ba,null,other,,2025-01-15 00:00:00,2025-02-14 23:59:59.999,2025-01-15 18:58:17.779735,ANONYMIZED,T_261633459b54,INACTIVE,false
C_abb9c63c5b8a,C_f7f3cc037cb4,null,search-engine,,2025-01-16 00:00:00,2025-02-15 23:59:59.999,2025-01-16 11:51:47.194336,ANONYMIZED,T_261633459b54,INACTIVE,false
C_4fe6b9a9861e,C_384889bf825f,null,other,,2025-01-17 00:00:00,2025-02-16 23:59:59.999,2025-01-17 12:11:03.335056,ANONYMIZED,T_261633459b54,INACTIVE,false
C_23370f5aebec,C_431815e5ff9c,null,website,,2025-01-17 00:00:00,2025-02-16 23:59:59.999,2025-01-17 14:00:00.230391,ANONYMIZED,T_261633459b54,INACTIVE,false
C_cc7bea14ff82,C_cfbbd0252e5b,null,other,,2025-01-18 00:00:00,2025-02-17 23:59:59.999,2025-01-18 08:33:06.152624,ANONYMIZED,T_261633459b54,INACTIVE,false
C_b058e0581c63,C_4e51a9bf355c,Mecklenburg-Vorpommern,social,null,2025-01-20 00:00:00,2025-02-19 23:59:59.999,2025-01-20 10:45:36.97883,ACTIVE,T_261633459b54,ACTIVE,false
C_fc863c5d3f22,C_bf88b1d10cc9,null,other,,2025-01-20 00:00:00,2025-02-19 23:59:59.999,2025-01-20 12:04:43.293516,ANONYMIZED,T_261633459b54,INACTIVE,false
C_5c242f949ced,C_7a4e80316758,null,other,,2025-01-21 00:00:00,2025-02-20 23:59:59.999,2025-01-21 10:34:31.736333,ANONYMIZED,T_261633459b54,INACTIVE,false
C_657f5c5d3565,C_4bff5b4c28ba,null,search-engine,,2025-01-23 00:00:00,2025-02-22 23:59:59.999,2025-01-23 06:27:53.49417,ANONYMIZED,T_261633459b54,INACTIVE,false
C_5c782b057be2,C_6fd2ee8857cb,null,social,,2025-01-23 00:00:00,2025-02-22 23:59:59.999,2025-01-23 12:06:51.919527,ANONYMIZED,T_261633459b54,INACTIVE,false
C_4a1ac8b0a1b1,C_69f08a96c7ec,Nordrhein-Westfalen,recommended,null,2025-01-24 00:00:00,2025-03-31 23:59:59.999,2025-01-24 11:33:34.981091,ACTIVE,T_261633459b54,ACTIVE,false
C_89e8bf53e444,C_5a89560778df,null,other,,2025-01-26 00:00:00,2025-02-25 23:59:59.999,2025-01-26 11:34:39.919387,ANONYMIZED,T_261633459b54,INACTIVE,false
C_3b970c21ebab,C_5a2660e04944,null,search-engine,,2025-01-27 00:00:00,2025-02-26 23:59:59.999,2025-01-27 07:52:07.203495,ANONYMIZED,T_261633459b54,INACTIVE,false
C_219872be2ba1,C_324d156f2e67,null,other,,2025-01-27 00:00:00,2025-02-26 23:59:59.999,2025-01-27 12:06:02.204016,ANONYMIZED,T_261633459b54,INACTIVE,false
C_b5d9e4181540,C_b20f0c817eb6,null,recommended,,2025-01-27 00:00:00,2025-02-26 23:59:59.999,2025-01-27 16:43:49.499842,ANONYMIZED,T_261633459b54,INACTIVE,false
C_a2c87a68bfa1,C_74c68d295bbe,Nordrhein-Westfalen,email,null,2025-01-29 00:00:00,2025-02-28 23:59:59.999,2025-01-29 12:49:13.15194,ACTIVE,T_261633459b54,ACTIVE,false
C_477558104e75,C_ecdfba721849,null,other,,2025-01-30 00:00:00,2025-03-01 23:59:59.999,2025-01-30 07:50:02.479443,ANONYMIZED,T_261633459b54,INACTIVE,false
C_bd501986a494,C_6d79b0c62987,null,search-engine,,2025-01-30 00:00:00,2025-03-01 23:59:59.999,2025-01-30 08:08:00.074825,ANONYMIZED,T_261633459b54,INACTIVE,false
C_3f7120bdb8c3,C_cdfa88e8077f,null,other,,2025-01-31 00:00:00,2025-03-02 23:59:59.999,2025-01-31 09:44:27.754137,ANONYMIZED,T_261633459b54,INACTIVE,false
C_e45464b21247,C_de90721b3532,Nordrhein-Westfalen,website,null,2025-02-03 00:00:00,2025-03-05 23:59:59.999,2025-02-03 11:59:47.994832,ACTIVE,T_261633459b54,ACTIVE,false
C_521e13132853,C_7cd89c975ace,Nordrhein-Westfalen,other,12 Monatsvertrag,2025-01-30 00:00:00,2025-01-31 23:59:59.999,2025-01-30 08:44:43.013,ACTIVE,T_261633459b54,ACTIVE,false
C_8634c534e026,C_76a6ce51a240,Hamburg,recommended,null,2025-02-06 00:00:00,2025-03-08 23:59:59.999,2025-02-06 09:35:13.642917,ACTIVE,T_261633459b54,ACTIVE,false
C_5199a6170070,C_c3bfe5a32f94,Nordrhein-Westfalen,other,Anruf ,2025-02-06 00:00:00,2025-02-28 23:59:59.999,2025-02-06 11:18:47.420468,ACTIVE,T_261633459b54,ACTIVE,false
C_6a85a77f24de,C_fff31a9c1920,null,mail,,2025-02-06 00:00:00,2025-03-08 23:59:59.999,2025-02-06 11:30:39.819761,ANONYMIZED,T_261633459b54,INACTIVE,false
C_46d814b5a375,C_fd5f76d3c66c,Bayern,other,Telefonisch angerufen worden,2025-02-06 00:00:00,2025-03-31 23:59:59.999,2025-02-06 13:41:00.182586,ACTIVE,T_261633459b54,ACTIVE,false
C_7917efa31e9a,C_b7b7ab586735,null,other,,2025-02-06 00:00:00,2025-03-08 23:59:59.999,2025-02-06 13:44:45.001449,ANONYMIZED,T_261633459b54,INACTIVE,false
C_8e98352937c9,C_cd051c563318,null,other,,2025-02-06 00:00:00,2025-03-08 23:59:59.999,2025-02-06 16:07:44.718403,ANONYMIZED,T_261633459b54,INACTIVE,false
C_5d224f2b6482,C_9945b7cf5b11,null,mail,,2025-02-07 00:00:00,2025-03-09 23:59:59.999,2025-02-07 13:41:10.112345,ANONYMIZED,T_261633459b54,INACTIVE,false
C_a849060e2b8d,C_593ebdf52f5a,null,other,,2025-02-10 00:00:00,2025-03-12 23:59:59.999,2025-02-10 07:51:01.642545,ANONYMIZED,T_261633459b54,INACTIVE,false
C_cb613254751b,C_5d92f1e014f4,null,website,,2025-02-11 00:00:00,2025-03-13 23:59:59.999,2025-02-11 13:08:44.340315,ANONYMIZED,T_261633459b54,INACTIVE,false
C_abb1def890dc,C_f7a7cde05c97,null,search-engine,,2025-02-11 00:00:00,2025-03-13 23:59:59.999,2025-02-11 22:56:54.539195,ANONYMIZED,T_261633459b54,INACTIVE,false
C_26b59b93a62d,C_6891b93a7132,null,recommended,,2025-02-13 00:00:00,2025-03-15 23:59:59.999,2025-02-13 10:12:27.916887,ANONYMIZED,T_261633459b54,INACTIVE,false
C_5f171c94ba3b,C_4267df128e68,null,mail,,2025-02-13 00:00:00,2025-03-15 23:59:59.999,2025-02-13 13:20:59.111625,ANONYMIZED,T_261633459b54,INACTIVE,false
C_b4f50207e270,C_76a26ad4f6d6,null,website,,2025-02-14 00:00:00,2025-03-16 23:59:59.999,2025-02-14 12:39:53.939216,ANONYMIZED,T_261633459b54,INACTIVE,false
C_60c450de39b5,C_2c193998de54,null,trade-journal,,2025-02-15 00:00:00,2025-03-17 23:59:59.999,2025-02-15 13:54:40.591636,ANONYMIZED,T_261633459b54,INACTIVE,false
C_56a8c9608078,C_6f5c6727327d,null,ads,,2025-02-16 00:00:00,2025-03-18 23:59:59.999,2025-02-16 15:14:50.873083,ANONYMIZED,T_261633459b54,INACTIVE,false
C_06087f843842,C_cd64fc3f0626,null,recommended,,2025-02-18 00:00:00,2025-03-20 23:59:59.999,2025-02-18 10:57:59.672175,ANONYMIZED,T_261633459b54,INACTIVE,false
C_41f7d4417e72,C_48b07ab1a247,null,recommended,,2025-02-19 00:00:00,2025-03-21 23:59:59.999,2025-02-19 17:25:07.313725,ANONYMIZED,T_261633459b54,INACTIVE,false
C_72de9de02665,C_73ada1d9d46f,null,recommended,,2025-02-20 00:00:00,2025-03-22 23:59:59.999,2025-02-20 15:00:43.161654,ANONYMIZED,T_261633459b54,INACTIVE,false
C_82379ec3a5f5,C_7f1aac8e43e6,null,other,,2025-02-21 00:00:00,2025-03-23 23:59:59.999,2025-02-21 11:42:01.343931,ANONYMIZED,T_261633459b54,INACTIVE,false
C_a7b82323bd97,C_6459e78bf8d9,null,search-engine,,2025-02-21 00:00:00,2025-03-23 23:59:59.999,2025-02-21 12:53:53.982042,ANONYMIZED,T_261633459b54,INACTIVE,false
C_61fb930bdfba,C_86da53d5a56d,null,recommended,,2025-02-26 00:00:00,2025-03-28 23:59:59.999,2025-02-26 08:29:51.274282,ANONYMIZED,T_261633459b54,INACTIVE,false
C_7c2268eb6c42,C_64dd2589188b,Niedersachsen,other,12 Monatsvertrag,2025-01-27 00:00:00,2025-01-31 23:59:59.999,2025-02-27 12:31:32.252624,ACTIVE,T_261633459b54,ACTIVE,false
C_741d45a1c51f,C_9f4564bce0d4,null,recommended,,2025-02-27 00:00:00,2025-03-29 23:59:59.999,2025-02-27 12:52:00.031576,ANONYMIZED,T_261633459b54,INACTIVE,false
C_057e25c7970e,C_16ccecfe92d6,null,recommended,,2025-03-04 00:00:00,2025-04-03 23:59:59.999,2025-03-04 14:50:36.06244,ANONYMIZED,T_261633459b54,INACTIVE,false
C_ba5612fbca02,C_386918abb0e0,null,email,,2025-03-05 00:00:00,2025-04-04 23:59:59.999,2025-03-05 07:54:44.106219,ANONYMIZED,T_261633459b54,INACTIVE,false
C_6515f1756cbc,C_f48d0de63697,null,email,,2025-03-05 00:00:00,2025-04-04 23:59:59.999,2025-03-05 10:08:12.767192,ANONYMIZED,T_261633459b54,INACTIVE,false
C_cf0cb0850085,C_9e65f961ef2c,null,recommended,,2025-03-06 00:00:00,2025-04-05 23:59:59.999,2025-03-06 06:54:31.882915,ANONYMIZED,T_261633459b54,INACTIVE,false
C_42e9380588f8,C_a91afe328f52,null,website,,2025-03-09 00:00:00,2025-04-08 23:59:59.999,2025-03-09 14:53:56.501033,ANONYMIZED,T_261633459b54,INACTIVE,false
C_8bb2f38e42eb,C_e373731c0276,Bremen,email,null,2025-03-11 00:00:00,2025-03-31 23:59:59.999,2025-03-11 14:22:00.45801,ACTIVE,T_261633459b54,ACTIVE,false
C_47b2e15eb70f,C_0e8177562943,Berlin,other,direkter Kontakt,2025-03-12 00:00:00,2025-03-31 23:59:59.999,2025-03-12 13:06:08.203893,ACTIVE,T_261633459b54,ACTIVE,false
C_c82084b3a4e2,C_c2431dc4362e,null,other,,2025-03-13 00:00:00,2025-04-12 23:59:59.999,2025-03-13 08:47:14.04697,ANONYMIZED,T_261633459b54,INACTIVE,false
C_069f90c796af,C_da69ea496d38,null,search-engine,,2025-03-13 00:00:00,2025-04-12 23:59:59.999,2025-03-13 09:09:15.429381,ANONYMIZED,T_261633459b54,INACTIVE,false
C_01abbaec259a,C_e2ff6611b9e5,Rheinland-Pfalz,recommended,null,2025-03-13 00:00:00,2025-04-12 23:59:59.999,2025-03-13 17:21:50.524797,INACTIVE,T_261633459b54,INACTIVE,false
C_fb60520cf036,C_5c036cce5092,Brandenburg,other,12-Monats-Vertrag,2025-03-14 00:00:00,2025-03-31 23:59:59.999,2025-03-14 13:46:45.439753,ACTIVE,T_261633459b54,ACTIVE,false
C_c211bdea9a31,C_7b03a347b0c3,null,search-engine,,2025-03-18 00:00:00,2025-04-17 23:59:59.999,2025-03-18 13:05:22.082808,ANONYMIZED,T_261633459b54,INACTIVE,false
C_5d6a3c9c46f5,C_358b6328411a,Niedersachsen,other,12-Monats-Vertrag,2025-03-20 00:00:00,2025-03-31 23:59:59.999,2025-03-20 08:30:19.851932,ACTIVE,T_261633459b54,ACTIVE,false
C_904977269f74,C_55daf0911fdc,Sachsen,other,12-Monats-Vertrag,2025-03-20 00:00:00,2025-03-31 23:59:59.999,2025-03-20 10:47:10.794868,ACTIVE,T_261633459b54,ACTIVE,false
C_96808303c45f,C_69c5858cad1d,null,recommended,,2025-03-20 00:00:00,2025-04-19 23:59:59.999,2025-03-20 17:32:36.835607,ANONYMIZED,T_261633459b54,INACTIVE,false
C_f8d97016befc,C_58467994e506,null,search-engine,,2025-03-21 00:00:00,2025-04-20 23:59:59.999,2025-03-21 18:17:30.096369,ANONYMIZED,T_261633459b54,INACTIVE,false
C_6a9de3e3e688,C_3cc09e160d00,null,recommended,,2025-03-23 00:00:00,2025-04-22 23:59:59.999,2025-03-23 11:46:45.364362,ANONYMIZED,T_261633459b54,INACTIVE,false
C_336e91434151,C_2e35e7eea356,null,ads,,2025-03-25 00:00:00,2025-04-24 23:59:59.999,2025-03-25 11:56:24.885171,ANONYMIZED,T_261633459b54,INACTIVE,false
C_2ff6bdcce45b,C_661d0052d7bb,null,search-engine,,2025-03-25 00:00:00,2025-04-24 23:59:59.999,2025-03-25 11:58:14.274254,ANONYMIZED,T_261633459b54,INACTIVE,false
C_00ac766ab469,C_a384195b4577,null,other,,2025-03-25 00:00:00,2025-04-24 23:59:59.999,2025-03-25 14:08:59.296546,ANONYMIZED,T_261633459b54,INACTIVE,false
C_343f6ed29c60,C_1d1e50d5820d,null,recommended,,2025-03-26 00:00:00,2025-04-25 23:59:59.999,2025-03-26 03:20:46.605056,ANONYMIZED,T_261633459b54,INACTIVE,false
C_3257a6dce0b7,C_7c3e199881c7,null,email,,2025-03-26 00:00:00,2025-04-25 23:59:59.999,2025-03-26 08:27:39.298134,ANONYMIZED,T_261633459b54,INACTIVE,false
C_8d953429f420,C_e0c28ca4c7a0,null,recommended,,2025-03-26 00:00:00,2025-04-25 23:59:59.999,2025-03-26 08:43:32.352702,ANONYMIZED,T_261633459b54,INACTIVE,false
C_a7453071553c,C_123d1fe592b9,null,mail,,2025-03-27 00:00:00,2025-04-26 23:59:59.999,2025-03-27 19:39:16.61905,ANONYMIZED,T_261633459b54,INACTIVE,false
C_9fa95fbcc775,C_a5cf3d6180f0,Berlin,other,Werbeanruf,2025-03-28 00:00:00,2025-11-04 23:59:59.999,2025-03-28 13:28:59.003916,ACTIVE,T_261633459b54,ACTIVE,false
C_c53b78c8580d,C_c083b24ab245,null,social,,2025-03-30 00:00:00,2025-04-29 23:59:59.999,2025-03-30 12:16:58.149925,ANONYMIZED,T_261633459b54,INACTIVE,false
C_8d86a207f1c9,C_14ba9264c481,null,trade-journal,,2025-03-31 00:00:00,2025-04-30 23:59:59.999,2025-03-31 12:42:10.395413,ANONYMIZED,T_261633459b54,INACTIVE,false
C_2dc521c4119a,C_377d2c6b7f2d,null,trade-journal,,2025-03-31 00:00:00,2025-04-30 23:59:59.999,2025-03-31 19:03:45.400584,ANONYMIZED,T_261633459b54,INACTIVE,false
C_3149a36b7d6e,C_927ecd6e72b9,null,other,,2025-04-03 00:00:00,2025-05-03 23:59:59.999,2025-04-03 04:36:55.578774,ANONYMIZED,T_261633459b54,INACTIVE,false
C_044fb30edfbe,C_6a0380e9b9c7,null,email,,2025-04-04 00:00:00,2025-05-04 23:59:59.999,2025-04-04 10:25:49.197977,ANONYMIZED,T_261633459b54,INACTIVE,false
C_9bb5792c813e,C_cd905506f3e0,null,other,,2025-04-07 00:00:00,2025-05-07 23:59:59.999,2025-04-07 10:24:21.411035,ANONYMIZED,T_261633459b54,INACTIVE,false
C_8be880fd59a3,C_a6aec237bb7c,Brandenburg,other,12 Monatsvertrag,2025-04-09 00:00:00,2025-04-30 23:59:59.999,2025-04-09 12:12:56.241984,ACTIVE,T_261633459b54,ACTIVE,false
C_30276cf06c74,C_e52fb22dd956,null,search-engine,,2025-04-14 00:00:00,2025-05-14 23:59:59.999,2025-04-14 08:09:04.43351,ANONYMIZED,T_261633459b54,INACTIVE,false
C_272e7cdd42a2,C_3d833789ef5e,null,recommended,,2025-04-14 00:00:00,2025-05-14 23:59:59.999,2025-04-14 17:34:09.551905,ANONYMIZED,T_261633459b54,INACTIVE,false
C_f0f4a08afe1e,C_bf70143b71fa,Baden-Württemberg,other,12-Monats-Vertrag,2025-04-16 00:00:00,2025-04-30 23:59:59.999,2025-04-16 07:04:43.854713,ACTIVE,T_261633459b54,ACTIVE,false
C_09daf3bd3e48,C_c13044256aec,Sachsen,ads,null,2025-04-16 00:00:00,2025-05-31 23:59:59.999,2025-04-16 07:12:19.217022,ACTIVE,T_261633459b54,ACTIVE,false
C_c8c934012a83,C_9be92a5ea640,Thüringen,other,Info: 12 Monatsvertrag,2025-04-17 00:00:00,2025-04-30 23:59:59.999,2025-04-17 09:54:13.582209,ACTIVE,T_261633459b54,ACTIVE,false
C_e2f0f53466ff,C_9e74dfbea4ea,null,other,,2025-04-17 00:00:00,2025-06-30 23:59:59.999,2025-04-17 11:49:50.019143,ANONYMIZED,T_261633459b54,INACTIVE,false
C_2b0a374a9231,C_6adf7ffd6136,null,recommended,,2025-04-18 00:00:00,2025-05-18 23:59:59.999,2025-04-18 08:38:41.257975,ANONYMIZED,T_261633459b54,INACTIVE,false
C_9afc4a8e0a7a,C_8534adc40390,null,search-engine,,2025-04-19 00:00:00,2025-05-19 23:59:59.999,2025-04-19 15:26:16.269149,ANONYMIZED,T_261633459b54,INACTIVE,false
C_de0e75a78401,C_d1c7057b64e0,null,other,,2025-04-22 00:00:00,2025-05-22 23:59:59.999,2025-04-22 09:29:32.101376,ANONYMIZED,T_261633459b54,INACTIVE,false
C_8de78157c7f6,C_ecc3e5df7daf,Mecklenburg-Vorpommern,other,12 Montasvertrag,2025-04-30 00:00:00,2025-04-30 23:59:59.999,2025-04-30 13:02:57.423675,ACTIVE,T_59e43ef6114f,ACTIVE,false
C_0051dbb36ad3,C_b6ca4d733ae4,null,recommended,,2025-05-01 00:00:00,2025-05-31 23:59:59.999,2025-05-01 18:57:30.125752,ANONYMIZED,T_cf60f3564623,INACTIVE,false
C_4c4219fb10a7,C_78b5c5ebaddd,null,other,,2025-05-09 00:00:00,2025-06-08 23:59:59.999,2025-05-09 20:47:44.494609,ANONYMIZED,T_261633459b54,INACTIVE,false
C_0c7df69fac29,C_85eb68b4a9e9,null,recommended,,2025-05-11 00:00:00,2025-06-10 23:59:59.999,2025-05-11 07:17:10.858237,ANONYMIZED,T_59e43ef6114f,INACTIVE,false
C_34fa5461de4d,C_406e300e2be0,null,recommended,null,2025-05-12 00:00:00,2025-05-31 23:59:59.999,2025-05-12 12:58:41.984799,ACTIVE,T_261633459b54,ACTIVE,false
C_064e3ad3a002,C_923bef71a87e,null,recommended,,2025-05-14 00:00:00,2025-06-13 23:59:59.999,2025-05-14 06:56:51.000602,ANONYMIZED,T_930aa49bdfa0,INACTIVE,false
C_cb8d04e916c0,C_c0ca972cd6ff,Sachsen,recommended,null,2025-05-14 00:00:00,2025-07-31 23:59:59.999,2025-05-14 09:12:59.958195,ACTIVE,T_59e43ef6114f,ACTIVE,false
C_5c05115e8ac7,C_cd88a864637f,Hessen,email,null,2025-05-15 00:00:00,2025-05-31 23:59:59.999,2025-05-15 12:17:38.064907,ACTIVE,T_59e43ef6114f,ACTIVE,false
C_a89af2f59277,C_dbbb733cb270,null,website,,2025-05-16 00:00:00,2025-06-15 23:59:59.999,2025-05-16 05:21:45.388465,ANONYMIZED,T_cf60f3564623,INACTIVE,false
C_3dbeb1cf1f4f,C_4de3ed6ff67e,Nordrhein-Westfalen,search-engine,null,2025-05-18 00:00:00,2025-06-05 23:59:59.999,2025-05-18 12:15:22.730237,ACTIVE,T_261633459b54,ACTIVE,false
C_c0fdf23cd459,C_41d4bac17ecd,null,other,,2025-05-18 00:00:00,2025-06-17 23:59:59.999,2025-05-18 16:10:18.02407,ANONYMIZED,T_cf60f3564623,INACTIVE,false
C_d8d69562efa4,C_19a80fa71253,null,recommended,,2025-05-19 00:00:00,2025-06-18 23:59:59.999,2025-05-19 13:46:48.042409,ANONYMIZED,T_cf60f3564623,INACTIVE,false
C_d99887ba412e,C_11514742fb1a,null,email,,2025-05-20 00:00:00,2025-06-19 23:59:59.999,2025-05-20 12:34:45.507521,ANONYMIZED,T_cf60f3564623,INACTIVE,false
C_d7d967b128e7,C_cd18c5d2e189,null,other,,2025-05-20 00:00:00,2025-06-19 23:59:59.999,2025-05-20 12:47:43.72226,ANONYMIZED,T_59e43ef6114f,INACTIVE,false
C_3b2dd303c3e2,C_bcea3a57c905,null,other,,2025-05-20 00:00:00,2025-06-19 23:59:59.999,2025-05-20 22:47:39.018502,ANONYMIZED,T_261633459b54,INACTIVE,false
C_451336f79629,C_e18a60323a6e,null,partners-api,Partner Created Facility,2025-05-21 00:00:00,2025-05-21 23:59:59.999,2025-05-21 18:42:37.518074,ACTIVE,T_b36bb0c90929,ACTIVE,false
C_99a66dce03ae,C_c1a783c6065b,null,partners-api,Partner Created Facility,2025-05-21 00:00:00,2025-05-21 23:59:59.999,2025-05-21 18:46:03.996757,ACTIVE,T_b36bb0c90929,ACTIVE,false
C_57aa87d7a885,C_5cc4aabdb398,null,partners-api,Partner Created Facility,2025-05-21 00:00:00,2025-05-21 23:59:59.999,2025-05-21 18:49:57.604778,ACTIVE,T_b36bb0c90929,ACTIVE,false
C_f5765b5c4c31,C_b4a3ceccfd24,null,partners-api,Partner Created Facility,2025-05-21 00:00:00,2025-05-21 23:59:59.999,2025-05-21 18:50:46.227584,ACTIVE,T_b36bb0c90929,ACTIVE,false
C_69ed3e400693,C_91a4c8b70215,null,partners-api,Partner Created Facility,2025-05-21 00:00:00,2025-05-21 23:59:59.999,2025-05-21 18:51:49.063548,ACTIVE,T_b36bb0c90929,ACTIVE,false
C_a0a75becc2ce,C_aa952ec7cbfe,null,partners-api,Partner Created Facility,2025-05-21 00:00:00,2025-05-21 23:59:59.999,2025-05-21 18:57:26.098986,ACTIVE,T_b36bb0c90929,ACTIVE,false
C_b64b69a185a5,C_7e03f97838cc,null,partners-api,Partner Created Facility,2025-05-21 00:00:00,2025-05-21 23:59:59.999,2025-05-21 19:11:35.205706,ACTIVE,T_b36bb0c90929,ACTIVE,false
C_801cf8ea1e8d,C_f11f82f5348d,null,partners-api,Partner Created Facility,2025-05-21 00:00:00,2025-05-21 23:59:59.999,2025-05-21 19:14:40.47273,ACTIVE,T_b36bb0c90929,ACTIVE,false
C_6594d785bfb3,C_ab62e59993a7,null,partners-api,Partner Created Facility,2025-05-21 00:00:00,2025-05-21 23:59:59.999,2025-05-21 19:47:23.184547,ACTIVE,T_b36bb0c90929,ACTIVE,false
C_29ee35d27fd8,C_e32b227a33d4,null,partners-api,Partner Created Facility,2025-05-21 00:00:00,2025-05-21 23:59:59.999,2025-05-21 21:10:34.613613,ACTIVE,T_b36bb0c90929,ACTIVE,false
C_0e837511a16c,C_88ec49c928e6,null,partners-api,Partner Created Facility,2025-05-22 00:00:00,2025-05-22 23:59:59.999,2025-05-22 06:49:36.718567,ACTIVE,T_b36bb0c90929,ACTIVE,false
C_b2e1596f29cd,C_087f94fc7ae1,null,search-engine,,2025-05-22 00:00:00,2025-06-21 23:59:59.999,2025-05-22 16:04:58.966529,ANONYMIZED,T_261633459b54,INACTIVE,false
C_465460be38e7,C_bf6003a80a83,null,recommended,,2025-05-24 00:00:00,2025-06-23 23:59:59.999,2025-05-24 08:05:20.139654,ANONYMIZED,T_261633459b54,INACTIVE,false
C_1b0d8b9a085e,C_494a5dd3b35e,null,search-engine,,2025-05-26 00:00:00,2025-06-25 23:59:59.999,2025-05-26 16:23:48.510152,ANONYMIZED,T_59e43ef6114f,INACTIVE,false
C_9dcb66cd059e,C_14cf4a2a2f0f,null,search-engine,,2025-05-27 00:00:00,2025-06-26 23:59:59.999,2025-05-27 11:04:25.413807,ANONYMIZED,T_59e43ef6114f,INACTIVE,false
C_32ed62aad35f,C_bcba5d82e8dd,null,mail,,2025-05-27 00:00:00,2025-06-26 23:59:59.999,2025-05-27 11:33:06.328734,ANONYMIZED,T_59e43ef6114f,INACTIVE,false
C_6ef536b597f3,C_9fb06aff3e51,null,social,,2025-05-27 00:00:00,2025-06-26 23:59:59.999,2025-05-27 20:46:34.215886,ANONYMIZED,T_cf60f3564623,INACTIVE,false
C_6050e044fb75,C_6d25343cb1a4,null,search-engine,,2025-05-28 00:00:00,2025-06-27 23:59:59.999,2025-05-28 02:09:48.306053,ANONYMIZED,T_261633459b54,INACTIVE,false
C_9ec236c4159b,C_3e0db9161324,null,search-engine,,2025-05-28 00:00:00,2025-06-27 23:59:59.999,2025-05-28 20:37:08.176278,ANONYMIZED,T_59e43ef6114f,INACTIVE,false
C_100fc09a4fbd,C_e2be151ae1eb,null,other,,2025-05-29 00:00:00,2025-06-28 23:59:59.999,2025-05-29 10:58:03.031597,ANONYMIZED,T_cf60f3564623,INACTIVE,false
C_330848eeccbe,C_144d1ff01d8f,null,mail,,2025-05-30 00:00:00,2025-06-29 23:59:59.999,2025-05-30 11:03:28.42879,ANONYMIZED,T_261633459b54,INACTIVE,false
C_570efad8b76e,C_cf799b5d8f5b,null,recommended,,2025-05-31 00:00:00,2025-06-30 23:59:59.999,2025-05-31 06:58:18.370941,ANONYMIZED,T_59e43ef6114f,INACTIVE,false
C_53c7abe186af,C_ed98e56a15fd,null,other,,2025-05-31 00:00:00,2025-06-30 23:59:59.999,2025-05-31 12:08:21.219673,ANONYMIZED,T_261633459b54,INACTIVE,false
C_04b2035b68b3,C_9783e7bc4553,null,search-engine,,2025-06-02 00:00:00,2025-07-02 23:59:59.999,2025-06-02 21:11:55.230944,ANONYMIZED,T_59e43ef6114f,INACTIVE,false
C_dd7065b0c9e9,C_943fc91809a4,Brandenburg,search-engine,null,2025-06-03 00:00:00,2025-12-31 23:59:59.999,2025-06-03 06:27:34.268435,ANONYMIZED,T_d3bc3404d076,INACTIVE,false
C_57947a7a7cd3,C_d9ff5e1df207,null,recommended,,2025-06-03 00:00:00,2025-07-03 23:59:59.999,2025-06-03 10:18:08.325365,ANONYMIZED,T_59e43ef6114f,INACTIVE,false
C_997cf66768ca,C_78d6a670a451,null,trade-journal,,2025-06-03 00:00:00,2025-07-03 23:59:59.999,2025-06-03 21:12:26.949407,ANONYMIZED,T_cf60f3564623,INACTIVE,false
C_a356272b32ac,C_6c3765fc7c24,null,other,,2025-06-05 00:00:00,2025-07-05 23:59:59.999,2025-06-05 09:58:59.969049,ANONYMIZED,T_cf60f3564623,INACTIVE,false
C_fed63aad3c56,C_7a4384c95b73,Berlin,recommended,null,2025-06-05 00:00:00,2025-07-05 23:59:59.999,2025-06-05 13:06:26.204394,INACTIVE,T_152ca06f214e,INACTIVE,false
C_82068a374315,C_3aaef5be2daa,null,recommended,,2025-06-06 00:00:00,2025-07-06 23:59:59.999,2025-06-06 18:56:03.135441,ANONYMIZED,T_cf60f3564623,INACTIVE,false
C_74ee54b139ec,C_2f08d21558fc,null,social,,2025-06-08 00:00:00,2025-07-08 23:59:59.999,2025-06-08 15:51:07.858871,ANONYMIZED,T_cf60f3564623,INACTIVE,false
C_20f443d44ff3,C_1f19c843f0e3,null,recommended,,2025-06-08 00:00:00,2025-07-08 23:59:59.999,2025-06-08 20:00:03.752809,ANONYMIZED,T_cf60f3564623,INACTIVE,false
C_92a74034c389,C_b33fdafb00ba,null,recommended,,2025-06-10 00:00:00,2025-06-17 23:59:59.999,2025-06-10 09:12:50.996049,ANONYMIZED,T_59e43ef6114f,INACTIVE,false
C_73a2f1c4a74a,C_5839d8a27436,null,email,,2025-06-10 00:00:00,2025-06-17 23:59:59.999,2025-06-10 09:32:25.693627,ANONYMIZED,T_59e43ef6114f,INACTIVE,false
C_f1dad3944c3f,C_6d5dd7692a28,null,other,,2025-06-10 00:00:00,2025-06-17 23:59:59.999,2025-06-10 11:24:25.502856,ANONYMIZED,T_cf60f3564623,INACTIVE,false
C_f681c029614a,C_b14196d6bed0,null,recommended,,2025-06-10 00:00:00,2025-06-17 23:59:59.999,2025-06-10 18:01:54.150013,ANONYMIZED,T_cf60f3564623,INACTIVE,false
C_dd98d72b368f,C_ac48f5c5259f,null,other,,2025-06-10 00:00:00,2025-06-17 23:59:59.999,2025-06-10 22:57:35.758592,ANONYMIZED,T_d3bc3404d076,INACTIVE,false
C_bac6358b32b5,C_ab34d7d4ec35,null,partners-api,Partner Created Facility,2025-06-11 00:00:00,2025-06-11 23:59:59.999,2025-06-11 12:30:10.434924,ACTIVE,T_b36bb0c90929,ACTIVE,false
C_a8de78c54779,C_a41c1a732367,null,other,,2025-05-11 00:00:00,2025-05-31 23:59:59.999,2025-06-11 13:18:37.527457,ANONYMIZED,T_152ca06f214e,INACTIVE,false
C_39b8b735f875,C_c3963652761f,null,other,,2025-05-11 00:00:00,2025-05-31 23:59:59.999,2025-06-11 13:47:47.086413,ANONYMIZED,T_152ca06f214e,INACTIVE,false
C_3d55d7efbdb6,C_8336fb457d05,null,other,,2025-05-11 00:00:00,2025-05-31 23:59:59.999,2025-06-11 14:05:25.531678,ANONYMIZED,T_152ca06f214e,INACTIVE,false
C_3bec72bc1628,C_48e402816372,null,recommended,,2025-06-11 00:00:00,2025-06-18 23:59:59.999,2025-06-11 18:35:36.833992,ANONYMIZED,T_261633459b54,INACTIVE,false
C_c3ea0d3c890e,C_7dd02df9b66d,null,email,,2025-06-12 00:00:00,2025-06-19 23:59:59.999,2025-06-12 09:03:43.36826,ANONYMIZED,T_59e43ef6114f,INACTIVE,false
C_f20e6b5bba25,C_e62e34e58091,null,partners-api,Partner Created Facility,2025-06-12 00:00:00,2025-06-12 23:59:59.999,2025-06-12 12:46:03.560082,ACTIVE,T_b36bb0c90929,ACTIVE,false
C_dfaf76f7dc51,C_4bef586c67ca,Bayern,other,12-Monats-Vertrag,2025-06-16 00:00:00,2025-06-30 23:59:59.999,2025-06-16 13:14:39.459204,ACTIVE,T_59e43ef6114f,ACTIVE,false
C_c713c11f77ec,C_f3bf1d00a730,null,search-engine,,2025-06-17 00:00:00,2025-06-24 23:59:59.999,2025-06-17 07:01:45.128724,ANONYMIZED,T_59e43ef6114f,INACTIVE,false
C_52bac51562b2,C_39b51507ec65,null,website,,2025-06-17 00:00:00,2025-06-24 23:59:59.999,2025-06-17 09:04:35.768854,ANONYMIZED,T_261633459b54,INACTIVE,false
C_ff262967c8be,C_b6448fd21b8a,null,website,,2025-06-17 00:00:00,2025-06-24 23:59:59.999,2025-06-17 11:31:15.335911,ANONYMIZED,T_59e43ef6114f,INACTIVE,false
C_74d556b2f855,C_3263b7caa6fc,null,social,,2025-06-18 00:00:00,2025-06-25 23:59:59.999,2025-06-18 10:45:15.896761,ANONYMIZED,T_cf60f3564623,INACTIVE,false
C_f566388626bf,C_57d87682526e,null,recommended,,2025-06-19 00:00:00,2025-06-26 23:59:59.999,2025-06-19 15:27:11.862454,ANONYMIZED,T_cf60f3564623,INACTIVE,false
C_e3657c45be1d,C_bd7ca090f75e,Niedersachsen,other,12-Monats-Vertrag,2025-06-20 00:00:00,2025-07-31 23:59:59.999,2025-06-20 08:13:18.538892,ACTIVE,T_59e43ef6114f,ACTIVE,false
C_397d0eb96714,C_9cdd126442a9,null,trade-journal,,2025-06-21 00:00:00,2025-06-28 23:59:59.999,2025-06-21 10:47:29.306043,ANONYMIZED,T_261633459b54,INACTIVE,false
C_c8833396643a,C_b66b045d3f6c,null,recommended,,2025-06-22 00:00:00,2025-06-29 23:59:59.999,2025-06-22 12:44:59.721958,ANONYMIZED,T_cf60f3564623,INACTIVE,false
C_80a1427932ea,C_6dd8acff3a24,null,recommended,,2025-06-23 00:00:00,2025-06-30 23:59:59.999,2025-06-23 15:19:37.870726,ANONYMIZED,T_59e43ef6114f,INACTIVE,true
C_fbfb0905fad1,C_f13375970dcd,null,recommended,,2025-06-23 00:00:00,2025-06-30 23:59:59.999,2025-06-23 15:20:32.202295,ANONYMIZED,T_59e43ef6114f,INACTIVE,false
C_57acfc538725,C_590f60026de5,Nordrhein-Westfalen,other,Ex Firma,2025-06-24 00:00:00,2025-10-08 18:59:59.999,2025-06-24 09:44:28.988291,ACTIVE,T_cf60f3564623,ACTIVE,false
C_b963fa39d098,C_f31e7ece8d74,null,recommended,,2025-06-24 00:00:00,2025-07-01 23:59:59.999,2025-06-24 16:30:32.810003,ANONYMIZED,T_cf60f3564623,INACTIVE,false
C_dab21639b280,C_8a51b2c858ea,null,partners-api,Partner Created Facility,2025-06-25 00:00:00,2025-06-25 23:59:59.999,2025-06-25 11:14:34.773219,ACTIVE,T_b36bb0c90929,ACTIVE,false
C_2a62f4d73638,C_2dff700cf8d4,null,other,,2025-06-25 00:00:00,2025-07-02 23:59:59.999,2025-06-25 12:11:59.031026,ANONYMIZED,T_930aa49bdfa0,INACTIVE,false
C_1ab2774c6d0b,C_4b4173220607,null,website,,2025-06-27 00:00:00,2025-07-04 23:59:59.999,2025-06-27 00:08:24.311171,ANONYMIZED,T_261633459b54,INACTIVE,false
C_ada550bc5983,C_aa04f8d366de,null,social,,2025-06-30 00:00:00,2025-07-07 23:59:59.999,2025-06-30 03:53:34.66951,ANONYMIZED,T_152ca06f214e,INACTIVE,false
C_e5b7bb647f67,C_de1e941fcec0,null,mail,,2025-07-01 00:00:00,2025-07-08 23:59:59.999,2025-07-01 06:47:03.631561,ANONYMIZED,T_cf60f3564623,INACTIVE,false
C_71bfd45dc76d,C_7d2f05580bd8,null,other,,2025-07-03 00:00:00,2025-07-10 23:59:59.999,2025-07-03 05:49:12.073955,ANONYMIZED,T_930aa49bdfa0,INACTIVE,false
C_2eb2bb3b0bfc,C_a7812ab861e8,null,search-engine,,2025-07-03 00:00:00,2025-08-15 23:59:59.999,2025-07-03 13:55:22.118219,ANONYMIZED,T_cf60f3564623,INACTIVE,false
C_7cdfe44a8e39,C_ea2110b5a324,null,other,,2025-07-04 00:00:00,2025-07-11 23:59:59.999,2025-07-04 08:25:12.896213,ANONYMIZED,T_152ca06f214e,INACTIVE,false
C_f35b6c32ca88,C_5039918656c2,null,recommended,,2025-07-07 00:00:00,2025-07-14 23:59:59.999,2025-07-07 07:52:39.854633,ANONYMIZED,T_cf60f3564623,INACTIVE,false
C_c0238f1b43b5,C_7278651c32e7,Nordrhein-Westfalen,other,12 Monatsvertrag,2025-07-07 00:00:00,2025-07-14 23:59:59.999,2025-07-07 11:34:39.247515,ACTIVE,T_59e43ef6114f,ACTIVE,false
C_ae65bd29711d,C_3812db6677c0,null,partners-api,Partner Created Facility,2025-07-07 00:00:00,2025-07-07 23:59:59.999,2025-07-07 13:12:32.178267,ACTIVE,T_b36bb0c90929,ACTIVE,false
C_9a3f94e45124,C_74c3835b6df6,null,other,,2025-07-07 00:00:00,2025-07-14 23:59:59.999,2025-07-07 16:50:55.741937,ANONYMIZED,T_cf60f3564623,INACTIVE,false
C_a9d49a83ff8a,C_d941b2364792,null,other,Früher bereits bei Verein Daheim benutzt,2025-07-07 00:00:00,2025-07-14 23:59:59.999,2025-07-07 17:24:41.194672,ACTIVE,T_261633459b54,ACTIVE,false
C_f48327f8cea5,C_29a86f10b321,Bayern,search-engine,null,2025-07-08 00:00:00,2025-07-15 23:59:59.999,2025-07-08 14:33:48.965635,ACTIVE,T_261633459b54,ACTIVE,false
C_b62c667e6f86,C_abd3bb8226a8,null,partners-api,Partner Created Facility,2025-07-09 00:00:00,2025-07-09 23:59:59.999,2025-07-09 08:57:26.38115,ACTIVE,T_b36bb0c90929,ACTIVE,false
C_8031f523ce14,C_74eea47a14e8,null,partners-api,Partner Created Facility,2025-07-09 00:00:00,2025-07-09 23:59:59.999,2025-07-09 10:27:24.687575,ACTIVE,T_b36bb0c90929,ACTIVE,false
C_c6287cc5ddae,C_e613a3151fe4,null,recommended,,2025-07-14 00:00:00,2025-07-21 23:59:59.999,2025-07-14 11:23:48.461349,ANONYMIZED,T_cf60f3564623,INACTIVE,false
C_645d42d96d41,C_a7304be0bb7b,null,other,,2025-07-14 00:00:00,2025-07-21 23:59:59.999,2025-07-14 12:21:59.213849,ANONYMIZED,T_261633459b54,INACTIVE,false
C_bef585cb8650,C_eaed933c1faa,null,other,,2025-07-14 00:00:00,2025-07-21 23:59:59.999,2025-07-14 15:06:50.912401,ANONYMIZED,T_cf60f3564623,INACTIVE,false
C_11e8f3301e2a,C_1172e56464e6,null,other,,2025-07-14 00:00:00,2025-07-21 23:59:59.999,2025-07-14 22:14:45.523663,ANONYMIZED,T_59e43ef6114f,INACTIVE,false
C_14b0ffa6f957,C_3d58e5e7e0ee,null,recommended,,2025-07-15 00:00:00,2025-07-22 23:59:59.999,2025-07-15 03:40:34.93773,ANONYMIZED,T_cf60f3564623,INACTIVE,false
C_8d976af710e5,C_a76ba8d9f482,null,trade-journal,,2025-07-15 00:00:00,2025-10-08 18:59:59.999,2025-07-15 08:30:16.733459,ANONYMIZED,T_59e43ef6114f,INACTIVE,true
C_98a2db58f3b8,C_560414fd6b14,Nordrhein-Westfalen,recommended,null,2025-07-15 00:00:00,2025-08-01 23:59:59.999,2025-07-15 10:31:16.411882,ACTIVE,T_59e43ef6114f,ACTIVE,false
C_67910b036459,C_5f67c1ab2602,null,recommended,,2025-07-16 00:00:00,2025-07-23 23:59:59.999,2025-07-16 09:17:26.594176,ANONYMIZED,T_59e43ef6114f,INACTIVE,false
C_1b3473b55ad8,C_06994704af48,null,other,,2025-07-17 00:00:00,2025-07-24 23:59:59.999,2025-07-17 12:31:26.779249,ANONYMIZED,T_59e43ef6114f,INACTIVE,false
C_67caed0d05e3,C_3677e088e0fd,null,search-engine,,2025-07-17 00:00:00,2025-07-24 23:59:59.999,2025-07-17 20:04:07.249554,ANONYMIZED,T_152ca06f214e,INACTIVE,false
C_7fcdf4ecdb46,C_f06b347ec5ef,null,email,,2025-07-18 00:00:00,2025-07-25 23:59:59.999,2025-07-18 06:30:21.190612,ANONYMIZED,T_152ca06f214e,INACTIVE,false
C_2f5bf561a164,C_432f11abc235,null,other,,2025-07-19 00:00:00,2025-07-26 23:59:59.999,2025-07-19 05:48:40.400449,ANONYMIZED,T_261633459b54,INACTIVE,false
C_b99f3444003b,C_ac5b1e92678c,null,recommended,,2025-07-20 00:00:00,2025-07-27 23:59:59.999,2025-07-20 11:10:43.943268,ANONYMIZED,T_cf60f3564623,INACTIVE,false
C_7f705e27ee86,C_bdadf3d7948a,null,recommended,,2025-07-20 00:00:00,2025-07-27 23:59:59.999,2025-07-20 16:47:28.836306,ANONYMIZED,T_cf60f3564623,INACTIVE,false
C_0524d5d40a18,C_e6242df16d82,null,recommended,,2025-07-21 00:00:00,2025-07-28 23:59:59.999,2025-07-21 11:39:33.378871,ANONYMIZED,T_59e43ef6114f,INACTIVE,false
C_191ed4201b04,C_86472cff7537,null,other,,2025-07-22 00:00:00,2025-07-29 23:59:59.999,2025-07-22 11:42:09.73558,ANONYMIZED,T_152ca06f214e,INACTIVE,false
C_1c091f2ae39e,C_502cb7c57003,null,other,,2025-07-22 00:00:00,2025-07-29 23:59:59.999,2025-07-22 12:30:28.774004,ANONYMIZED,T_152ca06f214e,INACTIVE,false
C_8ecc7b53b3fd,C_574e60173bca,null,mail,,2025-07-22 00:00:00,2025-07-29 23:59:59.999,2025-07-22 14:54:23.530627,ANONYMIZED,T_930aa49bdfa0,INACTIVE,false
C_83fad0ce8d09,C_ae250cc56e55,Schleswig-Holstein,recommended,null,2025-07-22 00:00:00,2025-07-29 23:59:59.999,2025-07-22 21:53:26.731457,ACTIVE,T_152ca06f214e,ACTIVE,false
C_9b01126b6f7f,C_d26ce03fdd2a,null,Partner / Koop,,2025-07-23 00:00:00,2025-07-30 23:59:59.999,2025-07-23 12:00:17.167819,ANONYMIZED,T_59e43ef6114f,INACTIVE,false
C_b27ff44216b5,C_4de65272d3cb,null,Bereits Kunde,,2025-07-24 00:00:00,2025-07-31 23:59:59.999,2025-07-24 09:27:42.076734,ANONYMIZED,T_261633459b54,INACTIVE,false
C_b55c86fd1a3b,C_0e4c251a76b1,null,Sonstiges,,2025-07-24 00:00:00,2025-07-31 23:59:59.999,2025-07-24 19:44:45.698206,ANONYMIZED,T_261633459b54,INACTIVE,false
C_86fb3aa6b19c,C_fc006aeb8e92,null,Sonstiges,,2025-07-28 00:00:00,2025-08-04 23:59:59.999,2025-07-28 06:24:36.443564,ANONYMIZED,T_59e43ef6114f,INACTIVE,false
C_2209bc63f2cd,C_95bdb96ba04c,null,Online-Ad,,2025-07-28 00:00:00,2025-08-04 23:59:59.999,2025-07-28 08:23:06.542834,ANONYMIZED,T_cf60f3564623,INACTIVE,false
C_4001c5d08852,C_b7ecf8da8f7f,null,Sonstiges,,2025-07-28 00:00:00,2025-08-04 23:59:59.999,2025-07-28 16:10:43.526574,ANONYMIZED,T_59e43ef6114f,INACTIVE,false
C_2baf88f3d045,C_0123b74c2da3,null,Frühere Einrichtung,,2025-07-28 00:00:00,2025-08-04 23:59:59.999,2025-07-28 18:29:00.764474,ANONYMIZED,T_cf60f3564623,INACTIVE,false
C_8e2bcfeee995,C_7faeeb061da4,null,Sonstiges,,2025-07-30 00:00:00,2025-08-06 23:59:59.999,2025-07-30 07:44:35.224035,ANONYMIZED,T_59e43ef6114f,INACTIVE,false
C_52a478ad447b,C_8697f682329a,Hessen,Sonstiges,null,2025-07-30 00:00:00,2025-08-06 23:59:59.999,2025-07-30 14:11:23.026852,ACTIVE,T_59e43ef6114f,ACTIVE,false
C_d97eee243c16,C_73de9c828e7c,null,Sonstiges,,2025-08-03 00:00:00,2025-08-10 23:59:59.999,2025-08-03 19:41:14.432942,ANONYMIZED,T_cf60f3564623,INACTIVE,false
C_1a4049faf3d5,C_b59529a1c928,null,Bereits Kunde,,2025-08-04 00:00:00,2025-08-11 23:59:59.999,2025-08-04 11:49:01.646037,ANONYMIZED,T_cf60f3564623,INACTIVE,false
C_992683044ae7,C_05af13f40ee0,null,Sonstiges,,2025-08-04 00:00:00,2025-08-11 23:59:59.999,2025-08-04 13:42:27.438167,ANONYMIZED,T_cf60f3564623,INACTIVE,false
C_b443d3e134df,C_aa2b4eecdda1,null,Frühere Einrichtung,,2025-08-04 00:00:00,2025-08-11 23:59:59.999,2025-08-04 19:18:18.976299,ANONYMIZED,T_cf60f3564623,INACTIVE,false
C_403d818a3dfd,C_200157b401e1,null,Sonstiges,,2025-08-05 00:00:00,2025-08-12 23:59:59.999,2025-08-05 17:34:51.106936,ANONYMIZED,T_152ca06f214e,INACTIVE,false
C_0922a3c1165c,C_fcf59b455c6e,null,Suchmaschine,,2025-08-07 00:00:00,2025-08-14 23:59:59.999,2025-08-07 07:59:46.927583,ANONYMIZED,T_cf60f3564623,INACTIVE,false
C_9f0bcee2e349,C_f75493c795e7,Schleswig-Holstein,Sonstiges,null,2025-08-08 00:00:00,2025-08-15 23:59:59.999,2025-08-08 06:03:19.375644,ACTIVE,T_59e43ef6114f,ACTIVE,false
C_4c906baecd31,C_8afa1579490c,null,Frühere Einrichtung,,2025-08-11 00:00:00,2025-08-18 23:59:59.999,2025-08-11 14:00:49.392583,ANONYMIZED,T_930aa49bdfa0,INACTIVE,false
C_58decca77756,C_e26c90198b4f,Berlin,Sonstiges,null,2025-08-11 00:00:00,2025-08-18 23:59:59.999,2025-08-11 14:13:04.122913,ACTIVE,T_59e43ef6114f,ACTIVE,false
C_0492163c339c,C_aff52c5d7162,null,Sonstiges,,2025-08-12 00:00:00,2025-08-19 23:59:59.999,2025-08-12 07:00:07.101239,ANONYMIZED,T_930aa49bdfa0,INACTIVE,false
C_f4a77d4181de,C_890af25711b9,null,Sonstiges,,2025-08-12 00:00:00,2025-08-19 23:59:59.999,2025-08-12 10:22:58.986453,ANONYMIZED,T_59e43ef6114f,INACTIVE,false
C_78714c928bc7,C_2e3bcc69358d,null,Suchmaschine,,2025-08-12 00:00:00,2025-08-19 23:59:59.999,2025-08-12 13:35:25.147044,ANONYMIZED,T_59e43ef6114f,INACTIVE,false
C_0ea5ef2bb544,C_22ef2e9c0b58,null,Sonstiges,,2025-08-14 00:00:00,2025-08-21 23:59:59.999,2025-08-14 12:04:14.178313,ANONYMIZED,T_261633459b54,INACTIVE,false
C_f0b04122cf5e,C_4bcd36181d04,null,Sonstiges,,2025-08-14 00:00:00,2025-08-21 23:59:59.999,2025-08-14 13:09:38.630741,ANONYMIZED,T_cf60f3564623,INACTIVE,false
C_a7f16959a6ce,C_0572d62ffd86,null,Empfehlung,,2025-08-15 00:00:00,2025-08-22 23:59:59.999,2025-08-15 14:27:36.496004,ANONYMIZED,T_cf60f3564623,INACTIVE,false
C_bb756dca9dc3,C_53ae873d3467,null,Bereits Kunde,,2025-08-15 00:00:00,2025-08-22 23:59:59.999,2025-08-15 14:53:47.392896,ANONYMIZED,T_cf60f3564623,INACTIVE,false
C_a6d69207dc45,C_ed009768d675,null,partners-api,Partner Created Facility,2025-08-18 00:00:00,2025-08-18 23:59:59.999,2025-08-18 06:27:17.690251,ACTIVE,T_b36bb0c90929,ACTIVE,false
C_eef886522e0d,C_0cec666bd03c,null,Sonstiges,,2025-08-18 00:00:00,2025-08-25 23:59:59.999,2025-08-18 14:52:58.412589,ANONYMIZED,T_cf60f3564623,INACTIVE,false
C_33a29351021c,C_3a257f3a1430,Brandenburg,Sonstiges,null,2025-08-19 00:00:00,2025-09-01 23:59:59.999,2025-08-19 07:34:22.002711,ACTIVE,T_59e43ef6114f,ACTIVE,false
C_78f62290a461,C_470b56b56432,null,Empfehlung,,2025-08-19 00:00:00,2025-08-26 23:59:59.999,2025-08-19 09:20:02.911445,ANONYMIZED,T_261633459b54,INACTIVE,false
C_c98226becf1e,C_94bd89f8e390,null,Bereits Kunde,,2025-08-19 00:00:00,2025-08-26 23:59:59.999,2025-08-19 10:45:29.815305,ANONYMIZED,T_cf60f3564623,INACTIVE,false
C_0a0421c61d2a,C_090e68ae8745,Brandenburg,Sonstiges,null,2025-08-19 00:00:00,2025-09-30 23:59:59.999,2025-08-19 13:27:00.858942,ACTIVE,T_59e43ef6114f,ACTIVE,false
C_542213c6ba13,C_332dd41da725,null,Sonstiges,,2025-08-20 00:00:00,2025-08-27 23:59:59.999,2025-08-20 07:33:05.513646,ANONYMIZED,T_cf60f3564623,INACTIVE,false
C_19c4024f4ce3,C_4e12ab17e75f,null,Empfehlung,,2025-08-21 00:00:00,2025-08-28 23:59:59.999,2025-08-21 09:27:27.032333,ANONYMIZED,T_59e43ef6114f,INACTIVE,false
C_d615623836c3,C_d5020f65deed,null,Partner / Koop,,2025-08-21 00:00:00,2025-08-28 23:59:59.999,2025-08-21 12:07:15.444154,ANONYMIZED,T_930aa49bdfa0,INACTIVE,false
C_33330caee3c7,C_38f5bd3e446a,Baden-Württemberg,Suchmaschine,null,2025-08-22 00:00:00,2025-10-13 23:59:59.999,2025-08-22 08:24:48.328231,ACTIVE,T_59e43ef6114f,ACTIVE,false
C_d1196e7733f7,C_b18f160b53b1,null,Empfehlung,,2025-08-23 00:00:00,2025-08-30 23:59:59.999,2025-08-23 00:32:35.648548,ANONYMIZED,T_cf60f3564623,INACTIVE,false
C_77a79dcd99b6,C_8f7fd22a9580,null,Empfehlung,,2025-08-25 00:00:00,2025-09-01 23:59:59.999,2025-08-25 10:53:46.851642,ANONYMIZED,T_d3bc3404d076,INACTIVE,false
C_79302b6f83d2,C_90edcd71d21e,null,Sonstiges,,2025-08-25 00:00:00,2025-09-01 23:59:59.999,2025-08-25 11:48:46.255775,ANONYMIZED,T_152ca06f214e,INACTIVE,true
C_99c7db9e63c1,C_18acde52be25,null,Relias NL,,2025-08-25 00:00:00,2025-09-01 23:59:59.999,2025-08-25 11:52:51.287602,ANONYMIZED,T_152ca06f214e,INACTIVE,true
C_2b7cbd9e6ce7,C_30bb638afc49,null,Sonstiges,,2025-08-25 00:00:00,2025-09-01 23:59:59.999,2025-08-25 11:56:29.418633,ANONYMIZED,T_261633459b54,INACTIVE,false
C_fb6c3c864272,C_384078b9eabc,null,Bereits Kunde,,2025-08-26 00:00:00,2025-09-02 23:59:59.999,2025-08-26 09:48:45.340709,ANONYMIZED,T_152ca06f214e,INACTIVE,false
C_1d574895a2c8,C_f188f8885e07,null,Partner / Koop,,2025-08-27 00:00:00,2025-09-03 23:59:59.999,2025-08-27 12:56:41.911977,ANONYMIZED,T_261633459b54,INACTIVE,false
C_775e7a06d1fd,C_92238e7dfc50,null,Relias NL,,2025-08-28 00:00:00,2025-09-04 23:59:59.999,2025-08-28 19:12:43.875318,ANONYMIZED,T_261633459b54,INACTIVE,false
C_118cca37afad,C_e739b357dc5b,null,Partner / Koop,null,2025-08-29 00:00:00,2025-09-05 23:59:59.999,2025-08-29 08:42:34.717591,ACTIVE,T_152ca06f214e,ACTIVE,false
C_0df037a01422,C_ce306d1db7e1,null,Sonstiges,,2025-08-30 00:00:00,2025-09-06 23:59:59.999,2025-08-30 11:06:36.819221,ANONYMIZED,T_59e43ef6114f,INACTIVE,false
C_431f4cc92f0d,C_dc10d08a5703,null,Partner / Koop,,2025-08-31 00:00:00,2025-09-07 23:59:59.999,2025-08-31 04:44:49.417939,ANONYMIZED,T_152ca06f214e,INACTIVE,false
C_5517c82b3142,C_bd622dfa3ebd,null,Sonstiges,,2025-08-31 00:00:00,2025-09-07 23:59:59.999,2025-08-31 13:24:38.52222,ANONYMIZED,T_cf60f3564623,INACTIVE,false
C_ac6d7c1c3fd9,C_cade208e954e,null,Sonstiges,,2025-08-31 00:00:00,2025-09-07 23:59:59.999,2025-08-31 15:15:02.721854,ANONYMIZED,T_cf60f3564623,INACTIVE,false
C_6e276804b334,C_2ee564794d28,null,Partner / Koop,,2025-09-03 00:00:00,2025-09-10 23:59:59.999,2025-09-03 20:57:00.544436,ANONYMIZED,T_cf60f3564623,INACTIVE,false
C_c25a71f3dad3,C_4710b1a9091d,null,Suchmaschine,,2025-09-04 00:00:00,2025-09-11 23:59:59.999,2025-09-04 06:09:33.301534,ANONYMIZED,T_59e43ef6114f,INACTIVE,false
C_c05dd61aacd3,C_cca571f7bff7,Bayern,Sonstiges,null,2025-09-04 00:00:00,2025-11-01 23:59:59.999,2025-09-04 09:23:47.423751,ACTIVE,T_59e43ef6114f,ACTIVE,false
C_d59362168d68,C_a1b327522569,null,Sonstiges,,2025-09-05 00:00:00,2025-09-12 23:59:59.999,2025-09-05 11:28:29.395484,ANONYMIZED,T_930aa49bdfa0,INACTIVE,false
C_60373984b59a,C_58890d7b1b40,null,Partner / Koop,,2025-09-06 00:00:00,2025-09-13 23:59:59.999,2025-09-06 17:47:29.559282,ANONYMIZED,T_261633459b54,INACTIVE,false
C_2b1e9c561dc1,C_777d0f6afbe3,null,Sonstiges,,2025-09-07 00:00:00,2025-09-14 23:59:59.999,2025-09-07 10:51:12.263604,ANONYMIZED,T_cf60f3564623,INACTIVE,false
C_68d7509839d7,C_7f61f642d543,null,Online-Ad,,2025-09-07 00:00:00,2025-09-14 23:59:59.999,2025-09-07 18:54:58.023066,ANONYMIZED,T_cf60f3564623,INACTIVE,false
C_1de17dcff23f,C_8cef2eec0d31,null,Suchmaschine,,2025-09-08 00:00:00,2025-09-15 23:59:59.999,2025-09-08 07:16:14.050313,ANONYMIZED,T_59e43ef6114f,INACTIVE,false
C_1d49280e4caa,C_0254e899e97e,null,Sonstiges,,2025-09-08 00:00:00,2025-09-15 23:59:59.999,2025-09-08 23:14:36.416344,ANONYMIZED,T_cf60f3564623,INACTIVE,false
C_ee05154febc1,C_50d92b2598f3,null,Sonstiges,,2025-09-09 00:00:00,2025-09-16 23:59:59.999,2025-09-09 06:15:39.421426,ANONYMIZED,T_261633459b54,INACTIVE,false
C_f7baafbe1d08,C_6f9d52134937,null,Suchmaschine,,2025-09-09 00:00:00,2025-09-16 23:59:59.999,2025-09-09 18:08:21.719748,ANONYMIZED,T_152ca06f214e,INACTIVE,false
C_6954cb435d0f,C_0d182ec81f69,null,Sonstiges,,2025-09-10 00:00:00,2025-09-17 23:59:59.999,2025-09-10 09:40:57.378112,ANONYMIZED,T_261633459b54,INACTIVE,false
C_24da86624033,C_ce51479ed713,null,Sonstiges,,2025-09-10 00:00:00,2025-09-17 23:59:59.999,2025-09-10 14:47:19.958399,ANONYMIZED,T_59e43ef6114f,INACTIVE,false
C_48bfc1cb1fb6,C_98e4b25d3cfa,null,partners-api,Partner Created Facility,2025-09-11 00:00:00,2025-09-11 23:59:59.999,2025-09-11 10:08:45.685196,ACTIVE,T_b36bb0c90929,ACTIVE,false
C_3222707d6097,C_d2032c36e3bc,null,Sonstiges,,2025-09-11 00:00:00,2025-09-18 23:59:59.999,2025-09-11 10:41:06.829455,ANONYMIZED,T_59e43ef6114f,INACTIVE,false
C_3aba38b4a09d,C_2b3dee7d20e0,null,Empfehlung,null,2025-09-13 00:00:00,2025-09-20 23:59:59.999,2025-09-13 19:09:42.166131,ANONYMIZED,T_261633459b54,INACTIVE,false
C_c1bb65dc5812,C_8299017b9d17,null,Sonstiges,null,2025-09-14 00:00:00,2025-09-21 23:59:59.999,2025-09-14 08:45:57.75988,ANONYMIZED,T_152ca06f214e,INACTIVE,false
C_1f9015239a06,C_218554c810e4,null,Suchmaschine,null,2025-09-15 00:00:00,2025-09-22 23:59:59.999,2025-09-15 16:18:43.668124,ANONYMIZED,T_59e43ef6114f,INACTIVE,false
C_38e28368a6da,C_d25dbd908c93,null,Empfehlung,null,2025-09-16 00:00:00,2025-09-23 23:59:59.999,2025-09-16 05:13:13.31982,ANONYMIZED,T_cf60f3564623,INACTIVE,false
C_cb3a5341e2ad,C_a1708030bbd4,Brandenburg,Sonstiges,null,2025-09-16 00:00:00,2025-10-01 23:59:59.999,2025-09-16 10:41:41.601232,ACTIVE,T_59e43ef6114f,ACTIVE,false
C_4170a77aeec2,C_8ce23ead7894,null,Sonstiges,null,2025-09-16 00:00:00,2025-09-23 23:59:59.999,2025-09-16 12:59:45.789174,ANONYMIZED,T_261633459b54,INACTIVE,false
C_0bc87b4d843e,C_14164dde4cc5,null,Suchmaschine,null,2025-09-16 00:00:00,2025-09-23 23:59:59.999,2025-09-16 15:43:48.954833,ANONYMIZED,T_59e43ef6114f,INACTIVE,false
C_5eb8e0b7faba,C_05ba84dbad0f,null,Partner / Koop,null,2025-09-16 00:00:00,2025-09-23 23:59:59.999,2025-09-16 19:45:20.868496,ANONYMIZED,T_152ca06f214e,INACTIVE,false
C_49aa79def09f,C_385ad6554a85,null,Partner / Koop,null,2025-09-18 00:00:00,2025-09-25 23:59:59.999,2025-09-18 10:21:23.136525,ANONYMIZED,T_930aa49bdfa0,INACTIVE,false
C_9177107e8f74,C_490f7d6bbbd5,null,Frühere Einrichtung,null,2025-09-18 00:00:00,2025-09-25 23:59:59.999,2025-09-18 13:07:42.664876,ANONYMIZED,T_261633459b54,INACTIVE,false
C_bf3e97634c71,C_22eebd1abfd0,null,Partner / Koop,null,2025-09-18 00:00:00,2025-09-25 23:59:59.999,2025-09-18 17:40:01.673517,ANONYMIZED,T_cf60f3564623,INACTIVE,false
C_9ff5b1c624d6,C_dec445770b9a,null,Empfehlung,null,2025-09-18 00:00:00,2025-09-25 23:59:59.999,2025-09-18 19:06:07.916303,ANONYMIZED,T_261633459b54,INACTIVE,false
C_451cd1ad0f56,C_67d61a4a7bb3,null,Sonstiges,null,2025-09-19 00:00:00,2025-09-26 23:59:59.999,2025-09-19 09:06:34.833303,ANONYMIZED,T_930aa49bdfa0,INACTIVE,false
C_0c3d7d3bb9ac,C_d3a540eb4771,Nordrhein-Westfalen,Empfehlung,null,2025-09-19 00:00:00,2025-09-26 23:59:59.999,2025-09-19 10:35:46.423276,ANONYMIZED,T_59e43ef6114f,INACTIVE,false
C_f8d7a35030ce,C_0535af034ade,null,Bereits Kunde,null,2025-09-20 00:00:00,2025-09-27 23:59:59.999,2025-09-20 14:17:50.769757,ANONYMIZED,T_cf60f3564623,INACTIVE,false
C_dd7d40c5d42f,C_4e823105c086,null,Sonstiges,null,2025-09-21 00:00:00,2025-09-28 23:59:59.999,2025-09-21 10:00:20.516017,ANONYMIZED,T_261633459b54,INACTIVE,false
C_4cafd8d849c2,C_06914c92a3e5,null,Relias NL,null,2025-09-22 00:00:00,2025-09-29 23:59:59.999,2025-09-22 00:36:04.274528,ANONYMIZED,T_cf60f3564623,INACTIVE,false
C_24947c79b3c4,C_fd5ced00468b,null,Bereits Kunde,null,2025-09-22 00:00:00,2025-09-29 23:59:59.999,2025-09-22 06:24:12.652854,ANONYMIZED,T_cf60f3564623,INACTIVE,false
C_990baa1cd810,C_f675b490ddb3,null,Relias NL,null,2025-09-22 00:00:00,2025-09-29 23:59:59.999,2025-09-22 16:08:41.571205,ANONYMIZED,T_cf60f3564623,INACTIVE,false
C_4dbc1a58fb30,C_36a6259578e4,null,Empfehlung,null,2025-09-23 00:00:00,2025-09-30 23:59:59.999,2025-09-23 08:30:28.130734,ANONYMIZED,T_930aa49bdfa0,INACTIVE,true
C_041f376308e3,C_9278f24e6c73,null,Empfehlung,null,2025-09-23 00:00:00,2025-09-30 23:59:59.999,2025-09-23 08:49:14.335664,ANONYMIZED,T_930aa49bdfa0,INACTIVE,false
C_c4540da580d1,C_2c0639f54a44,Rheinland-Pfalz,Sonstiges,null,2025-09-24 00:00:00,2025-10-01 23:59:59.999,2025-09-24 09:15:12.535372,ACTIVE,T_59e43ef6114f,ACTIVE,false
C_f77883a8e27e,C_e248b58edbe2,Mecklenburg-Vorpommern,Frühere Einrichtung,null,2025-09-24 00:00:00,2025-10-01 23:59:59.999,2025-09-24 13:06:48.279643,ANONYMIZED,T_152ca06f214e,INACTIVE,false
C_596fdca2cd98,C_bdb375f07f5e,Sachsen,Sonstiges,null,2025-09-24 00:00:00,2025-09-30 23:59:59.999,2025-09-24 14:18:13.279981,ACTIVE,T_59e43ef6114f,ACTIVE,false
C_c2c3839c5c45,C_0b408c398337,null,Sonstiges,null,2025-09-24 00:00:00,2025-10-01 23:59:59.999,2025-09-24 17:42:42.527134,ANONYMIZED,T_261633459b54,INACTIVE,false
C_49670fd022a2,C_3ab6295a88be,null,Sonstiges,null,2025-09-25 00:00:00,2025-10-02 23:59:59.999,2025-09-25 07:35:33.009151,ANONYMIZED,T_cf60f3564623,INACTIVE,false
C_b0cbc086b9a8,C_617ed780358d,null,Sonstiges,null,2025-09-28 00:00:00,2025-10-05 23:59:59.999,2025-09-28 08:39:27.347185,ANONYMIZED,T_152ca06f214e,INACTIVE,false
C_6787d18725cc,C_d8886e1d15f4,null,Empfehlung,null,2025-09-28 00:00:00,2025-10-05 23:59:59.999,2025-09-28 10:40:05.087333,ANONYMIZED,T_59e43ef6114f,INACTIVE,false
C_0e44891f82cb,C_4acf244caa86,Nordrhein-Westfalen,Sonstiges,null,2025-09-28 00:00:00,2025-10-05 23:59:59.999,2025-09-28 13:22:17.645482,ANONYMIZED,T_261633459b54,INACTIVE,false
C_adccdc9c504c,C_7edaf3565af0,null,Bereits Kunde,null,2025-09-29 00:00:00,2025-10-06 23:59:59.999,2025-09-29 10:40:25.251298,ANONYMIZED,T_261633459b54,INACTIVE,true
C_8a30329700a1,C_538614a02a5f,null,Bereits Kunde,null,2025-09-29 00:00:00,2025-10-06 23:59:59.999,2025-09-29 11:00:12.819723,ANONYMIZED,T_cf60f3564623,INACTIVE,false
C_34cc34f3ab40,C_2ddd2fd692ea,Bayern,Empfehlung,null,2025-09-29 00:00:00,2025-10-06 23:59:59.999,2025-09-29 18:59:31.149654,ANONYMIZED,T_261633459b54,INACTIVE,false
C_a1438868292d,C_55afea4fa220,null,Suchmaschine,null,2025-10-01 00:00:00,2025-10-08 23:59:59.999,2025-10-01 10:33:02.539405,ANONYMIZED,T_59e43ef6114f,INACTIVE,false
C_8ea5c910e74b,C_bc65dc1defda,null,Sonstiges,null,2025-10-01 00:00:00,2025-10-08 23:59:59.999,2025-10-01 11:46:57.89214,ANONYMIZED,T_59e43ef6114f,INACTIVE,false
C_31b4391a712e,C_b283689cc388,Rheinland-Pfalz,Sonstiges,null,2025-10-01 00:00:00,2025-10-08 23:59:59.999,2025-10-01 13:02:11.366068,ACTIVE,T_59e43ef6114f,ACTIVE,false
C_6734aefe28ac,C_23261ddb7002,null,Bereits Kunde,null,2025-10-01 00:00:00,2025-10-08 23:59:59.999,2025-10-01 17:44:21.02637,ANONYMIZED,T_cf60f3564623,INACTIVE,false
C_79b34d3d1394,C_fa8675573b08,Nordrhein-Westfalen,Sonstiges,null,2025-10-01 00:00:00,2025-10-08 23:59:59.999,2025-10-01 21:25:57.727338,ANONYMIZED,T_cf60f3564623,INACTIVE,false
C_40037a8b9505,C_ff11bd193af8,null,Bereits Kunde,null,2025-10-02 00:00:00,2025-10-09 23:59:59.999,2025-10-02 11:07:00.423795,ANONYMIZED,T_cf60f3564623,INACTIVE,false
C_e0ab01fa3d17,C_bf0c91c179f1,null,Frühere Einrichtung,null,2025-10-03 00:00:00,2025-10-10 23:59:59.999,2025-10-03 11:39:02.205455,ANONYMIZED,T_cf60f3564623,INACTIVE,false
C_b2304c86c7fe,C_ab7a23087ba9,null,Sonstiges,null,2025-10-03 00:00:00,2025-10-10 23:59:59.999,2025-10-03 13:42:59.957421,ANONYMIZED,T_cf60f3564623,INACTIVE,false
C_c64ec94066cf,C_c329aed0c6d5,null,Suchmaschine,null,2025-10-04 00:00:00,2025-10-11 23:59:59.999,2025-10-04 07:40:23.939454,ANONYMIZED,T_59e43ef6114f,INACTIVE,true
C_a9bd6c414129,C_66b70f14c2ec,Berlin,Suchmaschine,null,2025-10-04 00:00:00,2025-10-11 23:59:59.999,2025-10-04 07:41:52.825847,ACTIVE,T_59e43ef6114f,ACTIVE,false
C_42cf0ed13a29,C_b6b497cd1eb2,null,Bereits Kunde,null,2025-10-05 00:00:00,2025-10-12 23:59:59.999,2025-10-05 08:31:17.815168,ANONYMIZED,T_261633459b54,INACTIVE,false
C_51e7e4a9a141,C_b84b643bbbd4,null,Sonstiges,null,2025-10-07 00:00:00,2025-10-14 23:59:59.999,2025-10-07 09:06:22.077171,ANONYMIZED,T_cf60f3564623,INACTIVE,false
C_7ee162828a51,C_b37912923c14,Sachsen-Anhalt,Sonstiges,null,2025-10-08 00:00:00,2025-10-15 23:59:59.999,2025-10-08 09:56:44.283394,ACTIVE,T_59e43ef6114f,ACTIVE,false
C_b8dd17ea63f8,C_7798d8918dc8,null,Sonstiges,null,2025-10-08 00:00:00,2025-11-21 23:59:59.999,2025-10-08 13:48:08.886486,ANONYMIZED,T_59e43ef6114f,INACTIVE,false
C_b9cf164a690d,C_62541e7b95ae,null,Frühere Einrichtung,null,2025-10-09 00:00:00,2025-10-16 23:59:59.999,2025-10-09 06:44:48.32464,ANONYMIZED,T_152ca06f214e,INACTIVE,false
C_ab2eca30f86c,C_e6a6c21d20f1,null,Sonstiges,null,2025-10-11 00:00:00,2025-10-18 23:59:59.999,2025-10-11 12:04:08.442571,ANONYMIZED,T_261633459b54,INACTIVE,false
C_bbeff8ab45de,C_136a728c6055,null,Empfehlung,null,2025-10-14 00:00:00,2025-10-21 23:59:59.999,2025-10-14 16:27:20.112684,ANONYMIZED,T_cf60f3564623,INACTIVE,true
C_baa24af58da5,C_76eeb7b25805,null,Empfehlung,null,2025-10-14 00:00:00,2025-10-21 23:59:59.999,2025-10-14 16:29:50.66072,ANONYMIZED,T_cf60f3564623,INACTIVE,false
C_65218985da64,C_2e21acd43ae8,null,Sonstiges,null,2025-10-14 00:00:00,2025-10-21 23:59:59.999,2025-10-14 21:08:21.243396,ANONYMIZED,T_cf60f3564623,INACTIVE,false
C_cac45cb3c7ca,C_a6b2f85762be,null,Empfehlung,null,2025-10-16 00:00:00,2025-10-23 23:59:59.999,2025-10-16 05:35:02.186698,ANONYMIZED,T_152ca06f214e,INACTIVE,false
C_f8f45b748bef,C_1778c3c1b2d2,null,Sonstiges,null,2025-10-16 00:00:00,2025-10-23 23:59:59.999,2025-10-16 13:00:03.043746,ANONYMIZED,T_59e43ef6114f,INACTIVE,false
C_e68b18207aba,C_695abb9f5c70,null,Bereits Kunde,null,2025-10-16 00:00:00,2025-10-23 23:59:59.999,2025-10-16 19:53:00.788273,ANONYMIZED,T_cf60f3564623,INACTIVE,false
C_111a2d944cd0,C_b35ad277aee7,null,Social Media,null,2025-10-17 00:00:00,2025-10-24 23:59:59.999,2025-10-17 14:49:33.387448,ANONYMIZED,T_59e43ef6114f,INACTIVE,false
C_e1b66127847d,C_46f7de5d2883,null,Empfehlung,null,2025-10-18 00:00:00,2025-10-25 23:59:59.999,2025-10-18 10:29:31.524458,ANONYMIZED,T_930aa49bdfa0,INACTIVE,false
C_53d8df8e1527,C_9d0c150c8467,null,Sonstiges,null,2025-10-18 00:00:00,2025-10-25 23:59:59.999,2025-10-18 13:23:39.696004,ANONYMIZED,T_261633459b54,INACTIVE,false
C_4c8e5c84e1e4,C_74686ee6895b,null,Online-Ad,null,2025-10-20 00:00:00,2025-10-27 23:59:59.999,2025-10-20 12:34:51.774754,ANONYMIZED,T_59e43ef6114f,INACTIVE,false
C_94966eb764eb,C_e12d992d9c84,null,Suchmaschine,null,2025-10-20 00:00:00,2025-10-27 23:59:59.999,2025-10-20 13:41:19.728288,ACTIVE,T_261633459b54,ACTIVE,false
C_8b912d356be6,C_49eab11152fe,null,Empfehlung,null,2025-10-20 00:00:00,2025-10-27 23:59:59.999,2025-10-20 17:09:26.244464,ANONYMIZED,T_cf60f3564623,INACTIVE,false
C_0673ecc9dcb6,C_6b9979e4ddb5,null,partners-api,Partner Created Facility,2025-10-21 00:00:00,2025-10-21 23:59:59.999,2025-10-21 12:36:43.478238,ACTIVE,T_b36bb0c90929,ACTIVE,false
C_497b3c3b88a2,C_e21a03047764,null,Bereits Kunde,null,2025-10-22 00:00:00,2025-10-29 23:59:59.999,2025-10-22 13:31:48.554258,ANONYMIZED,T_cf60f3564623,INACTIVE,false
C_ae7bf4d341f0,C_10d9c815e156,null,Bereits Kunde,null,2025-10-22 00:00:00,2025-10-29 23:59:59.999,2025-10-22 17:09:46.35825,ANONYMIZED,T_cf60f3564623,INACTIVE,false
C_fea1580342f8,C_8f08f2ed9772,null,Sonstiges,null,2025-10-22 00:00:00,2025-10-29 23:59:59.999,2025-10-22 17:21:00.729321,ANONYMIZED,T_59e43ef6114f,INACTIVE,false
C_166a298a4ae9,C_f9f0f9c727fb,null,Empfehlung,null,2025-10-23 00:00:00,2025-10-30 23:59:59.999,2025-10-23 11:47:59.946001,ANONYMIZED,T_cf60f3564623,INACTIVE,false
C_bf8a19da74a0,C_c557179faee1,null,Suchmaschine,null,2025-10-23 00:00:00,2025-10-30 23:59:59.999,2025-10-23 18:01:00.438822,ANONYMIZED,T_152ca06f214e,INACTIVE,false
C_c238697a4694,C_db81aa7bb4be,null,Empfehlung,null,2025-10-24 00:00:00,2025-10-31 23:59:59.999,2025-10-24 13:47:07.467133,ANONYMIZED,T_cf60f3564623,INACTIVE,false
C_db4909cde40d,C_f6f40e362856,null,Sonstiges,null,2025-10-25 00:00:00,2025-11-01 23:59:59.999,2025-10-25 23:39:30.0019,ANONYMIZED,T_cf60f3564623,INACTIVE,false
C_1f9d697e8ed8,C_dbcb78ab16f5,null,Sonstiges,null,2025-10-26 00:00:00,2025-11-02 23:59:59.999,2025-10-26 13:51:28.503353,ANONYMIZED,T_cf60f3564623,INACTIVE,false
C_10e60ad3152f,C_217125ea10c3,Baden-Württemberg,Partner / Koop,null,2025-10-28 00:00:00,2025-11-04 23:59:59.999,2025-10-28 10:05:48.527303,ANONYMIZED,T_59e43ef6114f,INACTIVE,false
C_ef252593d29b,C_3e7ed2323cb4,null,Sonstiges,null,2025-10-28 00:00:00,2025-11-04 23:59:59.999,2025-10-28 10:24:55.47694,ANONYMIZED,T_cf60f3564623,INACTIVE,false
C_fdfca1baf259,C_774e1e49b402,null,Bereits Kunde,null,2025-10-28 00:00:00,2025-11-04 23:59:59.999,2025-10-28 15:31:18.567072,ANONYMIZED,T_cf60f3564623,INACTIVE,false
C_b32a6891e36e,C_f34308da2ae2,null,Bereits Kunde,null,2025-10-28 00:00:00,2025-11-04 23:59:59.999,2025-10-28 22:07:21.792969,ANONYMIZED,T_930aa49bdfa0,INACTIVE,false
C_d2a0a8c15424,C_37647f89c623,null,Sonstiges,null,2025-10-29 00:00:00,2025-11-05 23:59:59.999,2025-10-29 11:32:10.116756,ANONYMIZED,T_cf60f3564623,INACTIVE,false
C_0fdd3d20c77d,C_ccb3030a4890,null,partners-api,Partner Created Facility,2025-10-29 00:00:00,2025-10-29 23:59:59.999,2025-10-29 12:21:05.255465,ACTIVE,T_b36bb0c90929,ACTIVE,false
C_eb082bb87b52,C_69eaff7165c4,Baden-Württemberg,Empfehlung,null,2025-10-29 00:00:00,2025-11-05 23:59:59.999,2025-10-29 20:00:55.820605,ANONYMIZED,T_cf60f3564623,INACTIVE,false
C_8bb14f1293c1,C_836be82e06b7,Hessen,Sonstiges,null,2025-10-30 00:00:00,2025-11-06 23:59:59.999,2025-10-30 10:07:17.762655,ACTIVE,T_59e43ef6114f,ACTIVE,false
C_ad4d13dc49f0,C_a43f8c75b185,Brandenburg,Sonstiges,null,2025-10-30 00:00:00,2025-11-06 23:59:59.999,2025-10-30 11:22:57.869297,ACTIVE,T_59e43ef6114f,ACTIVE,false
C_4d655a77b21d,C_c6e431dc4385,Brandenburg,Suchmaschine,null,2025-10-31 00:00:00,2025-11-07 23:59:59.999,2025-10-31 10:17:22.002686,ACTIVE,T_59e43ef6114f,ACTIVE,false
C_b13ce887e239,C_b0d795d0c1ea,null,Suchmaschine,null,2025-10-31 00:00:00,2025-11-07 23:59:59.999,2025-10-31 23:26:40.054812,ANONYMIZED,T_cf60f3564623,INACTIVE,false
C_fdb99f79e90f,C_e0a350436175,null,Messe,null,2025-11-02 00:00:00,2025-11-09 23:59:59.999,2025-11-02 14:37:01.203835,ANONYMIZED,T_cf60f3564623,INACTIVE,false
C_aca6c2e0a20a,C_c89b32a2d702,null,Empfehlung,null,2025-11-03 00:00:00,2025-11-10 23:59:59.999,2025-11-03 00:05:24.454387,ANONYMIZED,T_152ca06f214e,INACTIVE,false
C_357d93d30272,C_2c134010c7b3,null,Empfehlung,null,2025-11-03 00:00:00,2025-11-10 23:59:59.999,2025-11-03 19:47:43.007373,ANONYMIZED,T_261633459b54,INACTIVE,false
C_8d1f663468c7,C_b80932f8ea70,null,Social Media,null,2025-11-04 00:00:00,2025-11-11 23:59:59.999,2025-11-04 08:09:55.298132,ANONYMIZED,T_cf60f3564623,INACTIVE,false
C_c1c62b95bb39,C_2407045da5aa,null,Bereits Kunde,null,2025-11-05 00:00:00,2025-11-12 23:59:59.999,2025-11-05 12:01:28.146274,ANONYMIZED,T_cf60f3564623,INACTIVE,false
C_3dc56a877fe9,C_73a366fbd0e5,null,Suchmaschine,null,2025-11-06 00:00:00,2025-11-13 23:59:59.999,2025-11-06 09:25:05.450067,ANONYMIZED,T_59e43ef6114f,INACTIVE,false
C_ce7c0ee4412c,C_02e1dbd5cc0e,null,Sonstiges,null,2025-11-07 00:00:00,2025-11-14 23:59:59.999,2025-11-07 11:34:31.771914,ANONYMIZED,T_59e43ef6114f,INACTIVE,false
C_496b031de967,C_f72fc4c14100,Baden-Württemberg,Sonstiges,null,2025-10-30 00:00:00,2025-10-31 23:59:59.999,2025-11-07 12:13:16.580386,ACTIVE,T_59e43ef6114f,ACTIVE,false
C_a31caaee0865,C_1853b083f749,null,Sonstiges,null,2025-11-08 00:00:00,2025-11-15 23:59:59.999,2025-11-08 11:55:31.58888,ANONYMIZED,T_cf60f3564623,INACTIVE,false
C_6ca77a089fb5,C_5bf7b2dfc125,null,Sonstiges,null,2025-11-09 00:00:00,2025-11-16 23:59:59.999,2025-11-09 10:09:17.447633,ANONYMIZED,T_152ca06f214e,INACTIVE,false
C_b8e2815c58b7,C_a05e8f879814,null,Sonstiges,null,2025-11-09 00:00:00,2025-11-16 23:59:59.999,2025-11-09 11:34:59.174053,ANONYMIZED,T_cf60f3564623,INACTIVE,false
C_96b65f144290,C_b9879bc78087,null,Empfehlung,null,2025-11-10 00:00:00,2025-11-17 23:59:59.999,2025-11-10 07:49:49.643928,ANONYMIZED,T_930aa49bdfa0,INACTIVE,false
C_f9218c2f1644,C_35b94c6e2099,null,Frühere Einrichtung,null,2025-11-11 00:00:00,2025-11-18 23:59:59.999,2025-11-11 08:27:41.246479,ANONYMIZED,T_cf60f3564623,INACTIVE,false
C_b951aef9a0d7,C_c1c8865f2ec9,null,Empfehlung,null,2025-11-11 00:00:00,2025-11-18 23:59:59.999,2025-11-11 13:41:02.592083,ANONYMIZED,T_cf60f3564623,INACTIVE,false
C_583940248eb8,C_885e05c18345,null,Sonstiges,null,2025-11-12 00:00:00,2025-11-19 23:59:59.999,2025-11-12 09:14:49.427425,ANONYMIZED,T_261633459b54,INACTIVE,false
C_6dbfae541c79,C_e48741f27104,null,Sonstiges,null,2025-11-13 00:00:00,2026-01-16 23:59:59.999,2025-11-13 08:53:44.392951,ACTIVE,T_59e43ef6114f,ACTIVE,false
C_1bc5ece5018a,C_6e0df977883c,null,Partner / Koop,null,2025-11-13 00:00:00,2025-11-20 23:59:59.999,2025-11-13 13:26:19.653874,ANONYMIZED,T_261633459b54,INACTIVE,false
C_50909d5c8ce6,C_2de4ee36c980,null,Empfehlung,null,2025-11-13 00:00:00,2025-11-20 23:59:59.999,2025-11-13 20:29:03.278422,ANONYMIZED,T_cf60f3564623,INACTIVE,false
C_a826b744b51c,C_da1cb00285ab,null,Empfehlung,null,2025-11-14 00:00:00,2025-11-21 23:59:59.999,2025-11-14 15:37:51.621652,ANONYMIZED,T_261633459b54,INACTIVE,false
C_056c297b0881,C_0b344990266d,Bayern,Suchmaschine,null,2025-11-14 00:00:00,2025-11-21 23:59:59.999,2025-11-14 17:04:56.241955,ANONYMIZED,T_261633459b54,INACTIVE,false
C_6fe4744bc0a4,C_89b192b037d8,null,Sonstiges,null,2025-11-15 00:00:00,2025-11-22 23:59:59.999,2025-11-15 12:58:11.061748,ANONYMIZED,T_152ca06f214e,INACTIVE,false
C_112cdbcc3eca,C_f9c30533eb96,null,Bereits Kunde,null,2025-11-16 00:00:00,2025-11-23 23:59:59.999,2025-11-16 10:54:34.376968,ANONYMIZED,T_59e43ef6114f,INACTIVE,false
C_f32aa866d75a,C_b6957f2afdca,null,Empfehlung,null,2025-11-17 00:00:00,2025-11-24 23:59:59.999,2025-11-17 13:10:21.796692,ANONYMIZED,T_cf60f3564623,INACTIVE,false
C_30b234ea93ed,C_74ace729c39f,null,Bereits Kunde,null,2025-11-18 00:00:00,2025-11-25 23:59:59.999,2025-11-18 10:02:43.366999,ANONYMIZED,T_cf60f3564623,INACTIVE,false
C_82efd4d38242,C_4296933bb45e,null,Sonstiges,null,2025-11-18 00:00:00,2025-11-25 23:59:59.999,2025-11-18 15:00:34.200707,ANONYMIZED,T_cf60f3564623,INACTIVE,false
C_8f66d7ab81c8,C_197556cd1056,null,Empfehlung,null,2025-11-19 00:00:00,2025-11-26 23:59:59.999,2025-11-19 11:29:01.18512,ANONYMIZED,T_152ca06f214e,INACTIVE,false
C_efebff7b6ba1,C_e6ff1085f03c,null,Sonstiges,null,2025-11-19 00:00:00,2025-11-26 23:59:59.999,2025-11-19 11:50:35.946588,ANONYMIZED,T_261633459b54,INACTIVE,false
C_450823561245,C_ae0eef185a59,null,Sonstiges,null,2025-11-19 00:00:00,2025-11-26 23:59:59.999,2025-11-19 12:45:45.307307,ANONYMIZED,T_59e43ef6114f,INACTIVE,false
C_eadc18e82c5b,C_8906f2f9f007,null,Sonstiges,null,2025-11-20 00:00:00,2025-11-27 23:59:59.999,2025-11-20 07:44:37.48978,ANONYMIZED,T_261633459b54,INACTIVE,false
C_8c0512c55edf,C_85fabd811e56,null,Empfehlung,null,2025-11-20 00:00:00,2025-11-27 23:59:59.999,2025-11-20 08:21:35.874226,ANONYMIZED,T_cf60f3564623,INACTIVE,false
C_da7529e6973f,C_85b323707092,null,Sonstiges,null,2025-11-20 00:00:00,2025-11-27 23:59:59.999,2025-11-20 10:56:37.469665,ANONYMIZED,T_cf60f3564623,INACTIVE,false
C_2125645f1a09,C_7d9f2ef8b43e,null,Partner / Koop,null,2025-11-20 00:00:00,2025-11-27 23:59:59.999,2025-11-20 15:40:49.552131,ANONYMIZED,T_261633459b54,INACTIVE,false
C_14a1c83183eb,C_1ed673244d45,Berlin,Bereits Kunde,null,2025-11-21 00:00:00,2025-12-04 23:59:59.999,2025-11-21 09:32:11.033105,ACTIVE,T_152ca06f214e,ACTIVE,false
C_e5173cf7ab3a,C_f6478964a44a,null,Suchmaschine,null,2025-11-21 00:00:00,2025-11-28 23:59:59.999,2025-11-21 09:55:33.627681,ANONYMIZED,T_261633459b54,INACTIVE,false
C_96ad8922f7f3,C_e050341fe3b7,null,Sonstiges,null,2025-11-21 00:00:00,2025-11-28 23:59:59.999,2025-11-21 14:56:03.188764,ANONYMIZED,T_59e43ef6114f,INACTIVE,false
C_1c92133a4593,C_25e3745ec249,Nordrhein-Westfalen,Partner / Koop,null,2025-11-21 00:00:00,2025-11-28 23:59:59.999,2025-11-21 23:15:30.048216,ANONYMIZED,T_261633459b54,INACTIVE,false
C_f03df8a9e1a8,C_5a4e7e452e85,Berlin,Partner / Koop,null,2025-11-23 00:00:00,2025-11-30 23:59:59.999,2025-11-23 14:10:03.76976,ANONYMIZED,T_59e43ef6114f,INACTIVE,false
C_7db85637bc72,C_f6b7d8ab5beb,null,Frühere Einrichtung,null,2025-11-24 00:00:00,2025-12-01 23:59:59.999,2025-11-24 02:37:31.776734,ANONYMIZED,T_cf60f3564623,INACTIVE,false
C_847ced66dcdc,C_3add0965f0dc,null,Empfehlung,null,2025-11-24 00:00:00,2025-12-01 23:59:59.999,2025-11-24 06:53:36.456242,ANONYMIZED,T_59e43ef6114f,INACTIVE,false
C_de32c45735b7,C_8c64e689f30e,Sachsen,Suchmaschine,null,2025-11-24 00:00:00,2025-12-01 23:59:59.999,2025-11-24 10:06:10.412198,ACTIVE,T_261633459b54,ACTIVE,false
C_9df7a723a2ac,C_cf5ac574a051,null,Empfehlung,null,2025-11-24 00:00:00,2025-12-01 23:59:59.999,2025-11-24 11:49:33.633451,ANONYMIZED,T_261633459b54,INACTIVE,false
C_cfb507b53d2c,C_d5777b15235f,null,Sonstiges,null,2025-11-24 00:00:00,2025-12-01 23:59:59.999,2025-11-24 13:55:34.798279,ANONYMIZED,T_152ca06f214e,INACTIVE,false
C_32a5d9cd8997,C_78ed0fc00f87,Schleswig-Holstein,Sonstiges,null,2025-12-04 00:00:00,2025-12-31 23:59:59.999,2025-12-04 08:09:24.56551,ACTIVE,T_152ca06f214e,ACTIVE,false
C_b659e12972b7,C_7b05d84cfd7c,Nordrhein-Westfalen,Sonstiges,null,2025-12-05 00:00:00,2025-12-31 23:59:59.999,2025-12-05 09:34:39.69243,ACTIVE,T_59e43ef6114f,ACTIVE,false
C_db485fc29389,C_061c6b19aa35,Niedersachsen,Sonstiges,null,2025-12-05 00:00:00,2026-01-26 23:59:59.999,2025-12-05 09:57:20.466525,ACTIVE,T_59e43ef6114f,ACTIVE,false
C_a4902a53d026,C_7e5c0d1bcd1e,null,Sonstiges,null,2025-12-11 00:00:00,2025-12-18 23:59:59.999,2025-12-11 13:03:45.929931,ANONYMIZED,T_cf60f3564623,INACTIVE,false
C_5be64f55d301,C_5e7af7a19988,null,Sonstiges,null,2025-12-11 00:00:00,2025-12-18 23:59:59.999,2025-12-11 17:27:06.744012,ANONYMIZED,T_261633459b54,INACTIVE,false
C_fbd2de0ee082,C_903f49945d65,null,partners-api,Partner Created Facility,2025-12-12 00:00:00,2025-12-12 23:59:59.999,2025-12-12 10:21:40.143628,ACTIVE,T_b36bb0c90929,ACTIVE,false
C_637e63e85cd5,C_005eaaa7d54f,null,partners-api,Partner Created Facility,2025-12-12 00:00:00,2025-12-12 23:59:59.999,2025-12-12 11:55:02.585122,ACTIVE,T_b36bb0c90929,ACTIVE,false
C_0f4c91858b1f,C_ce83c1c24205,null,Bereits Kunde,null,2025-12-12 00:00:00,2025-12-19 23:59:59.999,2025-12-12 12:48:25.565446,ANONYMIZED,T_152ca06f214e,INACTIVE,false
C_2fb6e236d30a,C_8591908f089e,null,Empfehlung,null,2025-12-16 00:00:00,2025-12-23 23:59:59.999,2025-12-16 11:31:18.063117,ANONYMIZED,T_59e43ef6114f,INACTIVE,false
C_80f3e9cf1040,C_cd33592fa614,Rheinland-Pfalz,Sonstiges,null,2025-12-17 00:00:00,2025-12-24 23:59:59.999,2025-12-17 13:23:34.87364,ANONYMIZED,T_261633459b54,INACTIVE,false
C_63ee5a9d9f7e,C_6f38800f0d40,null,partners-api,Partner Created Facility,2025-12-20 00:00:00,2025-12-20 23:59:59.999,2025-12-20 07:36:11.011907,ACTIVE,T_b36bb0c90929,ACTIVE,false
C_d7da5a5059b7,C_ccd86702acea,null,Suchmaschine,null,2025-12-24 00:00:00,2025-12-31 23:59:59.999,2025-12-24 11:02:59.945615,ANONYMIZED,T_59e43ef6114f,INACTIVE,false
C_1a5e4035b242,C_8d1983b1b01d,null,Sonstiges,null,2025-12-29 00:00:00,2026-01-05 23:59:59.999,2025-12-29 18:19:52.504312,ANONYMIZED,T_930aa49bdfa0,INACTIVE,false
C_697437901b85,C_04cb06025cab,null,partners-api,Partner Created Facility,2026-01-05 00:00:00,2026-01-05 23:59:59.999,2026-01-05 10:03:50.431442,ACTIVE,T_b36bb0c90929,ACTIVE,false
C_d7dc7f108df6,C_c74fa8197f20,Hessen,Sonstiges,null,2026-01-06 00:00:00,2026-01-19 23:59:59.999,2026-01-06 13:01:33.857973,ACTIVE,T_59e43ef6114f,ACTIVE,false
C_83cfe8e40e85,C_43e4628210d6,Berlin,Sonstiges,null,2025-12-31 00:00:00,2025-12-31 23:59:59.999,2026-01-06 14:44:21.513733,ACTIVE,T_59e43ef6114f,ACTIVE,false
C_b477db1b8ef4,C_12680af67278,null,partners-api,Partner Created Facility,2026-01-08 00:00:00,2026-01-08 23:59:59.999,2026-01-08 13:19:33.81505,ACTIVE,T_b36bb0c90929,ACTIVE,false
C_c3ac86ca5edd,C_63abc6b92a98,null,partners-api,Partner Created Facility,2026-01-09 00:00:00,2026-01-09 23:59:59.999,2026-01-09 10:20:48.058159,ACTIVE,T_b36bb0c90929,ACTIVE,false
C_ead3542c8a1e,C_b267a12d77e6,Bayern,Suchmaschine,null,2026-01-10 00:00:00,2026-01-17 23:59:59.999,2026-01-10 15:42:14.454914,ACTIVE,T_152ca06f214e,ACTIVE,false
C_6425e2fbfaad,C_4d9bea745027,Hamburg,Sonstiges,null,2025-12-30 00:00:00,2025-12-31 23:59:59.999,2026-01-15 11:59:39.039916,ANONYMIZED,T_59e43ef6114f,INACTIVE,false
C_7e49a62fdfff,C_bc55d322a8ba,Sachsen,Sonstiges,null,2026-01-16 00:00:00,2026-01-23 23:59:59.999,2026-01-16 12:00:17.91993,ACTIVE,T_59e43ef6114f,ACTIVE,false
C_abd641722c68,C_3f9d67aea7ea,null,Sonstiges,null,2026-01-19 00:00:00,2026-01-26 23:59:59.999,2026-01-19 07:09:12.0399,ANONYMIZED,T_261633459b54,INACTIVE,false
C_c3c2d6346906,C_ffcf8f604836,null,Suchmaschine,null,2026-01-26 00:00:00,2026-02-02 23:59:59.999,2026-01-26 09:57:48.441302,ANONYMIZED,T_261633459b54,INACTIVE,false
C_60b104cdff2b,C_0aa22a7b7409,null,Sonstiges,null,2026-01-27 00:00:00,2026-04-30 23:59:59.999,2026-01-27 12:53:01.176617,ANONYMIZED,T_cf60f3564623,INACTIVE,false
C_57949f053487,C_6ebae54f5663,null,partners-api,Partner Created Facility,2026-01-29 00:00:00,2026-01-29 23:59:59.999,2026-01-29 18:30:58.952751,ACTIVE,T_b36bb0c90929,ACTIVE,false
C_7bd34ad4f6e2,C_3654e62bbacb,null,Empfehlung,null,2026-01-30 00:00:00,2026-02-06 23:59:59.999,2026-01-30 07:19:10.287528,ANONYMIZED,T_cf60f3564623,INACTIVE,false
C_86e6dd3c8be2,C_19c72b2a9be7,Rheinland-Pfalz,Sonstiges,null,2026-02-02 00:00:00,2026-02-09 23:59:59.999,2026-02-02 09:33:34.426449,ACTIVE,T_152ca06f214e,ACTIVE,false
C_15e105dfb1dd,C_41468a899933,Hessen,Sonstiges,null,2026-02-02 00:00:00,2026-02-09 23:59:59.999,2026-02-02 10:51:13.44182,ACTIVE,T_152ca06f214e,ACTIVE,false
C_82d5b9b0ca4c,C_4900e041cc6f,null,Suchmaschine,null,2026-02-02 00:00:00,2026-02-09 23:59:59.999,2026-02-02 11:44:38.250291,ANONYMIZED,T_261633459b54,INACTIVE,false
C_d354e35ca5aa,C_d0e69b4d1ab0,null,Sonstiges,null,2026-02-03 00:00:00,2026-02-10 23:59:59.999,2026-02-03 14:08:28.235052,ANONYMIZED,T_cf60f3564623,INACTIVE,false
C_9fe931b59b5e,C_3893cf4f0593,null,Suchmaschine,null,2026-02-05 00:00:00,2026-02-18 23:59:59.999,2026-02-05 08:49:44.106746,ANONYMIZED,T_59e43ef6114f,INACTIVE,false
C_91a5c577a568,C_c5e29b27e786,null,Empfehlung,null,2026-02-05 00:00:00,2026-02-12 23:59:59.999,2026-02-05 18:02:31.328799,ANONYMIZED,T_cf60f3564623,INACTIVE,false
C_cdeae5959043,C_ab057cf2e608,null,Empfehlung,null,2026-02-06 00:00:00,2026-02-13 23:59:59.999,2026-02-06 09:14:47.998177,ANONYMIZED,T_cf60f3564623,INACTIVE,false
C_72527b81947b,C_6fd9216a0a3c,null,Suchmaschine,null,2026-02-06 00:00:00,2026-02-17 23:59:59.999,2026-02-06 11:52:55.983081,ANONYMIZED,T_59e43ef6114f,INACTIVE,false
C_1adda2468d9f,C_bdc5a81f315c,null,Online-Ad,null,2026-02-06 00:00:00,2026-02-13 23:59:59.999,2026-02-06 12:43:58.007007,ANONYMIZED,T_261633459b54,INACTIVE,false
C_00c477a8cc71,C_ca0dde89d108,null,Empfehlung,null,2026-02-11 00:00:00,2026-02-18 23:59:59.999,2026-02-11 08:04:02.853101,ANONYMIZED,T_261633459b54,INACTIVE,false
C_c59f3806b3cb,C_3cecdf3622a9,null,Empfehlung,null,2026-02-12 00:00:00,2026-02-19 23:59:59.999,2026-02-12 10:43:18.860042,ANONYMIZED,T_152ca06f214e,INACTIVE,false
C_22e041e746e2,C_ae52a662f549,null,Sonstiges,null,2026-02-12 00:00:00,2026-02-19 23:59:59.999,2026-02-12 13:26:16.410921,ANONYMIZED,T_261633459b54,INACTIVE,false
C_a8f87553e7a8,C_773379f83795,null,Suchmaschine,null,2026-02-15 00:00:00,2026-02-22 23:59:59.999,2026-02-15 11:28:29.549116,ANONYMIZED,T_152ca06f214e,INACTIVE,false
C_d48d56d16fa1,C_df9cf07380cc,null,Messe,null,2026-02-16 00:00:00,2026-02-23 23:59:59.999,2026-02-16 23:57:22.080982,ANONYMIZED,T_59e43ef6114f,INACTIVE,false
C_8b4dbeb45293,C_5e57f5b7d169,Baden-Württemberg,Sonstiges,null,2026-02-19 00:00:00,2026-02-26 23:59:59.999,2026-02-19 10:03:09.38829,ACTIVE,T_59e43ef6114f,ACTIVE,false
C_fb3cd5d06376,C_1873780638f4,null,Suchmaschine,null,2026-02-20 00:00:00,2026-02-27 23:59:59.999,2026-02-20 07:42:42.772057,ANONYMIZED,T_cf60f3564623,INACTIVE,false
C_21734d40d7da,C_680096c3aa72,Rheinland-Pfalz,Frühere Einrichtung,null,2026-02-22 00:00:00,2026-03-01 23:59:59.999,2026-02-22 13:56:51.213061,ACTIVE,T_59e43ef6114f,ACTIVE,false
C_479b625b1bb5,C_980776307093,Mecklenburg-Vorpommern,Empfehlung,null,2026-02-23 00:00:00,2026-03-02 23:59:59.999,2026-02-23 12:07:24.127203,ACTIVE,T_152ca06f214e,ACTIVE,false
C_ca3f83668896,C_baef8a338088,Berlin,Sonstiges,null,2026-02-23 00:00:00,2026-03-02 23:59:59.999,2026-02-23 13:11:34.948633,ACTIVE,T_59e43ef6114f,ACTIVE,false
C_82d82e50ffda,C_a9f9c515c141,null,Frühere Einrichtung,null,2026-02-23 00:00:00,2026-03-02 23:59:59.999,2026-02-23 19:54:23.19036,ANONYMIZED,T_59e43ef6114f,INACTIVE,false
C_1e37d3758775,C_7d80b82ae051,null,Suchmaschine,null,2026-02-24 00:00:00,2026-03-03 23:59:59.999,2026-02-24 07:41:11.809931,ACTIVE,T_152ca06f214e,ACTIVE,false
C_27f883a628af,C_b7f2eafd5428,Baden-Württemberg,Suchmaschine,null,2026-02-24 00:00:00,2026-03-03 23:59:59.999,2026-02-24 07:51:29.067325,INACTIVE,T_261633459b54,INACTIVE,false
C_5987be55c522,C_98731666787f,null,Suchmaschine,null,2026-02-25 00:00:00,2026-03-04 23:59:59.999,2026-02-25 10:57:58.954219,ANONYMIZED,T_59e43ef6114f,INACTIVE,false
C_11d5c9e718db,C_e774f1782d7b,null,Suchmaschine,null,2026-02-25 00:00:00,2026-03-04 23:59:59.999,2026-02-25 14:50:14.906996,ANONYMIZED,T_261633459b54,INACTIVE,false
C_29c1be9fee26,C_3f81d3969edd,null,Sonstiges,null,2026-02-26 00:00:00,2065-03-05 23:59:59.999,2026-02-26 07:33:19.231399,TRIAL,T_261633459b54,TRIAL,false
C_f248bede29e2,C_0561b7410dfe,Bayern,Sonstiges,null,2026-02-26 00:00:00,2026-04-10 23:59:59.999,2026-02-26 09:24:44.29697,ACTIVE,T_59e43ef6114f,ACTIVE,false
C_a2d5d3b4a8a9,C_cb708d0d607f,null,Sonstiges,null,2026-02-26 00:00:00,2026-03-05 23:59:59.999,2026-02-26 11:34:14.287291,ANONYMIZED,T_59e43ef6114f,INACTIVE,false
C_abde3cca160a,C_f7265195681f,null,Sonstiges,null,2026-03-02 00:00:00,2026-03-09 23:59:59.999,2026-03-02 10:10:06.764289,ANONYMIZED,T_cf60f3564623,INACTIVE,false
C_6b8e4a0ff99f,C_9c83d97d0271,null,Sonstiges,null,2026-03-10 00:00:00,2026-03-17 23:59:59.999,2026-03-10 11:53:37.998453,ANONYMIZED,T_59e43ef6114f,INACTIVE,false
C_b7508e9a166f,C_9e839c517ed9,null,Sonstiges,null,2026-03-10 00:00:00,2026-03-17 23:59:59.999,2026-03-10 12:50:37.365626,ANONYMIZED,T_cf60f3564623,INACTIVE,false
C_2aa8ac9d2d8a,C_4ad43fbe6a7b,null,partners-api,Partner Created Facility,2026-03-11 00:00:00,2026-03-11 23:59:59.999,2026-03-11 09:08:58.905523,ACTIVE,T_b36bb0c90929,ACTIVE,false
C_a614c8a68c2e,C_fa3809861736,null,Suchmaschine,null,2026-03-11 00:00:00,2026-03-18 23:59:59.999,2026-03-11 13:49:05.18626,ANONYMIZED,T_261633459b54,INACTIVE,false
C_1bc7be849fb2,C_da3d27a8851f,Nordrhein-Westfalen,Frühere Einrichtung,null,2026-03-12 00:00:00,2026-03-19 23:59:59.999,2026-03-12 06:29:11.827729,ACTIVE,T_cf60f3564623,ACTIVE,false
C_0f19951828e0,C_77564134d658,Nordrhein-Westfalen,Frühere Einrichtung,null,2026-03-12 00:00:00,2026-03-19 23:59:59.999,2026-03-12 10:15:44.413715,ACTIVE,T_261633459b54,ACTIVE,false
C_54ab9cc89551,C_29f9591ff478,null,Relias NL,null,2026-03-12 00:00:00,2026-03-19 23:59:59.999,2026-03-12 12:03:43.520937,ANONYMIZED,T_cf60f3564623,INACTIVE,false
C_0c2b3913a6e5,C_bdcf1b756426,null,Sonstiges,null,2026-03-13 00:00:00,2026-03-20 23:59:59.999,2026-03-13 07:09:31.25329,ANONYMIZED,T_cf60f3564623,INACTIVE,false
C_fafd4788daf1,C_4e9dfd271d3c,null,partners-api,Partner Created Facility,2026-03-13 00:00:00,2026-03-13 23:59:59.999,2026-03-13 13:20:46.508207,ACTIVE,T_b36bb0c90929,ACTIVE,false
C_61276d41e6ad,C_863cb2bb2ae6,null,Sonstiges,null,2026-03-16 00:00:00,2026-03-23 23:59:59.999,2026-03-16 10:07:57.635517,ANONYMIZED,T_cf60f3564623,INACTIVE,false
C_da2eb2b6bb15,C_909261339bd3,null,Suchmaschine,null,2026-03-16 00:00:00,2026-03-23 23:59:59.999,2026-03-16 13:51:05.114386,ANONYMIZED,T_59e43ef6114f,INACTIVE,false
C_f47f26b6debc,C_830343c5c82f,null,partners-api,Partner Created Facility,2026-03-17 00:00:00,2026-03-17 23:59:59.999,2026-03-17 10:24:20.036433,ACTIVE,T_b36bb0c90929,ACTIVE,false
C_ca5880e3ffcb,C_6f54fef4717a,null,Sonstiges,null,2026-03-18 00:00:00,2026-03-25 23:59:59.999,2026-03-18 09:59:38.009342,ANONYMIZED,T_cf60f3564623,INACTIVE,false
C_d9f604b01c13,C_73a6d0b9fcd2,null,partners-api,Partner Created Facility,2026-03-18 00:00:00,2026-03-18 23:59:59.999,2026-03-18 10:23:37.222644,ACTIVE,T_b36bb0c90929,ACTIVE,false
C_1b3d2e278253,C_7fa1c8e324b0,null,Sonstiges,null,2026-03-19 00:00:00,2026-03-26 23:59:59.999,2026-03-19 08:06:42.119437,ANONYMIZED,T_cf60f3564623,INACTIVE,false
C_2553c0adbcf1,C_543a9483918e,null,partners-api,Partner Created Facility,2026-03-19 00:00:00,2026-03-19 23:59:59.999,2026-03-19 09:41:02.155099,ACTIVE,T_b36bb0c90929,ACTIVE,false
C_186cdcc03a24,C_1786b26889f2,null,Messe,null,2026-03-19 00:00:00,2026-03-26 23:59:59.999,2026-03-19 11:57:45.600986,ANONYMIZED,T_cf60f3564623,INACTIVE,false
C_c43534565399,C_6b702aa1daae,null,Empfehlung,null,2026-03-20 00:00:00,2026-03-27 23:59:59.999,2026-03-20 07:50:08.985191,ANONYMIZED,T_59e43ef6114f,INACTIVE,true
C_f096079f1970,C_66f9cad9a06b,Nordrhein-Westfalen,Sonstiges,null,2026-03-20 00:00:00,2026-03-27 23:59:59.999,2026-03-20 08:07:58.373198,ANONYMIZED,T_59e43ef6114f,INACTIVE,false
C_bcc3f078c4d1,C_c58c1137a74e,null,Sonstiges,null,2026-03-23 00:00:00,2026-03-30 23:59:59.999,2026-03-23 13:13:48.40429,ANONYMIZED,T_261633459b54,INACTIVE,false
C_7ed8f537ee68,C_a2d7dc41a63f,null,Suchmaschine,null,2026-03-24 00:00:00,2026-03-31 23:59:59.999,2026-03-24 02:20:48.415014,ANONYMIZED,T_152ca06f214e,INACTIVE,false
C_305c6916fc2d,C_74d1bc374b67,null,Empfehlung,null,2026-03-24 00:00:00,2026-03-31 23:59:59.999,2026-03-24 08:33:16.552566,ANONYMIZED,T_cf60f3564623,INACTIVE,false
C_cc91ae5f7c12,C_baed71fdbf88,null,Sonstiges,null,2026-03-24 00:00:00,2026-03-31 23:59:59.999,2026-03-24 09:41:24.470903,ANONYMIZED,T_59e43ef6114f,INACTIVE,false
C_2c1d54aa1f3d,C_6ec9d9537637,null,partners-api,Partner Created Facility,2026-03-24 00:00:00,2026-03-24 23:59:59.999,2026-03-24 18:21:59.254508,ACTIVE,T_b36bb0c90929,ACTIVE,false
C_f46a34bf14b0,C_ef5593b1a456,null,Sonstiges,null,2026-03-25 00:00:00,2026-04-01 23:59:59.999,2026-03-25 15:06:28.889595,ANONYMIZED,T_cf60f3564623,INACTIVE,false
C_114112f6dd0e,C_9694e5d5363f,Bayern,Sonstiges,12 Monatsvertrag,2026-03-27 00:00:00,2026-04-03 23:59:59.999,2026-03-27 10:23:08.186511,ACTIVE,T_cf60f3564623,ACTIVE,false
C_b4e035e5b1a7,C_2a4a6ca0263b,null,Messe,null,2026-03-27 00:00:00,2030-04-03 23:59:59.999,2026-03-27 10:40:20.401728,TRIAL,null,TRIAL,false
C_c433680f660b,C_4aaf4d9e2cc1,null,Suchmaschine,null,2026-03-30 00:00:00,2026-04-06 23:59:59.999,2026-03-30 05:44:20.223557,ANONYMIZED,T_261633459b54,INACTIVE,false
C_1886e5e81228,C_72919bed660f,null,Print-Ad,null,2026-03-30 00:00:00,2026-04-06 23:59:59.999,2026-03-30 13:09:13.335114,ANONYMIZED,T_59e43ef6114f,INACTIVE,false
C_9cf0740d13fc,C_3eb9092ba2fd,null,Social Media,null,2026-03-30 00:00:00,2026-04-06 23:59:59.999,2026-03-30 13:19:01.867549,ANONYMIZED,T_cf60f3564623,INACTIVE,false
C_4e483ce5d93f,C_cbc4b6d8b88e,null,Suchmaschine,null,2026-03-30 00:00:00,2026-04-06 23:59:59.999,2026-03-30 13:26:50.850092,ANONYMIZED,T_59e43ef6114f,INACTIVE,false
C_9e03eaf0d00d,C_48a894c96fc6,null,Frühere Einrichtung,null,2026-03-31 00:00:00,2026-04-07 23:59:59.999,2026-03-31 08:06:33.429473,ANONYMIZED,T_152ca06f214e,INACTIVE,false
C_a537a639af02,C_46cc7e71b888,Rheinland-Pfalz,Sonstiges,12 Monatsvertrag,2026-03-31 00:00:00,2026-04-01 23:59:59.999,2026-03-31 11:07:39.783527,ACTIVE,T_59e43ef6114f,ACTIVE,false
C_f4d714b772fb,C_71e9406b0a23,Nordrhein-Westfalen,Sonstiges,12 Monatsvertrag,2026-03-31 00:00:00,2026-04-07 23:59:59.999,2026-03-31 13:00:55.558472,ANONYMIZED,T_930aa49bdfa0,INACTIVE,false
C_da71e2b88763,C_e5fc00072d19,Nordrhein-Westfalen,Sonstiges,12 Monatsvertrag,2026-03-31 00:00:00,2026-04-07 23:59:59.999,2026-03-31 14:35:30.097601,ACTIVE,T_59e43ef6114f,ACTIVE,false
C_183ae2bd1b29,C_11f130a1b0b1,null,Frühere Einrichtung,null,2026-03-31 00:00:00,2026-04-07 23:59:59.999,2026-03-31 16:41:36.288907,ANONYMIZED,T_59e43ef6114f,INACTIVE,false
C_faf760da67e7,C_33e7aa346b7f,null,Frühere Einrichtung,null,2026-04-03 00:00:00,2026-04-10 23:59:59.999,2026-04-03 15:00:48.182349,ANONYMIZED,T_cf60f3564623,INACTIVE,false
C_369945e49cff,C_46e6ae668c5e,null,Sonstiges,Telefonische Werbung,2026-04-14 00:00:00,2026-04-21 23:59:59.999,2026-04-14 09:24:26.150207,ANONYMIZED,T_cf60f3564623,INACTIVE,false
C_59a46ab52210,C_bb41de04061c,null,Sonstiges,Akquise durch ihre Mitarbeiter ,2026-04-15 00:00:00,2026-04-22 23:59:59.999,2026-04-15 12:18:22.5776,ANONYMIZED,T_cf60f3564623,INACTIVE,false
C_e164a919ea28,C_77a0be786cd4,Berlin,Sonstiges,12 Monatsvertrag,2026-03-31 00:00:00,2026-04-01 23:59:59.999,2026-04-15 12:24:11.445714,ACTIVE,T_59e43ef6114f,ACTIVE,false
C_3b11be841d5c,C_ac244e100b2f,null,Suchmaschine,null,2026-04-15 00:00:00,2026-04-22 23:59:59.999,2026-04-15 13:01:12.39747,ANONYMIZED,T_59e43ef6114f,INACTIVE,false
C_dbb3f915f473,C_b226acdde023,null,Sonstiges,Empfehlung,2026-04-17 00:00:00,2026-04-24 23:59:59.999,2026-04-17 10:27:21.80436,ANONYMIZED,T_59e43ef6114f,INACTIVE,false
C_840e836b13cb,C_bdae5a0f86bf,null,Suchmaschine,null,2026-04-20 00:00:00,2026-04-27 23:59:59.999,2026-04-20 09:15:40.664366,ANONYMIZED,T_59e43ef6114f,INACTIVE,false
C_76b120f0317e,C_b397bd6f97d5,Baden-Württemberg,Suchmaschine,null,2026-04-22 00:00:00,2026-04-29 23:59:59.999,2026-04-22 21:33:32.254168,ACTIVE,T_152ca06f214e,ACTIVE,false
C_ee497ffbb6f4,C_24d5453a0795,null,Suchmaschine,null,2026-04-24 00:00:00,2026-05-01 23:59:59.999,2026-04-24 14:12:30.444692,ANONYMIZED,T_d3bc3404d076,INACTIVE,false
C_3c974d765357,C_327220b01d6e,null,Partner / Koop,null,2026-04-24 00:00:00,2026-05-01 23:59:59.999,2026-04-24 16:11:39.992933,ANONYMIZED,T_152ca06f214e,INACTIVE,false
C_95e63500c2ae,C_3bf39b91cb50,null,Bereits Kunde,null,2026-04-28 00:00:00,2026-05-05 23:59:59.999,2026-04-28 09:54:51.084334,ANONYMIZED,T_261633459b54,INACTIVE,false
C_eb180882944c,C_70dadba46682,null,partners-api,Partner Created Facility,2026-04-28 00:00:00,2026-04-28 23:59:59.999,2026-04-28 11:38:57.973414,ACTIVE,T_b36bb0c90929,ACTIVE,false
C_09bbcacd93f2,C_a3973214b214,null,Suchmaschine,null,2026-04-29 00:00:00,2026-05-06 23:59:59.999,2026-04-29 07:43:48.316401,ANONYMIZED,T_59e43ef6114f,INACTIVE,false
C_acb4a4801c63,C_30b4a773e335,Niedersachsen,Sonstiges,12 Monatsvertrag,2026-05-08 00:00:00,2026-05-31 23:59:59.999,2026-05-08 10:45:15.385461,ACTIVE,T_152ca06f214e,ACTIVE,false
C_2f858ff5d325,C_93dd1ad9adbd,null,partners-api,Partner Created Facility,2026-05-11 00:00:00,2026-05-11 23:59:59.999,2026-05-11 10:43:53.201506,ACTIVE,T_b36bb0c90929,ACTIVE,false
C_9d73330ca832,C_09c0f4535920,null,Messe,null,2026-05-15 00:00:00,2026-05-22 23:59:59.999,2026-05-15 10:49:01.124912,ACTIVE,T_59e43ef6114f,ACTIVE,false
C_6e562c41d91c,C_6b6be1fb8813,null,partners-api,Partner Created Facility,2026-05-19 00:00:00,2026-05-19 23:59:59.999,2026-05-19 10:15:44.760822,ACTIVE,T_b36bb0c90929,ACTIVE,false
C_83188b96eba5,C_a0cae798103d,Nordrhein-Westfalen,Messe,null,2026-05-20 00:00:00,2026-05-27 23:59:59.999,2026-05-20 20:12:34.85043,ACTIVE,T_59e43ef6114f,ACTIVE,false
C_9eaa03b8ffe0,C_1ca84cd99183,null,Suchmaschine,null,2026-05-21 00:00:00,2026-05-28 23:59:59.999,2026-05-21 12:56:21.817058,ARCHIVED,T_59e43ef6114f,INACTIVE,false
C_887586981578,C_670698f37ced,null,Empfehlung,null,2026-05-26 00:00:00,2026-06-02 23:59:59.999,2026-05-26 12:23:11.374686,ARCHIVED,T_152ca06f214e,INACTIVE,false
C_199ad359152d,C_6a5a7b380a2c,null,partners-api,Partner Created Facility,2026-05-26 00:00:00,2026-05-26 23:59:59.999,2026-05-26 13:33:12.432203,ACTIVE,T_b36bb0c90929,ACTIVE,false
C_6ace543b5f9e,C_a1b432c059a8,null,partners-api,Partner Created Facility,2026-05-26 00:00:00,2026-05-26 23:59:59.999,2026-05-26 14:23:35.895748,ACTIVE,T_b36bb0c90929,ACTIVE,false
C_485c80826dc0,C_2642ae1d9619,null,Messe,null,2026-05-26 00:00:00,2026-06-02 23:59:59.999,2026-05-26 15:31:27.964534,ARCHIVED,T_59e43ef6114f,INACTIVE,false
C_99d69ff75bd5,C_7a245f28504b,null,partners-api,Partner Created Facility,2026-05-27 00:00:00,2026-05-27 23:59:59.999,2026-05-27 05:28:21.354751,ACTIVE,T_b36bb0c90929,ACTIVE,false
C_7ce6d7defeee,C_c4423771b98f,null,partners-api,Partner Created Facility,2026-05-28 00:00:00,2026-05-28 23:59:59.999,2026-05-28 09:24:23.365521,ACTIVE,T_b36bb0c90929,ACTIVE,false
C_9e880dcac359,C_a078dcdb4620,null,Messe,null,2026-06-01 00:00:00,2026-06-08 23:59:59.999,2026-06-01 09:29:32.318375,ARCHIVED,T_cf60f3564623,INACTIVE,false
C_723929274eed,C_11316cce2042,null,Social Media,null,2026-06-02 00:00:00,2026-06-09 23:59:59.999,2026-06-02 12:46:27.813828,ARCHIVED,T_cf60f3564623,INACTIVE,false
C_d90df244da14,C_cb2a3b71c0e1,null,Suchmaschine,null,2026-06-02 00:00:00,2026-06-09 23:59:59.999,2026-06-02 13:07:13.269516,ARCHIVED,T_cf60f3564623,INACTIVE,false
C_6ecab3a3b120,C_904ae88dfd8b,Niedersachsen,Sonstiges,12 Monatsvertrag,2026-06-04 00:00:00,2026-06-11 23:59:59.999,2026-06-04 11:05:22.590454,ACTIVE,T_cf60f3564623,ACTIVE,false
C_44c839f91aa9,C_4aa3e518b54c,Niedersachsen,Sonstiges,12 Monatsvertrag,2026-06-04 00:00:00,2026-06-11 23:59:59.999,2026-06-04 11:31:37.42584,ACTIVE,T_cf60f3564623,ACTIVE,false
C_cf4202e08da5,C_d8a185334cca,null,partners-api,Partner Created Facility,2026-06-05 00:00:00,2026-06-05 23:59:59.999,2026-06-05 13:57:28.572414,ACTIVE,T_b36bb0c90929,ACTIVE,false
C_713ed33429aa,C_f943f0a8566f,null,Online-Ad,null,2026-06-08 00:00:00,2026-06-30 23:59:59.999,2026-06-08 07:20:41.634043,INACTIVE,T_59e43ef6114f,INACTIVE,false
C_3555dd873593,C_91fee2224623,null,Sonstiges,wurde von Relias angesprochen/- schrieben,2026-06-11 00:00:00,2026-06-18 23:59:59.999,2026-06-11 06:55:10.117565,INACTIVE,T_cf60f3564623,INACTIVE,false
C_9b26a56b7fc6,C_c1b98a59c320,null,Sonstiges,Vertreter,2026-06-16 00:00:00,2026-06-23 23:59:59.999,2026-06-16 05:54:22.26113,INACTIVE,T_cf60f3564623,INACTIVE,false
C_4fdb7f7db38c,C_36c20808cd5d,null,partners-api,Partner Created Facility,2026-06-16 00:00:00,2026-06-16 23:59:59.999,2026-06-16 11:42:04.002782,ACTIVE,T_b36bb0c90929,ACTIVE,false
C_32d694a113c9,C_e21c539a1210,Nordrhein-Westfalen,Empfehlung,null,2026-06-18 00:00:00,2026-06-25 23:59:59.999,2026-06-18 12:18:44.242111,INACTIVE,T_cf60f3564623,INACTIVE,false
C_6b82508bb727,C_73918f45dbb6,null,Sonstiges,Arbeitgeber,2026-06-23 00:00:00,2026-06-30 23:59:59.999,2026-06-23 05:20:20.94039,INACTIVE,T_cf60f3564623,INACTIVE,false
C_e2cb118c9a7e,C_9a3c273c79bb,null,partners-api,Partner Created Facility,2026-06-23 00:00:00,2026-06-23 23:59:59.999,2026-06-23 09:59:15.632702,ACTIVE,T_b36bb0c90929,ACTIVE,false
C_80e0c66db083,C_7b874399d8da,null,Suchmaschine,null,2026-06-23 00:00:00,2026-06-30 23:59:59.999,2026-06-23 10:26:15.754715,INACTIVE,T_930aa49bdfa0,INACTIVE,false
C_d338ffa6e4b8,C_5e490edcbdb5,Hessen,Frühere Einrichtung,null,2026-06-25 00:00:00,2026-07-31 23:59:59.999,2026-06-25 14:47:18.060134,TRIAL,T_152ca06f214e,TRIAL,false
C_787aa70f4721,C_2f98b0f87333,null,partners-api,Partner Created Facility,2026-06-28 00:00:00,2026-06-28 23:59:59.999,2026-06-28 18:32:31.441285,ACTIVE,T_b36bb0c90929,ACTIVE,false
C_c05125da4b5b,C_45db2a6365dd,null,Suchmaschine,null,2026-06-28 00:00:00,2026-07-05 23:59:59.999,2026-06-28 20:08:15.79444,INACTIVE,T_152ca06f214e,INACTIVE,false
C_947678cae8ea,C_08faa5906e13,null,Social Media,null,2026-06-29 00:00:00,2026-07-06 23:59:59.999,2026-06-29 12:16:02.08781,INACTIVE,T_cf60f3564623,INACTIVE,false
C_e84f52ae5bbf,C_918710a87e46,null,Bereits Kunde,null,2026-06-30 00:00:00,2026-07-07 23:59:59.999,2026-06-30 05:33:59.749413,INACTIVE,T_152ca06f214e,INACTIVE,false
C_9dcf7aa29eb8,C_321bc345e8a2,null,Bereits Kunde,null,2026-07-01 00:00:00,2026-07-08 23:59:59.999,2026-07-01 07:25:29.537885,INACTIVE,T_152ca06f214e,INACTIVE,false
C_060cb97bfdc0,C_5b69511c2454,null,Print-Ad,null,2026-07-02 00:00:00,2026-07-09 23:59:59.999,2026-07-02 05:06:22.58727,INACTIVE,T_152ca06f214e,INACTIVE,false
C_b9c6c78f9edd,C_37374ae6e3cc,null,Suchmaschine,null,2026-07-03 00:00:00,2026-07-10 23:59:59.999,2026-07-03 07:08:05.685478,INACTIVE,T_152ca06f214e,INACTIVE,false
C_d437a7baa6ff,C_369398a873b5,null,Presse,null,2026-07-04 00:00:00,2026-07-11 23:59:59.999,2026-07-04 12:56:24.166705,INACTIVE,T_cf60f3564623,INACTIVE,false
C_0ded3c695411,C_58e0418c8bfe,null,partners-api,Partner Created Facility,2026-07-04 00:00:00,2026-07-04 23:59:59.999,2026-07-04 13:08:42.601579,ACTIVE,T_b36bb0c90929,ACTIVE,false
C_773949c19a04,C_0fa15dc3454a,null,Suchmaschine,null,2026-07-06 00:00:00,2026-07-13 23:59:59.999,2026-07-06 05:33:24.47602,INACTIVE,T_930aa49bdfa0,INACTIVE,false
C_a65c3bdc0f50,C_156e8e8ca534,null,Print-Ad,null,2026-07-09 00:00:00,2026-07-16 23:59:59.999,2026-07-09 12:59:40.52068,TRIAL,T_cf60f3564623,TRIAL,false
C_44e5e023c81e,C_25b941a7ca59,null,Suchmaschine,null,2026-07-09 00:00:00,2026-07-16 23:59:59.999,2026-07-09 17:19:48.551814,TRIAL,T_59e43ef6114f,TRIAL,false
C_b00bb13c5d89,C_c6e54b51615a,null,Suchmaschine,null,2026-07-13 00:00:00,2026-07-20 23:59:59.999,2026-07-13 07:53:08.640298,TRIAL,T_cf60f3564623,TRIAL,false
